crop_site_id,farmer_id,village_id,block_id,district_id,state_id,latitude_final,longitude_final,latitude,longitude,timestamp
1,105801.0,1058.0,1.0,Fategharh,Punjab,30.6,76.3,,,2017-04-05 05:21:09.632
1,105801.0,1058.0,1.0,Fategharh,Punjab,30.6,76.3,30.6,76.10000000000001,2017-01-20 21:03:22.000
1,105801.0,1058.0,1.0,Fategharh,Punjab,30.6,76.3,,,2017-04-05 05:21:09.632
1,105801.0,1058.0,1.0,Fategharh,Punjab,30.6,76.3,30.6,76.10000000000001,2017-01-10 22:02:24.999
1,105801.0,1058.0,1.0,Fategharh,Punjab,30.6,76.3,30.6,76.10000000000001,2016-12-29 00:33:59.999
1,105801.0,1058.0,1.0,Fategharh,Punjab,30.6,76.3,30.6,76.10000000000001,2017-01-15 22:39:54.000
1,105801.0,1058.0,1.0,Fategharh,Punjab,30.6,76.3,30.6,76.10000000000001,2017-01-03 05:25:01.000
1,105801.0,1058.0,1.0,Fategharh,Punjab,30.6,76.3,30.6,76.10000000000001,2016-12-10 23:32:00.000
1,105801.0,1058.0,1.0,Fategharh,Punjab,30.6,76.3,30.6,76.10000000000001,2016-12-05 01:15:00.000
1,105801.0,1058.0,1.0,Fategharh,Punjab,30.6,76.3,30.6,76.10000000000001,2016-12-13 23:45:00.000
1,105801.0,1058.0,1.0,Fategharh,Punjab,30.6,76.3,30.6,76.10000000000001,2016-12-26 00:49:59.999
1,105801.0,1058.0,1.0,Fategharh,Punjab,30.6,76.3,30.6,76.10000000000001,2017-01-07 00:05:29.999
1,105803.0,1058.0,1.0,Fategharh,Punjab,30.6,76.3,30.6,76.3,2017-04-08 07:08:19.000
1,105803.0,1058.0,1.0,Fategharh,Punjab,30.6,76.3,30.6,76.3,2017-01-31 02:18:57.000
1,105803.0,1058.0,1.0,Fategharh,Punjab,30.6,76.3,30.6,76.3,2016-12-24 00:08:00.000
1,105803.0,1058.0,1.0,Fategharh,Punjab,30.6,76.3,30.6,76.3,2016-12-24 00:10:00.000
1,105803.0,1058.0,1.0,Fategharh,Punjab,30.6,76.3,30.6,76.3,2017-01-03 02:10:42.000
1,105803.0,1058.0,1.0,Fategharh,Punjab,30.6,76.3,30.6,76.3,2017-04-01 06:01:35.999
1,105803.0,1058.0,1.0,Fategharh,Punjab,30.6,76.3,30.6,76.3,2017-03-04 01:31:15.000
1,105803.0,1058.0,1.0,Fategharh,Punjab,30.6,76.3,30.6,76.3,2017-03-04 01:30:27.000
1,105803.0,1058.0,1.0,Fategharh,Punjab,30.6,76.3,30.6,76.3,2016-11-25 23:57:00.000
1,105803.0,1058.0,1.0,Fategharh,Punjab,30.6,76.3,30.6,76.3,2017-01-31 02:19:58.000
1,105803.0,1058.0,1.0,Fategharh,Punjab,30.6,76.3,30.6,76.3,2016-12-08 01:25:59.999
1,105803.0,1058.0,1.0,Fategharh,Punjab,30.6,76.3,30.6,76.3,2016-11-30 22:50:00.000
1,105803.0,1058.0,1.0,Fategharh,Punjab,30.6,76.3,30.6,76.3,2017-02-18 01:07:08.000
1,105803.0,1058.0,1.0,Fategharh,Punjab,30.6,76.3,30.6,76.3,2016-12-29 00:11:00.000
1,105803.0,1058.0,1.0,Fategharh,Punjab,30.6,76.3,30.6,76.3,2017-03-30 05:52:05.999
1,105803.0,1058.0,1.0,Fategharh,Punjab,30.6,76.3,30.6,76.3,2017-01-27 23:07:12.000
1,105803.0,1058.0,1.0,Fategharh,Punjab,30.6,76.3,30.6,76.3,2017-01-07 02:38:02.000
1,105803.0,1058.0,1.0,Fategharh,Punjab,30.6,76.3,,,2017-04-05 04:28:43.904
1,105803.0,1058.0,1.0,Fategharh,Punjab,30.6,76.3,30.6,76.3,2017-01-24 01:44:59.999
1,105803.0,1058.0,1.0,Fategharh,Punjab,30.6,76.3,30.6,76.3,2016-11-26 00:03:00.000
1,105803.0,1058.0,1.0,Fategharh,Punjab,30.6,76.3,30.6,76.3,2017-02-18 01:05:38.000
1,105803.0,1058.0,1.0,Fategharh,Punjab,30.6,76.3,30.6,76.3,2017-01-07 02:36:53.000
1,105803.0,1058.0,1.0,Fategharh,Punjab,30.6,76.3,30.6,76.3,2016-12-26 22:44:59.999
1,105803.0,1058.0,1.0,Fategharh,Punjab,30.6,76.3,30.6,76.3,2017-02-04 00:19:04.000
1,105803.0,1058.0,1.0,Fategharh,Punjab,30.6,76.3,30.6,76.3,2016-12-06 02:15:00.000
1,105803.0,1058.0,1.0,Fategharh,Punjab,30.6,76.3,30.6,76.3,2017-01-24 01:43:22.999
1,105803.0,1058.0,1.0,Fategharh,Punjab,30.6,76.3,30.6,76.3,2017-01-13 23:58:02.000
1,105803.0,1058.0,1.0,Fategharh,Punjab,30.6,76.3,30.6,76.3,2017-01-04 22:52:33.000
1,105803.0,1058.0,1.0,Fategharh,Punjab,30.6,76.3,30.6,76.3,2016-12-06 02:16:59.999
1,105803.0,1058.0,1.0,Fategharh,Punjab,30.6,76.3,30.6,76.3,2017-02-16 02:15:38.999
1,105803.0,1058.0,1.0,Fategharh,Punjab,30.6,76.3,30.6,76.3,2017-02-02 05:19:03.999
1,105803.0,1058.0,1.0,Fategharh,Punjab,30.6,76.3,30.6,76.3,2017-02-07 00:31:29.999
1,105803.0,1058.0,1.0,Fategharh,Punjab,30.6,76.3,30.6,76.3,2016-12-17 00:48:00.000
1,105803.0,1058.0,1.0,Fategharh,Punjab,30.6,76.3,,,2017-04-05 04:28:43.904
1,105803.0,1058.0,1.0,Fategharh,Punjab,30.6,76.3,,,2017-04-05 04:28:43.904
1,105803.0,1058.0,1.0,Fategharh,Punjab,30.6,76.3,30.6,76.3,2016-12-15 01:02:00.000
1,105803.0,1058.0,1.0,Fategharh,Punjab,30.6,76.3,30.6,76.3,2017-02-07 00:32:14.999
1,105803.0,1058.0,1.0,Fategharh,Punjab,30.6,76.3,30.6,76.3,2017-01-13 23:58:48.000
1,105803.0,1058.0,1.0,Fategharh,Punjab,30.6,76.3,30.6,76.3,2017-02-25 01:18:27.000
1,105803.0,1058.0,1.0,Fategharh,Punjab,30.6,76.3,30.6,76.3,2017-01-03 02:09:57.999
1,105803.0,1058.0,1.0,Fategharh,Punjab,30.6,76.3,30.6,76.3,2017-02-02 05:18:12.000
1,105803.0,1058.0,1.0,Fategharh,Punjab,30.6,76.3,30.6,76.3,2017-04-04 03:12:54.000
1,105803.0,1058.0,1.0,Fategharh,Punjab,30.6,76.3,30.6,76.3,2016-11-30 22:47:00.000
1,105803.0,1058.0,1.0,Fategharh,Punjab,30.6,76.3,30.6,76.3,2017-01-27 23:09:17.000
1,105803.0,1058.0,1.0,Fategharh,Punjab,30.6,76.3,30.6,76.3,2016-12-12 23:13:59.999
1,105803.0,1058.0,1.0,Fategharh,Punjab,30.6,76.3,30.6,76.3,2017-02-25 01:19:17.000
1,105803.0,1058.0,1.0,Fategharh,Punjab,30.6,76.3,30.6,76.3,2017-02-04 00:22:27.000
1,105803.0,1058.0,1.0,Fategharh,Punjab,30.6,76.3,30.6,76.3,2016-12-15 01:01:00.000
1,105803.0,1058.0,1.0,Fategharh,Punjab,30.6,76.3,30.6,76.3,2016-12-08 01:25:00.000
1,105803.0,1058.0,1.0,Fategharh,Punjab,30.6,76.3,30.6,76.3,2016-11-28 23:22:00.000
1,105803.0,1058.0,1.0,Fategharh,Punjab,30.6,76.3,,,2017-04-05 04:28:43.904
1,105803.0,1058.0,1.0,Fategharh,Punjab,30.6,76.3,30.6,76.3,2017-03-23 03:40:43.999
1,105803.0,1058.0,1.0,Fategharh,Punjab,30.6,76.3,30.6,76.3,2017-03-07 02:36:21.000
1,105803.0,1058.0,1.0,Fategharh,Punjab,30.6,76.3,30.6,76.3,2017-03-21 03:44:55.999
1,105803.0,1058.0,1.0,Fategharh,Punjab,30.6,76.3,30.6,76.3,2017-03-07 02:37:03.000
1,105803.0,1058.0,1.0,Fategharh,Punjab,30.6,76.3,30.6,76.3,2017-02-16 02:16:21.000
1,105803.0,1058.0,1.0,Fategharh,Punjab,30.6,76.3,30.6,76.3,2017-04-13 08:16:26.000
1,105803.0,1058.0,1.0,Fategharh,Punjab,30.6,76.3,30.6,76.3,2017-02-09 02:21:23.999
1,105803.0,1058.0,1.0,Fategharh,Punjab,30.6,76.3,30.6,76.3,2016-12-12 23:10:59.999
1,105803.0,1058.0,1.0,Fategharh,Punjab,30.6,76.3,30.6,76.3,2017-01-04 22:51:05.000
1,105803.0,1058.0,1.0,Fategharh,Punjab,30.6,76.3,30.6,76.3,2016-12-17 00:46:59.999
1,105803.0,1058.0,1.0,Fategharh,Punjab,30.6,76.3,30.6,76.3,2017-02-09 02:22:25.000
1,105803.0,1058.0,1.0,Fategharh,Punjab,30.6,76.3,30.6,76.3,2016-11-28 23:25:00.000
1,105818.0,1058.0,1.0,Fategharh,Punjab,30.6,76.3,,,2017-04-05 05:47:22.496
1,105818.0,1058.0,1.0,Fategharh,Punjab,30.6,76.3,,,2017-04-05 05:47:22.496
1,105818.0,1058.0,1.0,Fategharh,Punjab,30.6,76.3,,,2017-04-05 05:47:22.496
1,105818.0,1058.0,1.0,Fategharh,Punjab,30.6,76.3,30.6,76.3,2017-01-16 01:55:46.000
1,105818.0,1058.0,1.0,Fategharh,Punjab,30.6,76.3,30.6,76.3,2017-02-18 00:55:25.000
1,105818.0,1058.0,1.0,Fategharh,Punjab,30.6,76.3,,,2017-04-05 05:47:22.496
1,105820.0,1058.0,1.0,Fategharh,Punjab,30.6,76.3,30.6,76.3,2016-12-12 02:45:59.999
1,105820.0,1058.0,1.0,Fategharh,Punjab,30.6,76.3,30.6,76.3,2016-12-30 01:36:00.000
1,105820.0,1058.0,1.0,Fategharh,Punjab,30.6,76.3,30.6,76.3,2017-02-03 01:41:34.000
1,105820.0,1058.0,1.0,Fategharh,Punjab,30.6,76.3,30.6,76.3,2017-01-20 23:16:37.000
1,105820.0,1058.0,1.0,Fategharh,Punjab,30.6,76.3,30.6,76.3,2016-12-14 00:01:00.000
1,105820.0,1058.0,1.0,Fategharh,Punjab,30.6,76.3,30.6,76.3,2016-12-06 23:41:00.000
1,105820.0,1058.0,1.0,Fategharh,Punjab,30.6,76.3,30.6,76.3,2016-12-15 23:10:59.999
1,105820.0,1058.0,1.0,Fategharh,Punjab,30.6,76.3,30.6,76.3,2017-01-06 00:24:36.000
1,105820.0,1058.0,1.0,Fategharh,Punjab,30.6,76.3,30.6,76.3,2017-02-08 02:34:25.999
1,105820.0,1058.0,1.0,Fategharh,Punjab,30.6,76.3,30.6,76.3,2016-12-22 22:47:00.000
1,105820.0,1058.0,1.0,Fategharh,Punjab,30.6,76.3,30.6,76.3,2016-12-06 23:45:59.999
1,105820.0,1058.0,1.0,Fategharh,Punjab,30.6,76.3,30.6,76.3,2017-01-19 23:40:50.000
1,105820.0,1058.0,1.0,Fategharh,Punjab,30.6,76.3,30.6,76.3,2016-11-29 23:31:00.000
1,105820.0,1058.0,1.0,Fategharh,Punjab,30.6,76.3,,,2017-04-15 04:55:23.392
1,105820.0,1058.0,1.0,Fategharh,Punjab,30.6,76.3,30.6,76.3,2017-01-03 23:45:16.000
1,105820.0,1058.0,1.0,Fategharh,Punjab,30.6,76.3,30.6,76.3,2016-12-21 00:51:00.000
1,105820.0,1058.0,1.0,Fategharh,Punjab,30.6,76.3,30.6,76.3,2017-01-15 23:52:50.000
1,105820.0,1058.0,1.0,Fategharh,Punjab,30.6,76.3,30.6,76.3,2017-03-19 23:59:15.999
1,105820.0,1058.0,1.0,Fategharh,Punjab,30.6,76.3,30.6,76.3,2017-01-29 23:03:56.000
1,105820.0,1058.0,1.0,Fategharh,Punjab,30.6,76.3,30.6,76.3,2017-01-10 23:11:17.000
1,105820.0,1058.0,1.0,Fategharh,Punjab,30.6,76.3,30.6,76.3,2016-12-06 23:48:00.000
1,105820.0,1058.0,1.0,Fategharh,Punjab,30.6,76.3,30.6,76.3,2017-02-06 01:06:48.999
1,105820.0,1058.0,1.0,Fategharh,Punjab,30.6,76.3,30.6,76.3,2017-01-01 23:02:19.000
1,105820.0,1058.0,1.0,Fategharh,Punjab,30.6,76.3,30.6,76.3,2017-03-29 00:13:08.000
1,105820.0,1058.0,1.0,Fategharh,Punjab,30.6,76.3,30.6,76.3,2016-12-04 23:51:59.999
1,105820.0,1058.0,1.0,Fategharh,Punjab,30.6,76.3,30.6,76.3,2017-03-29 23:37:38.000
1,105820.0,1058.0,1.0,Fategharh,Punjab,30.6,76.3,30.6,76.3,2017-01-08 22:45:02.000
1,105820.0,1058.0,1.0,Fategharh,Punjab,30.6,76.3,30.6,76.3,2017-01-03 23:47:49.999
1,105820.0,1058.0,1.0,Fategharh,Punjab,30.6,76.3,30.6,76.3,2017-04-02 23:42:16.000
1,105820.0,1058.0,1.0,Fategharh,Punjab,30.6,76.3,30.6,76.3,2017-03-18 00:24:10.999
1,105820.0,1058.0,1.0,Fategharh,Punjab,30.6,76.3,30.6,76.3,2017-02-15 01:01:33.999
1,105820.0,1058.0,1.0,Fategharh,Punjab,30.6,76.3,30.6,76.3,2017-03-07 04:18:54.000
1,105820.0,1058.0,1.0,Fategharh,Punjab,30.6,76.3,30.6,76.3,2017-03-14 03:38:17.000
1,105820.0,1058.0,1.0,Fategharh,Punjab,30.6,76.3,30.6,76.3,2016-12-28 00:01:00.000
1,105820.0,1058.0,1.0,Fategharh,Punjab,30.6,76.3,30.6,76.3,2017-01-26 22:48:13.000
1,105820.0,1058.0,1.0,Fategharh,Punjab,30.6,76.3,30.6,76.3,2017-04-11 00:33:21.000
1,105820.0,1058.0,1.0,Fategharh,Punjab,30.6,76.3,30.6,76.3,2017-04-05 05:03:05.000
1,105820.0,1058.0,1.0,Fategharh,Punjab,30.6,76.3,30.6,76.3,2017-04-07 00:04:27.999
1,105820.0,1058.0,1.0,Fategharh,Punjab,30.6,76.3,30.6,76.3,2016-12-22 22:43:00.000
1,105820.0,1058.0,1.0,Fategharh,Punjab,30.6,76.3,30.6,76.3,2016-12-18 23:58:00.000
1,105820.0,1058.0,1.0,Fategharh,Punjab,30.6,76.3,,,2017-04-15 04:55:23.392
1,105820.0,1058.0,1.0,Fategharh,Punjab,30.6,76.3,30.6,76.3,2017-04-12 23:57:52.999
1,105820.0,1058.0,1.0,Fategharh,Punjab,30.6,76.3,30.6,76.3,2016-12-05 00:00:00.000
1,105820.0,1058.0,1.0,Fategharh,Punjab,30.6,76.3,30.6,76.3,2017-01-25 03:17:50.000
3,105821.0,1058.0,1.0,Fategharh,Punjab,30.6,76.3,30.6,76.3,2016-12-20 23:58:59.999
3,105821.0,1058.0,1.0,Fategharh,Punjab,30.6,76.3,30.6,76.3,2017-02-11 22:58:47.000
3,105821.0,1058.0,1.0,Fategharh,Punjab,30.6,76.3,30.6,76.3,2016-12-02 22:56:00.000
3,105821.0,1058.0,1.0,Fategharh,Punjab,30.6,76.3,30.6,76.3,2016-12-02 22:57:59.999
3,105821.0,1058.0,1.0,Fategharh,Punjab,30.6,76.3,30.6,76.3,2016-12-07 01:15:00.000
3,105821.0,1058.0,1.0,Fategharh,Punjab,30.6,76.3,30.6,76.3,2017-04-10 23:08:25.000
3,105821.0,1058.0,1.0,Fategharh,Punjab,30.6,76.3,30.6,76.3,2017-02-02 01:17:05.000
3,105821.0,1058.0,1.0,Fategharh,Punjab,30.6,76.3,30.6,76.3,2017-02-19 23:25:29.000
3,105821.0,1058.0,1.0,Fategharh,Punjab,30.6,76.3,30.6,76.3,2016-12-05 01:50:59.999
3,105821.0,1058.0,1.0,Fategharh,Punjab,30.6,76.3,30.6,76.3,2017-02-09 00:29:12.000
3,105821.0,1058.0,1.0,Fategharh,Punjab,30.6,76.3,30.6,76.3,2016-11-28 00:33:00.000
3,105821.0,1058.0,1.0,Fategharh,Punjab,30.6,76.3,30.6,76.3,2016-12-16 00:35:00.000
3,105821.0,1058.0,1.0,Fategharh,Punjab,30.6,76.3,30.6,76.3,2017-01-08 23:51:45.000
3,105821.0,1058.0,1.0,Fategharh,Punjab,30.6,76.3,30.6,76.3,2017-04-05 02:45:56.000
3,105821.0,1058.0,1.0,Fategharh,Punjab,30.6,76.3,30.6,76.3,2016-12-17 01:20:00.000
3,105821.0,1058.0,1.0,Fategharh,Punjab,30.6,76.3,30.6,76.3,2017-01-03 22:39:35.000
3,105821.0,1058.0,1.0,Fategharh,Punjab,30.6,76.3,30.6,76.3,2017-03-02 23:15:17.000
3,105821.0,1058.0,1.0,Fategharh,Punjab,30.6,76.3,30.6,76.3,2017-03-27 22:43:25.000
3,105821.0,1058.0,1.0,Fategharh,Punjab,30.6,76.3,30.6,76.3,2017-03-13 02:09:32.000
3,105821.0,1058.0,1.0,Fategharh,Punjab,30.6,76.3,30.6,76.3,2017-01-21 00:13:54.000
3,105821.0,1058.0,1.0,Fategharh,Punjab,30.6,76.3,30.6,76.3,2017-01-21 00:43:20.000
3,105821.0,1058.0,1.0,Fategharh,Punjab,30.6,76.3,30.6,76.3,2017-01-16 00:24:05.000
3,105821.0,1058.0,1.0,Fategharh,Punjab,30.6,76.3,30.6,76.3,2017-01-03 22:44:24.000
3,105821.0,1058.0,1.0,Fategharh,Punjab,30.6,76.3,30.6,76.3,2016-12-31 00:10:01.000
3,105821.0,1058.0,1.0,Fategharh,Punjab,30.6,76.3,30.6,76.3,2016-11-21 01:38:00.000
3,105821.0,1058.0,1.0,Fategharh,Punjab,30.6,76.3,30.6,76.3,2016-12-21 00:00:00.000
3,105821.0,1058.0,1.0,Fategharh,Punjab,30.6,76.3,30.6,76.3,2017-02-03 23:31:44.000
3,105821.0,1058.0,1.0,Fategharh,Punjab,30.6,76.3,30.6,76.3,2017-02-09 00:22:41.000
3,105821.0,1058.0,1.0,Fategharh,Punjab,30.6,76.3,30.6,76.3,2016-12-23 22:40:00.000
3,105821.0,1058.0,1.0,Fategharh,Punjab,30.6,76.3,30.6,76.3,2016-12-10 00:08:59.999
3,105821.0,1058.0,1.0,Fategharh,Punjab,30.6,76.3,30.6,76.3,2017-02-02 01:17:41.999
3,105821.0,1058.0,1.0,Fategharh,Punjab,30.6,76.3,30.6,76.3,2017-02-16 23:09:46.999
3,105821.0,1058.0,1.0,Fategharh,Punjab,30.6,76.3,30.6,76.3,2016-12-18 23:41:00.000
3,105821.0,1058.0,1.0,Fategharh,Punjab,30.6,76.3,30.6,76.3,2016-12-18 23:39:59.999
3,105821.0,1058.0,1.0,Fategharh,Punjab,30.6,76.3,30.6,76.3,2017-01-30 01:47:18.000
3,105821.0,1058.0,1.0,Fategharh,Punjab,30.6,76.3,30.6,76.3,2016-12-28 23:55:00.000
3,105821.0,1058.0,1.0,Fategharh,Punjab,30.6,76.3,30.6,76.3,2016-11-21 01:34:59.999
3,105821.0,1058.0,1.0,Fategharh,Punjab,30.6,76.3,30.6,76.3,2016-12-26 01:09:00.000
3,105821.0,1058.0,1.0,Fategharh,Punjab,30.6,76.3,30.6,76.3,2017-03-29 00:23:19.999
3,105821.0,1058.0,1.0,Fategharh,Punjab,30.6,76.3,30.6,76.3,2017-02-07 02:00:43.999
3,105821.0,1058.0,1.0,Fategharh,Punjab,30.6,76.3,30.6,76.3,2017-02-14 22:57:47.000
3,105821.0,1058.0,1.0,Fategharh,Punjab,30.6,76.3,30.6,76.3,2017-03-24 00:01:11.000
3,105821.0,1058.0,1.0,Fategharh,Punjab,30.6,76.3,30.6,76.3,2016-12-10 00:07:00.000
3,105821.0,1058.0,1.0,Fategharh,Punjab,30.6,76.3,30.6,76.3,2017-03-27 22:42:12.999
3,105821.0,1058.0,1.0,Fategharh,Punjab,30.6,76.3,30.6,76.3,2016-11-29 23:19:00.000
3,105821.0,1058.0,1.0,Fategharh,Punjab,30.6,76.3,30.6,76.3,2017-04-05 02:44:41.000
3,105821.0,1058.0,1.0,Fategharh,Punjab,30.6,76.3,30.6,76.3,2016-11-28 00:39:00.000
3,105821.0,1058.0,1.0,Fategharh,Punjab,30.6,76.3,30.6,76.3,2017-02-28 22:46:40.000
3,105821.0,1058.0,1.0,Fategharh,Punjab,30.6,76.3,30.6,76.3,2016-12-23 22:38:00.000
3,105821.0,1058.0,1.0,Fategharh,Punjab,30.6,76.3,30.6,76.3,2017-02-09 00:28:29.000
3,105821.0,1058.0,1.0,Fategharh,Punjab,30.6,76.3,30.6,76.3,2017-04-01 00:55:33.000
3,105821.0,1058.0,1.0,Fategharh,Punjab,30.6,76.3,30.6,76.3,2017-01-02 22:57:27.000
3,105821.0,1058.0,1.0,Fategharh,Punjab,30.6,76.3,30.6,76.3,2017-02-16 23:09:17.000
3,105821.0,1058.0,1.0,Fategharh,Punjab,30.6,76.3,30.6,76.3,2016-12-05 01:53:00.000
3,105821.0,1058.0,1.0,Fategharh,Punjab,30.6,76.3,30.6,76.3,2017-03-15 01:37:00.000
3,105821.0,1058.0,1.0,Fategharh,Punjab,30.6,76.3,30.6,76.3,2017-02-03 23:31:09.000
3,105821.0,1058.0,1.0,Fategharh,Punjab,30.6,76.3,30.6,76.3,2017-03-07 22:32:04.000
3,105821.0,1058.0,1.0,Fategharh,Punjab,30.6,76.3,30.6,76.3,2017-02-13 01:39:12.000
3,105821.0,1058.0,1.0,Fategharh,Punjab,30.6,76.3,30.6,76.3,2017-04-05 02:45:19.999
3,105821.0,1058.0,1.0,Fategharh,Punjab,30.6,76.3,30.6,76.3,2017-01-07 00:26:54.000
3,105821.0,1058.0,1.0,Fategharh,Punjab,30.6,76.3,30.6,76.3,2017-02-14 22:57:19.000
3,105821.0,1058.0,1.0,Fategharh,Punjab,30.6,76.3,30.6,76.3,2017-01-16 00:24:40.999
3,105821.0,1058.0,1.0,Fategharh,Punjab,30.6,76.3,30.6,76.3,2016-12-23 22:37:00.000
3,105821.0,1058.0,1.0,Fategharh,Punjab,30.6,76.3,30.6,76.3,2017-02-28 22:46:08.000
3,105821.0,1058.0,1.0,Fategharh,Punjab,30.6,76.3,30.6,76.3,2017-03-29 00:22:34.000
3,105821.0,1058.0,1.0,Fategharh,Punjab,30.6,76.3,30.6,76.3,2016-12-07 01:15:59.999
3,105821.0,1058.0,1.0,Fategharh,Punjab,30.6,76.3,30.6,76.3,2016-11-29 23:23:00.000
3,105821.0,1058.0,1.0,Fategharh,Punjab,30.6,76.3,30.6,76.3,2016-11-23 01:36:00.000
3,105821.0,1058.0,1.0,Fategharh,Punjab,30.6,76.3,30.6,76.3,2017-01-07 00:26:06.000
3,105821.0,1058.0,1.0,Fategharh,Punjab,30.6,76.3,30.6,76.3,2017-03-02 23:14:44.000
3,105821.0,1058.0,1.0,Fategharh,Punjab,30.6,76.3,30.6,76.3,2017-01-25 00:01:05.999
3,105821.0,1058.0,1.0,Fategharh,Punjab,30.6,76.3,30.6,76.3,2017-02-22 00:07:26.000
3,105821.0,1058.0,1.0,Fategharh,Punjab,30.6,76.3,30.6,76.3,2016-12-02 22:59:00.000
3,105821.0,1058.0,1.0,Fategharh,Punjab,30.6,76.3,30.6,76.3,2016-12-21 00:03:00.000
3,105821.0,1058.0,1.0,Fategharh,Punjab,30.6,76.3,30.6,76.3,2017-03-13 02:08:25.000
3,105821.0,1058.0,1.0,Fategharh,Punjab,30.6,76.3,30.6,76.3,2017-02-11 22:59:30.999
3,105821.0,1058.0,1.0,Fategharh,Punjab,30.6,76.3,30.6,76.3,2016-11-29 23:16:00.000
3,105821.0,1058.0,1.0,Fategharh,Punjab,30.6,76.3,30.6,76.3,2016-12-28 23:54:00.000
3,105821.0,1058.0,1.0,Fategharh,Punjab,30.6,76.3,30.6,76.3,2017-01-10 23:00:19.999
3,105821.0,1058.0,1.0,Fategharh,Punjab,30.6,76.3,30.6,76.3,2017-03-27 22:44:05.999
3,105821.0,1058.0,1.0,Fategharh,Punjab,30.6,76.3,30.6,76.3,2016-12-31 00:08:13.999
3,105821.0,1058.0,1.0,Fategharh,Punjab,30.6,76.3,30.6,76.3,2017-02-14 22:56:45.000
3,105821.0,1058.0,1.0,Fategharh,Punjab,30.6,76.3,30.6,76.3,2017-02-22 00:06:54.000
3,105821.0,1058.0,1.0,Fategharh,Punjab,30.6,76.3,30.6,76.3,2017-03-24 00:22:50.000
3,105821.0,1058.0,1.0,Fategharh,Punjab,30.6,76.3,30.6,76.3,2017-04-04 00:09:20.999
3,105821.0,1058.0,1.0,Fategharh,Punjab,30.6,76.3,30.6,76.3,2016-12-31 00:03:44.000
3,105821.0,1058.0,1.0,Fategharh,Punjab,30.6,76.3,30.6,76.3,2016-12-16 00:36:59.999
3,105821.0,1058.0,1.0,Fategharh,Punjab,30.6,76.3,30.6,76.3,2017-04-10 23:09:25.999
3,105821.0,1058.0,1.0,Fategharh,Punjab,30.6,76.3,30.6,76.3,2017-03-15 01:32:49.000
3,105821.0,1058.0,1.0,Fategharh,Punjab,30.6,76.3,,,2017-04-05 05:38:38.208
3,105821.0,1058.0,1.0,Fategharh,Punjab,30.6,76.3,30.6,76.3,2017-03-29 00:21:07.999
3,105821.0,1058.0,1.0,Fategharh,Punjab,30.6,76.3,30.6,76.3,2017-02-07 02:02:12.000
3,105821.0,1058.0,1.0,Fategharh,Punjab,30.6,76.3,30.6,76.3,2017-01-10 23:01:20.000
3,105821.0,1058.0,1.0,Fategharh,Punjab,30.6,76.3,30.6,76.3,2016-11-23 01:31:59.999
3,105821.0,1058.0,1.0,Fategharh,Punjab,30.6,76.3,30.6,76.3,2016-12-17 01:21:00.000
3,105821.0,1058.0,1.0,Fategharh,Punjab,30.6,76.3,30.6,76.3,2017-04-04 00:09:58.999
3,105821.0,1058.0,1.0,Fategharh,Punjab,30.6,76.3,30.6,76.3,2017-03-27 22:42:50.000
3,105821.0,1058.0,1.0,Fategharh,Punjab,30.6,76.3,30.6,76.3,2017-02-03 23:30:34.000
3,105821.0,1058.0,1.0,Fategharh,Punjab,30.6,76.3,30.6,76.3,2017-01-28 01:06:42.999
3,105821.0,1058.0,1.0,Fategharh,Punjab,30.6,76.3,30.6,76.3,2017-01-16 00:25:15.999
3,105821.0,1058.0,1.0,Fategharh,Punjab,30.6,76.3,30.6,76.3,2017-02-19 23:20:59.000
3,105821.0,1058.0,1.0,Fategharh,Punjab,30.6,76.3,,,2017-04-05 05:38:38.208
3,105821.0,1058.0,1.0,Fategharh,Punjab,30.6,76.3,30.6,76.3,2017-01-08 23:52:50.000
3,105821.0,1058.0,1.0,Fategharh,Punjab,30.6,76.3,30.6,76.3,2017-02-13 01:40:30.000
3,105821.0,1058.0,1.0,Fategharh,Punjab,30.6,76.3,30.6,76.3,2017-04-04 00:10:35.000
1,105825.0,1058.0,1.0,Fategharh,Punjab,30.6,76.3,30.6,76.3,2017-01-31 01:38:34.999
1,105825.0,1058.0,1.0,Fategharh,Punjab,30.6,76.3,30.6,76.3,2016-12-13 00:36:00.000
1,105825.0,1058.0,1.0,Fategharh,Punjab,30.6,76.3,30.6,76.3,2016-12-23 01:18:00.000
1,105825.0,1058.0,1.0,Fategharh,Punjab,30.6,76.3,30.6,76.3,2016-12-01 02:34:00.000
1,105825.0,1058.0,1.0,Fategharh,Punjab,30.6,76.3,30.6,76.3,2016-12-19 02:37:00.000
1,105825.0,1058.0,1.0,Fategharh,Punjab,30.6,76.3,30.6,76.3,2017-02-08 02:35:27.999
1,105825.0,1058.0,1.0,Fategharh,Punjab,30.6,76.3,30.6,76.3,2017-02-17 04:10:12.999
1,105825.0,1058.0,1.0,Fategharh,Punjab,30.6,76.3,30.6,76.3,2016-12-07 02:31:00.000
1,105825.0,1058.0,1.0,Fategharh,Punjab,30.6,76.3,30.6,76.3,2016-11-28 01:02:00.000
1,105825.0,1058.0,1.0,Fategharh,Punjab,30.6,76.3,30.6,76.3,2016-11-30 03:58:00.000
1,105825.0,1058.0,1.0,Fategharh,Punjab,30.6,76.3,30.6,76.3,2017-02-08 02:35:02.000
1,105825.0,1058.0,1.0,Fategharh,Punjab,30.6,76.3,,,2017-04-05 04:28:43.904
1,105825.0,1058.0,1.0,Fategharh,Punjab,30.6,76.3,30.6,76.3,2016-12-15 01:17:00.000
1,105825.0,1058.0,1.0,Fategharh,Punjab,30.6,76.3,30.6,76.3,2016-12-15 01:18:59.999
1,105825.0,1058.0,1.0,Fategharh,Punjab,30.6,76.3,30.6,76.3,2016-12-05 00:40:00.000
1,105825.0,1058.0,1.0,Fategharh,Punjab,30.6,76.3,30.6,76.3,2016-12-17 03:11:00.000
1,105825.0,1058.0,1.0,Fategharh,Punjab,30.6,76.3,30.6,76.3,2017-02-06 03:58:40.000
1,105825.0,1058.0,1.0,Fategharh,Punjab,30.6,76.3,30.6,76.3,2016-12-05 00:35:00.000
1,105825.0,1058.0,1.0,Fategharh,Punjab,30.6,76.3,30.6,76.3,2016-12-17 03:11:59.999
1,105825.0,1058.0,1.0,Fategharh,Punjab,30.6,76.3,,,2017-04-05 04:28:43.904
1,105825.0,1058.0,1.0,Fategharh,Punjab,30.6,76.3,30.6,76.3,2016-12-23 01:18:59.999
1,105825.0,1058.0,1.0,Fategharh,Punjab,30.6,76.3,30.6,76.3,2017-03-21 01:10:50.999
1,105825.0,1058.0,1.0,Fategharh,Punjab,30.6,76.3,30.6,76.3,2016-11-30 03:58:00.000
1,105825.0,1058.0,1.0,Fategharh,Punjab,30.6,76.3,30.6,76.3,2016-12-19 02:38:00.000
1,105825.0,1058.0,1.0,Fategharh,Punjab,30.6,76.3,30.6,76.3,2016-12-13 00:36:00.000
1,105825.0,1058.0,1.0,Fategharh,Punjab,30.6,76.3,30.6,76.3,2016-12-19 02:38:00.000
1,105825.0,1058.0,1.0,Fategharh,Punjab,30.6,76.3,30.6,76.3,2017-03-09 00:59:58.000
1,105825.0,1058.0,1.0,Fategharh,Punjab,30.6,76.3,30.6,76.3,2017-02-06 03:58:09.999
1,105825.0,1058.0,1.0,Fategharh,Punjab,30.6,76.3,30.6,76.3,2017-02-03 02:54:19.000
1,105825.0,1058.0,1.0,Fategharh,Punjab,30.6,76.3,30.6,76.3,2017-02-06 03:59:11.000
1,105825.0,1058.0,1.0,Fategharh,Punjab,30.6,76.3,30.6,76.3,2017-01-31 01:39:03.000
1,105825.0,1058.0,1.0,Fategharh,Punjab,30.6,76.3,30.6,76.3,2016-12-13 00:33:59.999
1,105825.0,1058.0,1.0,Fategharh,Punjab,30.6,76.3,30.6,76.3,2016-11-26 02:45:59.999
1,105825.0,1058.0,1.0,Fategharh,Punjab,30.6,76.3,,,2017-04-05 04:28:43.904
1,105825.0,1058.0,1.0,Fategharh,Punjab,30.6,76.3,30.6,76.3,2016-12-09 00:55:00.000
1,105825.0,1058.0,1.0,Fategharh,Punjab,30.6,76.3,30.6,76.3,2017-02-21 02:51:54.999
1,105825.0,1058.0,1.0,Fategharh,Punjab,30.6,76.3,30.6,76.3,2016-12-09 00:53:00.000
1,105825.0,1058.0,1.0,Fategharh,Punjab,30.6,76.3,30.6,76.3,2016-11-24 00:40:59.999
1,105825.0,1058.0,1.0,Fategharh,Punjab,30.6,76.3,30.6,76.3,2017-03-11 02:54:25.999
1,105825.0,1058.0,1.0,Fategharh,Punjab,30.6,76.3,30.6,76.3,2016-11-30 03:59:00.000
1,105825.0,1058.0,1.0,Fategharh,Punjab,30.6,76.3,30.6,76.3,2016-12-07 02:29:59.999
1,105825.0,1058.0,1.0,Fategharh,Punjab,30.6,76.3,30.6,76.3,2016-12-13 00:35:00.000
1,105825.0,1058.0,1.0,Fategharh,Punjab,30.6,76.3,30.6,76.3,2016-12-09 00:52:00.000
1,105825.0,1058.0,1.0,Fategharh,Punjab,30.6,76.3,30.6,76.3,2016-12-09 00:53:59.999
1,105825.0,1058.0,1.0,Fategharh,Punjab,30.6,76.3,30.6,76.3,2017-04-11 22:17:16.000
1,105825.0,1058.0,1.0,Fategharh,Punjab,30.6,76.3,30.6,76.3,2017-02-12 23:45:27.000
1,105825.0,1058.0,1.0,Fategharh,Punjab,30.6,76.3,30.6,76.3,2017-02-26 00:45:28.999
1,105825.0,1058.0,1.0,Fategharh,Punjab,30.6,76.3,30.6,76.3,2017-02-12 23:45:00.000
1,105825.0,1058.0,1.0,Fategharh,Punjab,30.6,76.3,30.6,76.3,2016-12-26 02:37:00.000
1,105825.0,1058.0,1.0,Fategharh,Punjab,30.6,76.3,,,2017-04-05 04:28:43.904
1,105825.0,1058.0,1.0,Fategharh,Punjab,30.6,76.3,30.6,76.3,2016-12-17 03:10:00.000
1,105825.0,1058.0,1.0,Fategharh,Punjab,30.6,76.3,30.6,76.3,2016-12-05 00:40:59.999
1,105825.0,1058.0,1.0,Fategharh,Punjab,30.6,76.3,30.6,76.3,2017-02-17 04:09:37.000
1,105825.0,1058.0,1.0,Fategharh,Punjab,30.6,76.3,30.6,76.3,2016-12-19 02:37:00.000
1,105825.0,1058.0,1.0,Fategharh,Punjab,30.6,76.3,30.6,76.3,2016-12-05 00:36:00.000
1,105825.0,1058.0,1.0,Fategharh,Punjab,30.6,76.3,30.6,76.3,2016-11-22 02:00:00.000
1,105825.0,1058.0,1.0,Fategharh,Punjab,30.6,76.3,30.6,76.3,2016-11-24 00:39:00.000
1,105825.0,1058.0,1.0,Fategharh,Punjab,30.6,76.3,30.6,76.3,2016-12-17 03:11:59.999
1,105830.0,1058.0,1.0,Fategharh,Punjab,30.6,76.3,30.6,76.3,2017-01-18 01:56:56.000
1,105830.0,1058.0,1.0,Fategharh,Punjab,30.6,76.3,,,2017-04-05 04:41:50.336
1,105830.0,1058.0,1.0,Fategharh,Punjab,30.6,76.3,30.6,76.3,2017-02-01 02:04:07.999
1,105830.0,1058.0,1.0,Fategharh,Punjab,30.6,76.3,,,2017-04-05 04:41:50.336
1,105830.0,1058.0,1.0,Fategharh,Punjab,30.6,76.3,30.6,76.3,2017-01-11 00:24:18.000
1,105830.0,1058.0,1.0,Fategharh,Punjab,30.6,76.3,30.6,76.3,2017-01-20 01:59:22.999
1,105830.0,1058.0,1.0,Fategharh,Punjab,30.6,76.3,,,2017-04-05 04:41:50.336
1,105830.0,1058.0,1.0,Fategharh,Punjab,30.6,76.3,,,2017-04-05 04:41:50.336
1,105830.0,1058.0,1.0,Fategharh,Punjab,30.6,76.3,30.6,76.3,2017-01-11 00:22:03.000
1,105830.0,1058.0,1.0,Fategharh,Punjab,30.6,76.3,30.6,76.3,2017-02-01 02:05:24.000
1,105831.0,1058.0,1.0,Fategharh,Punjab,30.6,76.3,30.6,76.3,2017-01-21 00:33:53.000
1,105831.0,1058.0,1.0,Fategharh,Punjab,30.6,76.3,30.6,76.3,2017-01-21 00:34:55.000
1,105831.0,1058.0,1.0,Fategharh,Punjab,30.6,76.3,,,2017-04-15 05:19:25.184
1,105831.0,1058.0,1.0,Fategharh,Punjab,30.6,76.3,30.6,76.3,2017-01-05 04:40:41.999
1,105831.0,1058.0,1.0,Fategharh,Punjab,30.6,76.3,,,2017-04-15 05:19:25.184
1,105831.0,1058.0,1.0,Fategharh,Punjab,30.6,76.3,30.6,76.3,2017-01-10 00:49:34.000
1,105831.0,1058.0,1.0,Fategharh,Punjab,30.6,76.3,,,2017-04-15 05:19:25.184
1,105831.0,1058.0,1.0,Fategharh,Punjab,30.6,76.3,30.6,76.3,2017-01-05 04:39:22.000
1,105831.0,1058.0,1.0,Fategharh,Punjab,30.6,76.3,,,2017-04-15 05:19:25.184
1,105833.0,1058.0,1.0,Fategharh,Punjab,30.6,76.3,30.6,76.3,2017-01-31 00:09:25.000
1,105833.0,1058.0,1.0,Fategharh,Punjab,30.6,76.3,30.6,76.3,2017-01-10 02:47:36.000
1,105833.0,1058.0,1.0,Fategharh,Punjab,30.6,76.3,30.6,76.3,2017-04-05 03:52:10.000
1,105833.0,1058.0,1.0,Fategharh,Punjab,30.6,76.3,30.6,76.3,2016-12-22 00:20:00.000
1,105833.0,1058.0,1.0,Fategharh,Punjab,30.6,76.3,30.6,76.3,2017-02-21 04:14:09.999
1,105833.0,1058.0,1.0,Fategharh,Punjab,30.6,76.3,30.6,76.3,2016-12-17 00:04:00.000
1,105833.0,1058.0,1.0,Fategharh,Punjab,30.6,76.3,30.6,76.3,2016-12-14 23:57:00.000
1,105833.0,1058.0,1.0,Fategharh,Punjab,30.6,76.3,30.6,76.3,2017-01-24 00:14:23.000
1,105833.0,1058.0,1.0,Fategharh,Punjab,30.6,76.3,30.6,76.3,2016-12-16 23:58:59.999
1,105833.0,1058.0,1.0,Fategharh,Punjab,30.6,76.3,30.6,76.3,2016-11-30 23:12:00.000
1,105833.0,1058.0,1.0,Fategharh,Punjab,30.6,76.3,30.6,76.3,2016-12-22 00:22:00.000
1,105833.0,1058.0,1.0,Fategharh,Punjab,30.6,76.3,30.6,76.3,2017-01-04 23:15:25.999
1,105833.0,1058.0,1.0,Fategharh,Punjab,30.6,76.3,30.6,76.3,2016-12-17 00:03:00.000
1,105833.0,1058.0,1.0,Fategharh,Punjab,30.6,76.3,30.6,76.3,2016-11-25 23:26:59.999
1,105833.0,1058.0,1.0,Fategharh,Punjab,30.6,76.3,30.6,76.3,2017-01-13 23:52:20.000
1,105833.0,1058.0,1.0,Fategharh,Punjab,30.6,76.3,30.6,76.3,2017-01-02 23:14:29.000
1,105833.0,1058.0,1.0,Fategharh,Punjab,30.6,76.3,30.6,76.3,2016-11-25 23:31:00.000
1,105833.0,1058.0,1.0,Fategharh,Punjab,30.6,76.3,30.6,76.3,2016-11-22 01:20:00.000
1,105833.0,1058.0,1.0,Fategharh,Punjab,30.6,76.3,30.6,76.3,2017-01-02 23:13:05.999
1,105833.0,1058.0,1.0,Fategharh,Punjab,30.6,76.3,30.6,76.3,2017-02-06 23:57:43.000
1,105833.0,1058.0,1.0,Fategharh,Punjab,30.6,76.3,30.6,76.3,2017-02-09 04:36:11.000
1,105833.0,1058.0,1.0,Fategharh,Punjab,30.6,76.3,30.6,76.3,2017-01-04 23:16:16.000
1,105833.0,1058.0,1.0,Fategharh,Punjab,30.6,76.3,30.6,76.3,2017-02-06 23:56:55.000
1,105833.0,1058.0,1.0,Fategharh,Punjab,30.6,76.3,30.6,76.3,2016-11-22 01:12:59.999
1,105833.0,1058.0,1.0,Fategharh,Punjab,30.6,76.3,30.6,76.3,2016-12-12 23:39:00.000
1,105833.0,1058.0,1.0,Fategharh,Punjab,30.6,76.3,30.6,76.3,2017-02-09 04:36:57.000
1,105833.0,1058.0,1.0,Fategharh,Punjab,30.6,76.3,30.6,76.3,2017-02-04 00:33:06.000
1,105833.0,1058.0,1.0,Fategharh,Punjab,30.6,76.3,30.6,76.3,2017-04-10 20:56:31.999
1,105833.0,1058.0,1.0,Fategharh,Punjab,30.6,76.3,30.6,76.3,2017-04-12 19:48:34.000
1,105833.0,1058.0,1.0,Fategharh,Punjab,30.6,76.3,30.6,76.3,2016-11-28 23:42:59.999
1,105833.0,1058.0,1.0,Fategharh,Punjab,30.6,76.3,30.6,76.3,2017-01-24 00:13:11.000
1,105833.0,1058.0,1.0,Fategharh,Punjab,30.6,76.3,30.6,76.3,2017-04-05 03:58:52.000
1,105833.0,1058.0,1.0,Fategharh,Punjab,30.6,76.3,30.6,76.3,2016-12-05 23:31:00.000
1,105833.0,1058.0,1.0,Fategharh,Punjab,30.6,76.3,30.6,76.3,2017-04-05 23:31:08.000
1,105833.0,1058.0,1.0,Fategharh,Punjab,30.6,76.3,30.6,76.3,2017-01-19 00:00:12.000
1,105833.0,1058.0,1.0,Fategharh,Punjab,30.6,76.3,30.6,76.3,2017-04-10 20:55:32.000
1,105833.0,1058.0,1.0,Fategharh,Punjab,30.6,76.3,30.6,76.3,2016-12-05 23:39:59.999
1,105833.0,1058.0,1.0,Fategharh,Punjab,30.6,76.3,30.6,76.3,2016-11-24 00:30:59.999
1,105833.0,1058.0,1.0,Fategharh,Punjab,30.6,76.3,30.6,76.3,2017-04-04 00:17:54.000
1,105833.0,1058.0,1.0,Fategharh,Punjab,30.6,76.3,,,2017-04-05 05:01:29.984
1,105833.0,1058.0,1.0,Fategharh,Punjab,30.6,76.3,,,2017-04-05 05:01:29.984
1,105833.0,1058.0,1.0,Fategharh,Punjab,30.6,76.3,30.6,76.3,2017-01-26 01:50:50.000
1,105833.0,1058.0,1.0,Fategharh,Punjab,30.6,76.3,30.6,76.3,2016-12-12 23:26:59.999
1,105833.0,1058.0,1.0,Fategharh,Punjab,30.6,76.3,30.6,76.3,2017-04-01 06:50:20.000
1,105833.0,1058.0,1.0,Fategharh,Punjab,30.6,76.3,30.6,76.3,2016-11-24 00:24:59.999
1,105833.0,1058.0,1.0,Fategharh,Punjab,30.6,76.3,30.6,76.3,2017-03-06 22:33:17.000
1,105833.0,1058.0,1.0,Fategharh,Punjab,30.6,76.3,30.6,76.3,2017-01-07 03:55:25.000
1,105837.0,1058.0,1.0,Fategharh,Punjab,30.6,76.3,30.6,76.3,2016-12-15 23:51:00.000
1,105837.0,1058.0,1.0,Fategharh,Punjab,30.6,76.3,30.6,76.3,2017-03-10 02:15:57.999
1,105837.0,1058.0,1.0,Fategharh,Punjab,30.6,76.3,30.6,76.3,2016-11-28 01:30:00.000
1,105837.0,1058.0,1.0,Fategharh,Punjab,30.6,76.3,30.6,76.3,2016-12-26 00:59:00.000
1,105837.0,1058.0,1.0,Fategharh,Punjab,30.6,76.3,30.6,76.3,2017-01-04 01:09:35.000
1,105837.0,1058.0,1.0,Fategharh,Punjab,30.6,76.3,30.6,76.3,2016-12-12 02:35:00.000
1,105837.0,1058.0,1.0,Fategharh,Punjab,30.6,76.3,30.6,76.3,2017-03-15 03:23:26.000
1,105837.0,1058.0,1.0,Fategharh,Punjab,30.6,76.3,30.6,76.3,2017-02-20 22:46:59.000
1,105837.0,1058.0,1.0,Fategharh,Punjab,30.6,76.3,30.6,76.3,2017-02-01 00:03:43.000
1,105837.0,1058.0,1.0,Fategharh,Punjab,30.6,76.3,30.6,76.3,2016-12-14 00:19:00.000
1,105837.0,1058.0,1.0,Fategharh,Punjab,30.6,76.3,30.6,76.3,2016-12-19 01:21:59.999
1,105837.0,1058.0,1.0,Fategharh,Punjab,30.6,76.3,30.6,76.3,2016-12-05 01:02:00.000
1,105837.0,1058.0,1.0,Fategharh,Punjab,30.6,76.3,30.6,76.3,2016-12-23 03:11:59.999
1,105837.0,1058.0,1.0,Fategharh,Punjab,30.6,76.3,30.6,76.3,2017-04-11 21:10:08.000
1,105837.0,1058.0,1.0,Fategharh,Punjab,30.6,76.3,30.6,76.3,2017-02-08 03:49:22.000
1,105837.0,1058.0,1.0,Fategharh,Punjab,30.6,76.3,30.6,76.3,2017-04-03 02:25:33.000
1,105837.0,1058.0,1.0,Fategharh,Punjab,30.6,76.3,30.6,76.3,2017-02-06 02:07:45.999
1,105837.0,1058.0,1.0,Fategharh,Punjab,30.6,76.3,30.6,76.3,2017-03-27 01:14:24.000
1,105837.0,1058.0,1.0,Fategharh,Punjab,30.6,76.3,30.6,76.3,2016-12-02 01:15:00.000
1,105837.0,1058.0,1.0,Fategharh,Punjab,30.6,76.3,30.6,76.3,2017-01-25 03:18:58.999
1,105837.0,1058.0,1.0,Fategharh,Punjab,30.6,76.3,30.6,76.3,2017-01-15 23:46:47.000
1,105837.0,1058.0,1.0,Fategharh,Punjab,30.6,76.3,,,2017-04-05 04:59:18.912
1,105837.0,1058.0,1.0,Fategharh,Punjab,30.6,76.3,30.6,76.3,2016-12-27 23:22:00.000
1,105837.0,1058.0,1.0,Fategharh,Punjab,30.6,76.3,30.6,76.3,2017-01-27 00:39:27.000
1,105837.0,1058.0,1.0,Fategharh,Punjab,30.6,76.3,30.6,76.3,2017-01-30 03:13:14.000
1,105837.0,1058.0,1.0,Fategharh,Punjab,30.6,76.3,30.6,76.3,2016-11-29 22:59:00.000
1,105837.0,1058.0,1.0,Fategharh,Punjab,30.6,76.3,30.6,76.3,2017-03-18 02:50:20.999
1,105837.0,1058.0,1.0,Fategharh,Punjab,30.6,76.3,30.6,76.3,2016-12-20 23:39:00.000
1,105837.0,1058.0,1.0,Fategharh,Punjab,30.6,76.3,,,2017-04-05 04:59:18.912
1,105837.0,1058.0,1.0,Fategharh,Punjab,30.6,76.3,30.6,76.3,2017-02-16 23:45:21.999
1,105837.0,1058.0,1.0,Fategharh,Punjab,30.6,76.3,30.6,76.3,2017-01-13 02:45:05.999
1,105837.0,1058.0,1.0,Fategharh,Punjab,30.6,76.3,30.6,76.3,2017-01-02 02:11:25.000
1,105837.0,1058.0,1.0,Fategharh,Punjab,30.6,76.3,30.6,76.3,2017-03-20 02:13:24.999
1,105837.0,1058.0,1.0,Fategharh,Punjab,30.6,76.3,30.6,76.3,2017-03-13 02:07:50.000
1,105837.0,1058.0,1.0,Fategharh,Punjab,30.6,76.3,30.6,76.3,2017-03-25 04:42:52.000
1,105837.0,1058.0,1.0,Fategharh,Punjab,30.6,76.3,30.6,76.3,2016-11-24 23:15:00.000
1,105837.0,1058.0,1.0,Fategharh,Punjab,30.6,76.3,30.6,76.3,2016-12-07 01:15:59.999
1,105837.0,1058.0,1.0,Fategharh,Punjab,30.6,76.3,30.6,76.3,2017-03-02 01:51:44.000
1,105837.0,1058.0,1.0,Fategharh,Punjab,30.6,76.3,30.6,76.3,2017-03-08 00:35:36.999
1,105837.0,1058.0,1.0,Fategharh,Punjab,30.6,76.3,30.6,76.3,2017-01-06 00:57:20.000
1,105837.0,1058.0,1.0,Fategharh,Punjab,30.6,76.3,30.6,76.3,2017-02-10 01:05:57.000
1,105837.0,1058.0,1.0,Fategharh,Punjab,30.6,76.3,30.6,76.3,2017-03-30 03:18:45.999
1,105837.0,1058.0,1.0,Fategharh,Punjab,30.6,76.3,30.6,76.3,2017-04-09 23:25:41.000
1,105842.0,1058.0,1.0,Fategharh,Punjab,30.6,76.3,30.6,76.3,2017-02-01 05:26:51.999
1,112401.0,1124.0,1.0,Fategharh,Punjab,30.6,76.3,30.700000000000003,76.2,2017-01-12 22:59:46.000
1,112401.0,1124.0,1.0,Fategharh,Punjab,30.6,76.3,30.6,76.3,2016-11-28 03:55:00.000
1,112401.0,1124.0,1.0,Fategharh,Punjab,30.6,76.3,30.6,76.3,2016-12-07 23:23:00.000
1,112401.0,1124.0,1.0,Fategharh,Punjab,30.6,76.3,,,2017-04-05 06:57:16.800
1,112401.0,1124.0,1.0,Fategharh,Punjab,30.6,76.3,30.700000000000003,76.2,2017-02-16 03:20:13.000
1,112401.0,1124.0,1.0,Fategharh,Punjab,30.6,76.3,30.700000000000003,76.2,2017-02-08 23:17:34.999
1,112401.0,1124.0,1.0,Fategharh,Punjab,30.6,76.3,30.700000000000003,76.2,2016-11-26 00:32:00.000
1,112401.0,1124.0,1.0,Fategharh,Punjab,30.6,76.3,30.700000000000003,76.2,2017-01-05 23:40:04.000
1,112401.0,1124.0,1.0,Fategharh,Punjab,30.6,76.3,30.700000000000003,76.2,2017-03-17 01:49:41.000
1,112401.0,1124.0,1.0,Fategharh,Punjab,30.6,76.3,30.700000000000003,76.2,2017-03-09 22:52:19.000
1,112401.0,1124.0,1.0,Fategharh,Punjab,30.6,76.3,30.700000000000003,76.2,2016-12-17 22:40:00.000
1,112401.0,1124.0,1.0,Fategharh,Punjab,30.6,76.3,30.700000000000003,76.2,2017-02-21 23:02:59.000
1,112401.0,1124.0,1.0,Fategharh,Punjab,30.6,76.3,30.6,76.3,2016-12-07 23:23:59.999
1,112401.0,1124.0,1.0,Fategharh,Punjab,30.6,76.3,30.6,76.3,2016-12-09 01:24:00.000
1,112401.0,1124.0,1.0,Fategharh,Punjab,30.6,76.3,,,2017-04-05 06:57:16.800
1,112401.0,1124.0,1.0,Fategharh,Punjab,30.6,76.3,30.700000000000003,76.2,2017-01-03 22:26:12.999
1,112401.0,1124.0,1.0,Fategharh,Punjab,30.6,76.3,30.6,76.3,2016-11-30 00:11:59.999
1,112401.0,1124.0,1.0,Fategharh,Punjab,30.6,76.3,30.700000000000003,76.2,2017-02-20 23:21:46.000
1,112401.0,1124.0,1.0,Fategharh,Punjab,30.6,76.3,30.700000000000003,76.2,2017-04-04 01:18:43.999
1,112401.0,1124.0,1.0,Fategharh,Punjab,30.6,76.3,30.700000000000003,76.2,2016-11-23 22:33:00.000
1,112401.0,1124.0,1.0,Fategharh,Punjab,30.6,76.3,30.700000000000003,76.2,2016-12-16 00:11:00.000
1,112401.0,1124.0,1.0,Fategharh,Punjab,30.6,76.3,30.700000000000003,76.2,2017-03-09 22:51:44.000
1,112401.0,1124.0,1.0,Fategharh,Punjab,30.6,76.3,30.700000000000003,76.2,2017-04-12 23:19:24.999
1,112401.0,1124.0,1.0,Fategharh,Punjab,30.6,76.3,30.700000000000003,76.2,2017-01-30 23:55:02.000
1,112401.0,1124.0,1.0,Fategharh,Punjab,30.6,76.3,30.700000000000003,76.2,2017-03-19 02:27:54.000
1,112401.0,1124.0,1.0,Fategharh,Punjab,30.6,76.3,30.6,76.3,2016-12-04 23:58:59.999
1,112401.0,1124.0,1.0,Fategharh,Punjab,30.6,76.3,,,2017-04-05 06:57:16.800
1,112401.0,1124.0,1.0,Fategharh,Punjab,30.6,76.3,30.700000000000003,76.2,2017-04-12 23:15:30.999
1,112401.0,1124.0,1.0,Fategharh,Punjab,30.6,76.3,30.700000000000003,76.2,2016-12-25 23:23:59.999
1,112401.0,1124.0,1.0,Fategharh,Punjab,30.6,76.3,,,2017-04-05 06:57:16.800
1,112401.0,1124.0,1.0,Fategharh,Punjab,30.6,76.3,30.700000000000003,76.2,2017-01-14 23:26:45.000
1,112401.0,1124.0,1.0,Fategharh,Punjab,30.6,76.3,30.700000000000003,76.2,2017-01-27 03:18:23.999
1,112401.0,1124.0,1.0,Fategharh,Punjab,30.6,76.3,30.700000000000003,76.2,2017-01-16 23:37:44.999
1,112401.0,1124.0,1.0,Fategharh,Punjab,30.6,76.3,30.700000000000003,76.2,2017-04-05 21:17:24.000
1,112401.0,1124.0,1.0,Fategharh,Punjab,30.6,76.3,30.700000000000003,76.2,2017-03-02 23:32:27.999
1,112401.0,1124.0,1.0,Fategharh,Punjab,30.6,76.3,30.700000000000003,76.2,2016-11-26 00:27:59.999
1,112401.0,1124.0,1.0,Fategharh,Punjab,30.6,76.3,30.700000000000003,76.2,2017-02-05 23:43:02.000
1,112401.0,1124.0,1.0,Fategharh,Punjab,30.6,76.3,30.700000000000003,76.2,2016-12-27 23:32:59.999
1,112401.0,1124.0,1.0,Fategharh,Punjab,30.6,76.3,30.700000000000003,76.2,2017-02-26 06:13:03.000
1,112401.0,1124.0,1.0,Fategharh,Punjab,30.6,76.3,30.700000000000003,76.2,2017-03-17 01:49:04.999
1,112401.0,1124.0,1.0,Fategharh,Punjab,30.6,76.3,30.700000000000003,76.2,2017-04-03 06:39:46.999
1,112401.0,1124.0,1.0,Fategharh,Punjab,30.6,76.3,30.700000000000003,76.2,2017-03-07 22:08:08.999
1,112401.0,1124.0,1.0,Fategharh,Punjab,30.6,76.3,30.700000000000003,76.2,2017-03-20 06:05:37.999
1,112401.0,1124.0,1.0,Fategharh,Punjab,30.6,76.3,30.700000000000003,76.2,2016-12-09 01:24:00.000
1,112401.0,1124.0,1.0,Fategharh,Punjab,30.6,76.3,30.700000000000003,76.2,2016-12-11 23:41:00.000
1,112401.0,1124.0,1.0,Fategharh,Punjab,30.6,76.3,30.700000000000003,76.2,2017-04-09 23:34:23.000
1,112401.0,1124.0,1.0,Fategharh,Punjab,30.6,76.3,30.700000000000003,76.2,2016-12-23 22:49:00.000
1,112404.0,1124.0,1.0,Fategharh,Punjab,30.6,76.3,,,2017-04-05 06:37:37.152
1,112404.0,1124.0,1.0,Fategharh,Punjab,30.6,76.3,,,2017-04-05 06:37:37.152
1,112404.0,1124.0,1.0,Fategharh,Punjab,30.6,76.3,30.700000000000003,76.3,2017-01-22 22:22:48.000
1,112404.0,1124.0,1.0,Fategharh,Punjab,30.6,76.3,30.700000000000003,76.3,2016-12-08 00:38:00.000
1,112404.0,1124.0,1.0,Fategharh,Punjab,30.6,76.3,30.700000000000003,76.3,2016-12-17 21:13:00.000
1,112404.0,1124.0,1.0,Fategharh,Punjab,30.6,76.3,30.700000000000003,76.3,2016-11-30 01:33:00.000
1,112404.0,1124.0,1.0,Fategharh,Punjab,30.6,76.3,30.700000000000003,76.3,2017-01-20 23:17:21.000
1,112404.0,1124.0,1.0,Fategharh,Punjab,30.6,76.3,30.700000000000003,76.3,2016-11-23 23:08:00.000
1,112404.0,1124.0,1.0,Fategharh,Punjab,30.6,76.3,,,2017-04-05 06:37:37.152
1,112404.0,1124.0,1.0,Fategharh,Punjab,30.6,76.3,30.700000000000003,76.3,2016-11-25 23:38:00.000
1,112404.0,1124.0,1.0,Fategharh,Punjab,30.6,76.3,30.700000000000003,76.3,2017-03-10 12:57:39.999
1,112404.0,1124.0,1.0,Fategharh,Punjab,30.6,76.3,30.700000000000003,76.3,2016-12-04 23:45:00.000
1,112404.0,1124.0,1.0,Fategharh,Punjab,30.6,76.3,30.700000000000003,76.3,2016-12-12 00:49:59.999
1,112404.0,1124.0,1.0,Fategharh,Punjab,30.6,76.3,,,2017-04-05 06:37:37.152
1,112404.0,1124.0,1.0,Fategharh,Punjab,30.6,76.3,30.700000000000003,76.3,2016-12-27 02:16:59.999
1,112404.0,1124.0,1.0,Fategharh,Punjab,30.6,76.3,30.700000000000003,76.3,2016-12-03 00:00:00.000
1,112404.0,1124.0,1.0,Fategharh,Punjab,30.6,76.3,30.700000000000003,76.3,2017-03-05 13:14:25.999
1,112404.0,1124.0,1.0,Fategharh,Punjab,30.6,76.3,30.700000000000003,76.3,2016-11-27 22:49:00.000
1,112404.0,1124.0,1.0,Fategharh,Punjab,30.6,76.3,30.700000000000003,76.3,2016-11-23 23:03:00.000
1,112404.0,1124.0,1.0,Fategharh,Punjab,30.6,76.3,30.700000000000003,76.3,2017-01-02 23:33:23.000
1,112405.0,1124.0,1.0,Fategharh,Punjab,30.6,76.3,30.6,76.2,2017-02-02 23:32:03.000
1,112405.0,1124.0,1.0,Fategharh,Punjab,30.6,76.3,30.6,76.2,2017-01-14 21:19:46.000
1,112405.0,1124.0,1.0,Fategharh,Punjab,30.6,76.3,30.6,76.2,2016-12-12 02:23:59.999
1,112405.0,1124.0,1.0,Fategharh,Punjab,30.6,76.3,30.6,76.2,2017-03-14 05:57:09.999
1,112405.0,1124.0,1.0,Fategharh,Punjab,30.6,76.3,30.6,76.2,2017-01-18 22:04:52.000
1,112405.0,1124.0,1.0,Fategharh,Punjab,30.6,76.3,30.6,76.2,2017-02-23 03:47:31.999
1,112405.0,1124.0,1.0,Fategharh,Punjab,30.6,76.3,30.6,76.2,2017-02-09 23:06:06.999
1,112405.0,1124.0,1.0,Fategharh,Punjab,30.6,76.3,30.6,76.2,2017-02-26 06:31:23.000
1,112405.0,1124.0,1.0,Fategharh,Punjab,30.6,76.3,30.6,76.2,2017-02-28 05:14:22.000
1,112405.0,1124.0,1.0,Fategharh,Punjab,30.6,76.3,30.6,76.2,2017-01-24 21:45:55.000
1,112405.0,1124.0,1.0,Fategharh,Punjab,30.6,76.3,30.6,76.2,2016-11-13 05:15:00.000
1,112405.0,1124.0,1.0,Fategharh,Punjab,30.6,76.3,30.6,76.2,2017-04-05 07:11:11.999
1,112405.0,1124.0,1.0,Fategharh,Punjab,30.6,76.3,30.6,76.2,2017-02-20 21:01:40.999
1,112405.0,1124.0,1.0,Fategharh,Punjab,30.6,76.3,30.6,76.2,2017-01-03 23:29:07.000
1,112405.0,1124.0,1.0,Fategharh,Punjab,30.6,76.3,30.6,76.2,2016-12-28 22:57:59.999
1,112405.0,1124.0,1.0,Fategharh,Punjab,30.6,76.3,30.6,76.2,2016-11-16 20:58:00.000
1,112405.0,1124.0,1.0,Fategharh,Punjab,30.6,76.3,30.6,76.2,2016-12-09 23:15:00.000
1,112405.0,1124.0,1.0,Fategharh,Punjab,30.6,76.3,30.6,76.2,2017-01-12 21:55:35.000
1,112405.0,1124.0,1.0,Fategharh,Punjab,30.6,76.3,30.6,76.2,2016-12-16 04:28:00.000
1,112405.0,1124.0,1.0,Fategharh,Punjab,30.6,76.3,,,2017-04-05 08:09:22.176
1,112405.0,1124.0,1.0,Fategharh,Punjab,30.6,76.3,30.6,76.2,2017-03-06 23:09:44.000
1,112405.0,1124.0,1.0,Fategharh,Punjab,30.6,76.3,30.6,76.2,2017-04-05 07:03:48.000
1,112405.0,1124.0,1.0,Fategharh,Punjab,30.6,76.3,30.6,76.2,2016-11-12 20:12:00.000
1,112405.0,1124.0,1.0,Fategharh,Punjab,30.6,76.3,30.6,76.2,2016-11-11 22:31:59.999
1,112405.0,1124.0,1.0,Fategharh,Punjab,30.6,76.3,30.6,76.2,2016-11-20 20:45:59.999
1,112405.0,1124.0,1.0,Fategharh,Punjab,30.6,76.3,30.6,76.2,2016-12-05 20:55:59.999
1,112405.0,1124.0,1.0,Fategharh,Punjab,30.6,76.3,30.6,76.2,2016-11-30 20:53:00.000
1,112405.0,1124.0,1.0,Fategharh,Punjab,30.6,76.3,30.6,76.2,2017-01-22 20:32:18.000
1,112405.0,1124.0,1.0,Fategharh,Punjab,30.6,76.3,30.6,76.2,2017-03-09 20:39:02.000
1,112405.0,1124.0,1.0,Fategharh,Punjab,30.6,76.3,30.6,76.2,2016-11-15 20:26:59.999
1,112405.0,1124.0,1.0,Fategharh,Punjab,30.6,76.3,30.6,76.2,2017-03-04 21:48:25.999
1,112405.0,1124.0,1.0,Fategharh,Punjab,30.6,76.3,30.6,76.2,2016-12-14 05:39:59.999
1,112405.0,1124.0,1.0,Fategharh,Punjab,30.6,76.3,,,2017-04-05 08:09:22.176
1,112405.0,1124.0,1.0,Fategharh,Punjab,30.6,76.3,30.6,76.2,2017-01-21 21:33:11.000
1,112405.0,1124.0,1.0,Fategharh,Punjab,30.6,76.3,30.6,76.2,2017-02-15 22:21:29.000
1,112405.0,1124.0,1.0,Fategharh,Punjab,30.6,76.3,30.6,76.2,2016-12-03 02:58:59.999
1,112405.0,1124.0,1.0,Fategharh,Punjab,30.6,76.3,30.6,76.2,2017-03-01 22:33:09.999
1,112405.0,1124.0,1.0,Fategharh,Punjab,30.6,76.3,30.6,76.2,2017-02-07 05:14:31.000
1,112405.0,1124.0,1.0,Fategharh,Punjab,30.6,76.3,30.6,76.2,2017-01-10 22:44:13.999
1,112405.0,1124.0,1.0,Fategharh,Punjab,30.6,76.3,30.6,76.2,2017-03-26 22:44:45.000
1,112405.0,1124.0,1.0,Fategharh,Punjab,30.6,76.3,30.6,76.2,2016-11-28 19:46:00.000
1,112405.0,1124.0,1.0,Fategharh,Punjab,30.6,76.3,30.6,76.2,2017-01-08 02:33:21.000
1,112405.0,1124.0,1.0,Fategharh,Punjab,30.6,76.3,30.6,76.2,2016-12-21 04:36:00.000
1,112405.0,1124.0,1.0,Fategharh,Punjab,30.6,76.3,30.6,76.2,2017-03-26 22:44:16.999
1,112405.0,1124.0,1.0,Fategharh,Punjab,30.6,76.3,30.6,76.2,2017-03-30 07:09:47.000
1,112405.0,1124.0,1.0,Fategharh,Punjab,30.6,76.3,30.6,76.2,2017-04-10 21:17:16.000
1,112405.0,1124.0,1.0,Fategharh,Punjab,30.6,76.3,30.6,76.2,2017-02-04 21:24:47.000
1,112405.0,1124.0,1.0,Fategharh,Punjab,30.6,76.3,30.6,76.2,2016-12-17 22:20:00.000
1,112408.0,1124.0,1.0,Fategharh,Punjab,30.6,76.3,30.700000000000003,76.3,2016-11-25 23:23:00.000
1,112408.0,1124.0,1.0,Fategharh,Punjab,30.6,76.3,30.700000000000003,76.3,2017-01-10 01:41:23.000
1,112408.0,1124.0,1.0,Fategharh,Punjab,30.6,76.3,30.700000000000003,76.3,2016-12-10 01:37:00.000
1,112408.0,1124.0,1.0,Fategharh,Punjab,30.6,76.3,30.700000000000003,76.3,2017-02-17 01:17:17.000
1,112408.0,1124.0,1.0,Fategharh,Punjab,30.6,76.3,30.700000000000003,76.3,2017-01-02 00:46:59.000
1,112408.0,1124.0,1.0,Fategharh,Punjab,30.6,76.3,30.700000000000003,76.3,2017-02-05 02:23:45.000
1,112408.0,1124.0,1.0,Fategharh,Punjab,30.6,76.3,30.700000000000003,76.3,2016-12-01 00:20:00.000
1,112408.0,1124.0,1.0,Fategharh,Punjab,30.6,76.3,30.700000000000003,76.3,2017-01-28 02:14:47.999
1,112408.0,1124.0,1.0,Fategharh,Punjab,30.6,76.3,30.700000000000003,76.3,2016-12-05 01:12:00.000
1,112408.0,1124.0,1.0,Fategharh,Punjab,30.6,76.3,,,2017-04-05 07:30:02.880
1,112408.0,1124.0,1.0,Fategharh,Punjab,30.6,76.3,30.700000000000003,76.3,2017-01-04 00:36:51.999
1,112408.0,1124.0,1.0,Fategharh,Punjab,30.6,76.3,30.700000000000003,76.3,2017-03-14 01:43:49.000
1,112408.0,1124.0,1.0,Fategharh,Punjab,30.6,76.3,,,2017-04-05 07:30:02.880
1,112408.0,1124.0,1.0,Fategharh,Punjab,30.6,76.3,30.700000000000003,76.3,2017-01-12 01:21:53.000
1,112408.0,1124.0,1.0,Fategharh,Punjab,30.6,76.3,,,2017-04-05 07:30:02.880
1,112408.0,1124.0,1.0,Fategharh,Punjab,30.6,76.3,,,2017-04-05 07:30:02.880
1,112408.0,1124.0,1.0,Fategharh,Punjab,30.6,76.3,30.700000000000003,76.3,2017-01-14 01:56:51.000
1,112408.0,1124.0,1.0,Fategharh,Punjab,30.6,76.3,30.700000000000003,76.3,2016-12-08 00:24:59.999
1,112408.0,1124.0,1.0,Fategharh,Punjab,30.6,76.3,30.700000000000003,76.3,2017-01-16 01:46:46.000
1,112408.0,1124.0,1.0,Fategharh,Punjab,30.6,76.3,30.700000000000003,76.3,2017-02-06 01:41:32.000
1,112408.0,1124.0,1.0,Fategharh,Punjab,30.6,76.3,30.700000000000003,76.3,2016-11-27 22:43:00.000
1,112408.0,1124.0,1.0,Fategharh,Punjab,30.6,76.3,30.700000000000003,76.3,2016-12-12 00:53:00.000
1,112408.0,1124.0,1.0,Fategharh,Punjab,30.6,76.3,30.700000000000003,76.3,2017-02-10 01:52:55.000
1,112408.0,1124.0,1.0,Fategharh,Punjab,30.6,76.3,30.700000000000003,76.3,2016-12-16 23:57:00.000
1,112408.0,1124.0,1.0,Fategharh,Punjab,30.6,76.3,30.700000000000003,76.3,2016-12-13 23:50:00.000
1,112408.0,1124.0,1.0,Fategharh,Punjab,30.6,76.3,30.700000000000003,76.3,2017-02-10 23:47:52.999
1,112408.0,1124.0,1.0,Fategharh,Punjab,30.6,76.3,30.700000000000003,76.3,2017-02-25 02:01:01.000
1,112408.0,1124.0,1.0,Fategharh,Punjab,30.6,76.3,30.700000000000003,76.3,2017-03-01 02:08:28.999
1,112408.0,1124.0,1.0,Fategharh,Punjab,30.6,76.3,30.700000000000003,76.3,2017-02-02 02:18:11.000
1,112410.0,1124.0,1.0,Fategharh,Punjab,30.6,76.3,,,2017-04-05 06:46:21.440
1,112410.0,1124.0,1.0,Fategharh,Punjab,30.6,76.3,30.6,76.2,2017-03-02 20:11:36.999
1,112410.0,1124.0,1.0,Fategharh,Punjab,30.6,76.3,,,2017-04-05 06:46:21.440
1,112410.0,1124.0,1.0,Fategharh,Punjab,30.6,76.3,,,2017-04-05 06:46:21.440
1,112410.0,1124.0,1.0,Fategharh,Punjab,30.6,76.3,30.6,76.2,2017-02-08 20:07:50.000
1,112410.0,1124.0,1.0,Fategharh,Punjab,30.6,76.3,30.6,76.2,2017-02-05 20:56:04.999
1,112410.0,1124.0,1.0,Fategharh,Punjab,30.6,76.3,30.6,76.2,2017-01-18 20:54:17.000
1,112410.0,1124.0,1.0,Fategharh,Punjab,30.6,76.3,30.6,76.2,2016-11-24 00:43:00.000
1,112410.0,1124.0,1.0,Fategharh,Punjab,30.6,76.3,,,2017-04-05 06:46:21.440
1,112414.0,1124.0,1.0,Fategharh,Punjab,30.6,76.3,30.6,76.3,2017-03-14 21:00:57.000
1,112414.0,1124.0,1.0,Fategharh,Punjab,30.6,76.3,30.6,76.3,2017-02-17 01:14:57.000
1,112414.0,1124.0,1.0,Fategharh,Punjab,30.6,76.3,,,2017-04-05 07:10:23.232
1,112414.0,1124.0,1.0,Fategharh,Punjab,30.6,76.3,30.6,76.3,2016-11-28 02:19:00.000
1,112414.0,1124.0,1.0,Fategharh,Punjab,30.6,76.3,30.6,76.3,2016-12-06 00:52:00.000
1,112414.0,1124.0,1.0,Fategharh,Punjab,30.6,76.3,,,2017-04-05 07:10:23.232
1,112414.0,1124.0,1.0,Fategharh,Punjab,30.6,76.3,30.6,76.3,2017-01-21 00:18:52.000
1,112414.0,1124.0,1.0,Fategharh,Punjab,30.6,76.3,30.6,76.3,2017-03-11 20:24:58.999
1,112414.0,1124.0,1.0,Fategharh,Punjab,30.6,76.3,30.6,76.3,2017-01-24 22:34:41.000
1,112414.0,1124.0,1.0,Fategharh,Punjab,30.6,76.3,,,2017-04-05 07:10:23.232
1,112414.0,1124.0,1.0,Fategharh,Punjab,30.6,76.3,30.6,76.3,2016-12-12 23:22:00.000
1,112414.0,1124.0,1.0,Fategharh,Punjab,30.6,76.3,30.6,76.3,2017-02-19 01:15:24.000
1,112414.0,1124.0,1.0,Fategharh,Punjab,30.6,76.3,,,2017-04-05 07:10:23.232
1,112414.0,1124.0,1.0,Fategharh,Punjab,30.6,76.3,30.6,76.3,2017-01-02 23:27:15.000
1,112414.0,1124.0,1.0,Fategharh,Punjab,30.6,76.3,30.6,76.3,2017-03-26 22:43:01.000
1,112414.0,1124.0,1.0,Fategharh,Punjab,30.6,76.3,30.6,76.3,2017-01-28 22:58:26.000
1,112414.0,1124.0,1.0,Fategharh,Punjab,30.6,76.3,30.6,76.3,2017-03-24 22:41:40.000
1,112414.0,1124.0,1.0,Fategharh,Punjab,30.6,76.3,30.6,76.3,2016-12-28 22:46:00.000
1,112414.0,1124.0,1.0,Fategharh,Punjab,30.6,76.3,30.6,76.3,2017-03-05 00:36:14.999
1,112414.0,1124.0,1.0,Fategharh,Punjab,30.6,76.3,30.6,76.3,2016-11-29 22:44:00.000
1,112414.0,1124.0,1.0,Fategharh,Punjab,30.6,76.3,30.6,76.3,2016-12-16 22:34:00.000
1,112414.0,1124.0,1.0,Fategharh,Punjab,30.6,76.3,30.6,76.3,2017-03-18 00:23:00.000
1,112418.0,1124.0,1.0,Fategharh,Punjab,30.6,76.3,,,2017-04-05 07:40:58.240
1,112418.0,1124.0,1.0,Fategharh,Punjab,30.6,76.3,30.700000000000003,76.2,2016-12-08 02:16:00.000
1,112418.0,1124.0,1.0,Fategharh,Punjab,30.6,76.3,30.700000000000003,76.2,2016-12-08 02:13:00.000
1,112418.0,1124.0,1.0,Fategharh,Punjab,30.6,76.3,,,2017-04-05 07:40:58.240
1,112418.0,1124.0,1.0,Fategharh,Punjab,30.6,76.3,30.700000000000003,76.2,2017-01-12 23:39:31.000
1,114304.0,1143.0,16.0,Fategharh,Punjab,30.900000000000002,76.3,30.900000000000002,76.3,2016-12-19 01:44:00.000
1,114304.0,1143.0,16.0,Fategharh,Punjab,30.900000000000002,76.3,30.900000000000002,76.3,2016-11-09 23:31:00.000
1,114304.0,1143.0,16.0,Fategharh,Punjab,30.900000000000002,76.3,30.900000000000002,76.3,2017-02-09 01:27:33.999
1,114304.0,1143.0,16.0,Fategharh,Punjab,30.900000000000002,76.3,30.900000000000002,76.3,2017-03-03 00:16:14.999
1,114304.0,1143.0,16.0,Fategharh,Punjab,30.900000000000002,76.3,30.900000000000002,76.3,2016-11-28 23:54:00.000
1,114304.0,1143.0,16.0,Fategharh,Punjab,30.900000000000002,76.3,30.900000000000002,76.3,2016-12-13 00:20:59.999
1,114304.0,1143.0,16.0,Fategharh,Punjab,30.900000000000002,76.3,30.900000000000002,76.3,2017-03-20 00:26:21.000
1,114304.0,1143.0,16.0,Fategharh,Punjab,30.900000000000002,76.3,30.900000000000002,76.3,2016-12-07 00:16:00.000
1,114304.0,1143.0,16.0,Fategharh,Punjab,30.900000000000002,76.3,30.900000000000002,76.3,2016-11-16 01:05:00.000
1,114304.0,1143.0,16.0,Fategharh,Punjab,30.900000000000002,76.3,30.900000000000002,76.3,2016-12-05 02:15:00.000
1,114304.0,1143.0,16.0,Fategharh,Punjab,30.900000000000002,76.3,30.900000000000002,76.3,2016-12-10 23:57:00.000
1,114304.0,1143.0,16.0,Fategharh,Punjab,30.900000000000002,76.3,30.900000000000002,76.3,2017-03-26 00:39:25.000
1,114304.0,1143.0,16.0,Fategharh,Punjab,30.900000000000002,76.3,30.900000000000002,76.3,2017-01-09 23:37:46.000
1,114304.0,1143.0,16.0,Fategharh,Punjab,30.900000000000002,76.3,30.900000000000002,76.3,2016-11-17 23:22:00.000
1,114304.0,1143.0,16.0,Fategharh,Punjab,30.900000000000002,76.3,30.900000000000002,76.3,2016-11-26 23:58:59.999
1,114304.0,1143.0,16.0,Fategharh,Punjab,30.900000000000002,76.3,30.900000000000002,76.3,2016-12-31 01:20:04.000
1,114304.0,1143.0,16.0,Fategharh,Punjab,30.900000000000002,76.3,30.900000000000002,76.3,2016-12-28 01:02:00.000
1,114304.0,1143.0,16.0,Fategharh,Punjab,30.900000000000002,76.3,30.900000000000002,76.3,2017-01-18 00:04:11.999
1,114304.0,1143.0,16.0,Fategharh,Punjab,30.900000000000002,76.3,,,2017-04-04 04:09:27.808
1,114304.0,1143.0,16.0,Fategharh,Punjab,30.900000000000002,76.3,30.900000000000002,76.3,2017-01-11 23:40:30.000
1,114304.0,1143.0,16.0,Fategharh,Punjab,30.900000000000002,76.3,30.900000000000002,76.3,2016-12-25 01:31:00.000
1,114304.0,1143.0,16.0,Fategharh,Punjab,30.900000000000002,76.3,30.900000000000002,76.3,2017-03-18 01:09:09.000
1,114304.0,1143.0,16.0,Fategharh,Punjab,30.900000000000002,76.3,30.900000000000002,76.3,2017-01-03 00:48:12.999
1,114304.0,1143.0,16.0,Fategharh,Punjab,30.900000000000002,76.3,30.900000000000002,76.3,2017-02-06 23:15:49.999
1,114304.0,1143.0,16.0,Fategharh,Punjab,30.900000000000002,76.3,30.900000000000002,76.3,2016-12-01 01:21:00.000
1,114304.0,1143.0,16.0,Fategharh,Punjab,30.900000000000002,76.3,30.900000000000002,76.3,2016-11-14 01:23:00.000
1,114304.0,1143.0,16.0,Fategharh,Punjab,30.900000000000002,76.3,30.900000000000002,76.3,2016-11-04 02:22:00.000
1,114304.0,1143.0,16.0,Fategharh,Punjab,30.900000000000002,76.3,30.900000000000002,76.3,2016-12-17 00:04:59.999
1,114304.0,1143.0,16.0,Fategharh,Punjab,30.900000000000002,76.3,30.900000000000002,76.3,2016-11-23 23:48:59.999
1,114304.0,1143.0,16.0,Fategharh,Punjab,30.900000000000002,76.3,30.900000000000002,76.3,2017-02-14 00:09:58.000
1,114304.0,1143.0,16.0,Fategharh,Punjab,30.900000000000002,76.3,30.900000000000002,76.3,2017-02-27 23:34:08.000
1,114304.0,1143.0,16.0,Fategharh,Punjab,30.900000000000002,76.3,30.900000000000002,76.3,2016-12-15 00:49:00.000
1,114304.0,1143.0,16.0,Fategharh,Punjab,30.900000000000002,76.3,30.900000000000002,76.3,2016-12-03 02:03:00.000
1,114304.0,1143.0,16.0,Fategharh,Punjab,30.900000000000002,76.3,30.900000000000002,76.3,2017-03-07 23:22:38.999
1,114304.0,1143.0,16.0,Fategharh,Punjab,30.900000000000002,76.3,30.900000000000002,76.3,2017-02-18 00:58:05.000
1,114304.0,1143.0,16.0,Fategharh,Punjab,30.900000000000002,76.3,30.900000000000002,76.3,2017-02-26 01:24:22.999
1,114304.0,1143.0,16.0,Fategharh,Punjab,30.900000000000002,76.3,30.900000000000002,76.3,2016-12-22 23:34:00.000
1,114304.0,1143.0,16.0,Fategharh,Punjab,30.900000000000002,76.3,30.900000000000002,76.3,2017-03-23 01:31:35.999
1,114304.0,1143.0,16.0,Fategharh,Punjab,30.900000000000002,76.3,30.900000000000002,76.3,2017-02-12 00:15:23.000
1,114304.0,1143.0,16.0,Fategharh,Punjab,30.900000000000002,76.3,30.900000000000002,76.3,2016-11-07 23:13:00.000
1,114304.0,1143.0,16.0,Fategharh,Punjab,30.900000000000002,76.3,30.900000000000002,76.3,2016-11-02 01:04:00.000
1,114304.0,1143.0,16.0,Fategharh,Punjab,30.900000000000002,76.3,30.900000000000002,76.3,2016-11-06 01:17:00.000
1,114304.0,1143.0,16.0,Fategharh,Punjab,30.900000000000002,76.3,,,2017-04-04 04:09:27.808
1,114306.0,1143.0,16.0,Fategharh,Punjab,30.900000000000002,76.3,,,2017-04-04 05:58:41.408
1,114306.0,1143.0,16.0,Fategharh,Punjab,30.900000000000002,76.3,30.900000000000002,76.3,2016-12-24 01:59:00.000
1,114306.0,1143.0,16.0,Fategharh,Punjab,30.900000000000002,76.3,30.900000000000002,76.3,2016-11-29 00:39:00.000
1,114306.0,1143.0,16.0,Fategharh,Punjab,30.900000000000002,76.3,30.900000000000002,76.3,2017-01-16 01:43:30.000
1,114306.0,1143.0,16.0,Fategharh,Punjab,30.900000000000002,76.3,30.900000000000002,76.3,2017-01-14 00:27:55.000
1,114306.0,1143.0,16.0,Fategharh,Punjab,30.900000000000002,76.3,30.900000000000002,76.3,2016-12-20 01:37:00.000
1,114306.0,1143.0,16.0,Fategharh,Punjab,30.900000000000002,76.3,30.900000000000002,76.3,2017-01-20 02:45:51.999
1,114306.0,1143.0,16.0,Fategharh,Punjab,30.900000000000002,76.3,30.900000000000002,76.3,2017-01-10 02:35:19.999
1,114306.0,1143.0,16.0,Fategharh,Punjab,30.900000000000002,76.3,30.900000000000002,76.3,2016-12-16 01:46:00.000
1,114306.0,1143.0,16.0,Fategharh,Punjab,30.900000000000002,76.3,30.900000000000002,76.3,2017-01-18 01:43:40.000
1,114306.0,1143.0,16.0,Fategharh,Punjab,30.900000000000002,76.3,30.900000000000002,76.3,2017-01-05 00:38:57.000
1,114306.0,1143.0,16.0,Fategharh,Punjab,30.900000000000002,76.3,30.900000000000002,76.3,2016-12-13 01:54:59.999
1,114306.0,1143.0,16.0,Fategharh,Punjab,30.900000000000002,76.3,30.900000000000002,76.3,2016-12-23 01:15:59.999
1,114306.0,1143.0,16.0,Fategharh,Punjab,30.900000000000002,76.3,30.900000000000002,76.3,2017-01-03 00:13:22.000
1,114306.0,1143.0,16.0,Fategharh,Punjab,30.900000000000002,76.3,30.900000000000002,76.3,2017-01-22 01:20:28.000
1,114306.0,1143.0,16.0,Fategharh,Punjab,30.900000000000002,76.3,30.900000000000002,76.3,2016-12-03 02:29:00.000
1,114306.0,1143.0,16.0,Fategharh,Punjab,30.900000000000002,76.3,30.900000000000002,76.3,2017-02-07 01:58:49.000
1,114306.0,1143.0,16.0,Fategharh,Punjab,30.900000000000002,76.3,30.900000000000002,76.3,2017-02-04 00:16:28.999
1,114306.0,1143.0,16.0,Fategharh,Punjab,30.900000000000002,76.3,,,2017-04-04 05:58:41.408
1,114306.0,1143.0,16.0,Fategharh,Punjab,30.900000000000002,76.3,30.900000000000002,76.3,2016-12-29 02:32:00.000
1,114306.0,1143.0,16.0,Fategharh,Punjab,30.900000000000002,76.3,30.900000000000002,76.3,2016-12-31 01:33:51.000
1,114306.0,1143.0,16.0,Fategharh,Punjab,30.900000000000002,76.3,,,2017-04-04 05:58:41.408
1,114306.0,1143.0,16.0,Fategharh,Punjab,30.900000000000002,76.3,30.900000000000002,76.3,2017-02-02 02:11:19.000
1,114306.0,1143.0,16.0,Fategharh,Punjab,30.900000000000002,76.3,30.900000000000002,76.3,2016-12-08 02:58:59.999
1,114306.0,1143.0,16.0,Fategharh,Punjab,30.900000000000002,76.3,30.900000000000002,76.3,2017-01-08 01:30:36.999
1,114306.0,1143.0,16.0,Fategharh,Punjab,30.900000000000002,76.3,30.900000000000002,76.3,2016-12-22 01:38:59.999
1,114306.0,1143.0,16.0,Fategharh,Punjab,30.900000000000002,76.3,,,2017-04-04 05:58:41.408
1,114306.0,1143.0,16.0,Fategharh,Punjab,30.900000000000002,76.3,30.900000000000002,76.3,2016-12-06 01:47:00.000
1,114306.0,1143.0,16.0,Fategharh,Punjab,30.900000000000002,76.3,30.900000000000002,76.3,2016-12-19 01:53:00.000
1,114308.0,1143.0,16.0,Fategharh,Punjab,30.900000000000002,76.3,30.900000000000002,76.3,2016-12-10 01:12:00.000
1,114308.0,1143.0,16.0,Fategharh,Punjab,30.900000000000002,76.3,30.900000000000002,76.3,2017-01-03 22:54:48.999
1,114308.0,1143.0,16.0,Fategharh,Punjab,30.900000000000002,76.3,30.900000000000002,76.3,2017-01-24 02:18:51.000
1,114308.0,1143.0,16.0,Fategharh,Punjab,30.900000000000002,76.3,30.900000000000002,76.3,2016-11-05 22:17:00.000
1,114308.0,1143.0,16.0,Fategharh,Punjab,30.900000000000002,76.3,30.900000000000002,76.3,2017-04-04 04:50:46.999
1,114308.0,1143.0,16.0,Fategharh,Punjab,30.900000000000002,76.3,30.900000000000002,76.3,2017-03-12 23:54:38.000
1,114308.0,1143.0,16.0,Fategharh,Punjab,30.900000000000002,76.3,,,2017-04-04 06:03:03.552
1,114308.0,1143.0,16.0,Fategharh,Punjab,30.900000000000002,76.3,30.900000000000002,76.3,2016-12-19 23:13:59.999
1,114308.0,1143.0,16.0,Fategharh,Punjab,30.900000000000002,76.3,30.900000000000002,76.3,2016-11-18 23:12:00.000
1,114308.0,1143.0,16.0,Fategharh,Punjab,30.900000000000002,76.3,30.900000000000002,76.3,2016-12-21 22:47:59.999
1,114308.0,1143.0,16.0,Fategharh,Punjab,30.900000000000002,76.3,30.900000000000002,76.3,2016-11-27 23:58:59.999
1,114308.0,1143.0,16.0,Fategharh,Punjab,30.900000000000002,76.3,30.900000000000002,76.3,2017-01-10 22:32:45.000
1,114308.0,1143.0,16.0,Fategharh,Punjab,30.900000000000002,76.3,30.900000000000002,76.3,2016-11-12 21:39:00.000
1,114308.0,1143.0,16.0,Fategharh,Punjab,30.900000000000002,76.3,30.900000000000002,76.3,2017-02-06 04:57:29.000
1,114308.0,1143.0,16.0,Fategharh,Punjab,30.900000000000002,76.3,30.900000000000002,76.3,2017-04-04 05:00:59.999
1,114308.0,1143.0,16.0,Fategharh,Punjab,30.900000000000002,76.3,30.900000000000002,76.3,2016-12-16 23:45:00.000
1,114308.0,1143.0,16.0,Fategharh,Punjab,30.900000000000002,76.3,30.900000000000002,76.3,2016-12-27 23:32:00.000
1,114308.0,1143.0,16.0,Fategharh,Punjab,30.900000000000002,76.3,30.900000000000002,76.3,2016-12-26 05:26:00.000
1,114308.0,1143.0,16.0,Fategharh,Punjab,30.900000000000002,76.3,30.900000000000002,76.3,2017-01-17 00:22:36.000
1,114308.0,1143.0,16.0,Fategharh,Punjab,30.900000000000002,76.3,30.900000000000002,76.3,2017-02-14 04:58:38.000
1,114308.0,1143.0,16.0,Fategharh,Punjab,30.900000000000002,76.3,30.900000000000002,76.3,2017-04-03 21:54:47.999
1,114308.0,1143.0,16.0,Fategharh,Punjab,30.900000000000002,76.3,30.900000000000002,76.3,2017-01-13 04:54:39.000
1,114308.0,1143.0,16.0,Fategharh,Punjab,30.900000000000002,76.3,30.900000000000002,76.3,2016-11-15 22:46:00.000
1,114308.0,1143.0,16.0,Fategharh,Punjab,30.900000000000002,76.3,30.900000000000002,76.3,2017-02-10 04:46:03.000
1,114308.0,1143.0,16.0,Fategharh,Punjab,30.900000000000002,76.3,30.900000000000002,76.3,2016-11-02 22:44:00.000
1,114308.0,1143.0,16.0,Fategharh,Punjab,30.900000000000002,76.3,30.900000000000002,76.3,2016-12-09 04:25:59.999
1,114308.0,1143.0,16.0,Fategharh,Punjab,30.900000000000002,76.3,30.900000000000002,76.3,2017-03-23 23:01:33.000
1,114308.0,1143.0,16.0,Fategharh,Punjab,30.900000000000002,76.3,,,2017-04-04 06:03:03.552
1,114308.0,1143.0,16.0,Fategharh,Punjab,30.900000000000002,76.3,30.900000000000002,76.3,2017-01-08 22:48:45.999
1,114308.0,1143.0,16.0,Fategharh,Punjab,30.900000000000002,76.3,30.900000000000002,76.3,2016-12-15 00:03:00.000
1,114308.0,1143.0,16.0,Fategharh,Punjab,30.900000000000002,76.3,30.900000000000002,76.3,2016-12-13 00:27:00.000
1,114308.0,1143.0,16.0,Fategharh,Punjab,30.900000000000002,76.3,30.900000000000002,76.3,2016-11-09 21:45:00.000
1,114308.0,1143.0,16.0,Fategharh,Punjab,30.900000000000002,76.3,30.900000000000002,76.3,2016-11-25 23:03:00.000
1,114308.0,1143.0,16.0,Fategharh,Punjab,30.900000000000002,76.3,30.900000000000002,76.3,2016-12-29 23:06:00.000
1,114310.0,1143.0,16.0,Fategharh,Punjab,30.900000000000002,76.3,30.900000000000002,76.3,2016-11-29 03:17:00.000
1,114310.0,1143.0,16.0,Fategharh,Punjab,30.900000000000002,76.3,30.900000000000002,76.3,2017-01-07 03:53:26.000
1,114310.0,1143.0,16.0,Fategharh,Punjab,30.900000000000002,76.3,30.900000000000002,76.3,2017-02-24 00:34:34.000
1,114310.0,1143.0,16.0,Fategharh,Punjab,30.900000000000002,76.3,,,2017-04-04 04:35:40.672
1,114310.0,1143.0,16.0,Fategharh,Punjab,30.900000000000002,76.3,30.900000000000002,76.3,2017-01-03 02:52:26.999
1,114310.0,1143.0,16.0,Fategharh,Punjab,30.900000000000002,76.3,30.900000000000002,76.3,2016-12-07 03:30:59.999
1,114310.0,1143.0,16.0,Fategharh,Punjab,30.900000000000002,76.3,30.900000000000002,76.3,2017-01-20 04:00:41.000
1,114310.0,1143.0,16.0,Fategharh,Punjab,30.900000000000002,76.3,30.900000000000002,76.3,2016-12-05 03:24:59.999
1,114310.0,1143.0,16.0,Fategharh,Punjab,30.900000000000002,76.3,30.900000000000002,76.3,2016-11-27 01:02:59.999
1,114310.0,1143.0,16.0,Fategharh,Punjab,30.900000000000002,76.3,30.900000000000002,76.3,2016-12-09 03:46:00.000
1,114310.0,1143.0,16.0,Fategharh,Punjab,30.900000000000002,76.3,30.900000000000002,76.3,2017-01-01 04:31:43.000
1,114310.0,1143.0,16.0,Fategharh,Punjab,30.900000000000002,76.3,,,2017-04-04 04:35:40.672
1,114310.0,1143.0,16.0,Fategharh,Punjab,30.900000000000002,76.3,30.900000000000002,76.3,2016-12-27 02:09:00.000
1,114310.0,1143.0,16.0,Fategharh,Punjab,30.900000000000002,76.3,30.900000000000002,76.3,2016-12-19 03:43:59.999
1,114310.0,1143.0,16.0,Fategharh,Punjab,30.900000000000002,76.3,30.900000000000002,76.3,2016-12-02 03:11:00.000
1,114310.0,1143.0,16.0,Fategharh,Punjab,30.900000000000002,76.3,30.900000000000002,76.3,2017-02-02 03:11:05.000
1,114310.0,1143.0,16.0,Fategharh,Punjab,30.900000000000002,76.3,30.900000000000002,76.3,2016-12-17 03:26:00.000
1,114310.0,1143.0,16.0,Fategharh,Punjab,30.900000000000002,76.3,30.900000000000002,76.3,2016-11-25 00:04:59.999
1,114310.0,1143.0,16.0,Fategharh,Punjab,30.900000000000002,76.3,30.900000000000002,76.3,2017-04-04 03:26:46.000
1,114310.0,1143.0,16.0,Fategharh,Punjab,30.900000000000002,76.3,30.900000000000002,76.3,2016-12-24 03:53:00.000
1,114310.0,1143.0,16.0,Fategharh,Punjab,30.900000000000002,76.3,30.900000000000002,76.3,2016-11-20 00:48:00.000
1,114310.0,1143.0,16.0,Fategharh,Punjab,30.900000000000002,76.3,30.900000000000002,76.3,2016-12-15 04:01:00.000
1,114310.0,1143.0,16.0,Fategharh,Punjab,30.900000000000002,76.3,30.900000000000002,76.3,2016-11-22 03:30:00.000
1,114315.0,1143.0,16.0,Fategharh,Punjab,30.900000000000002,76.3,30.900000000000002,76.3,2017-03-18 06:27:12.000
1,114315.0,1143.0,16.0,Fategharh,Punjab,30.900000000000002,76.3,30.900000000000002,76.3,2017-01-09 04:10:42.999
1,114315.0,1143.0,16.0,Fategharh,Punjab,30.900000000000002,76.3,30.900000000000002,76.3,2017-01-09 04:11:32.000
1,114315.0,1143.0,16.0,Fategharh,Punjab,30.900000000000002,76.3,30.900000000000002,76.3,2017-01-27 02:11:55.000
1,114315.0,1143.0,16.0,Fategharh,Punjab,30.900000000000002,76.3,30.900000000000002,76.3,2017-02-04 00:54:41.000
1,114315.0,1143.0,16.0,Fategharh,Punjab,30.900000000000002,76.3,30.900000000000002,76.3,2016-12-28 23:41:00.000
1,114315.0,1143.0,16.0,Fategharh,Punjab,30.900000000000002,76.3,30.900000000000002,76.3,2016-12-13 05:06:00.000
1,114315.0,1143.0,16.0,Fategharh,Punjab,30.900000000000002,76.3,30.900000000000002,76.3,2017-02-17 05:47:28.999
1,114315.0,1143.0,16.0,Fategharh,Punjab,30.900000000000002,76.3,30.900000000000002,76.3,2017-02-02 04:26:57.000
1,114315.0,1143.0,16.0,Fategharh,Punjab,30.900000000000002,76.3,,,2017-04-04 04:33:29.600
1,114315.0,1143.0,16.0,Fategharh,Punjab,30.900000000000002,76.3,30.900000000000002,76.3,2017-01-02 05:39:36.000
1,114315.0,1143.0,16.0,Fategharh,Punjab,30.900000000000002,76.3,30.900000000000002,76.3,2016-11-30 23:16:00.000
1,114315.0,1143.0,16.0,Fategharh,Punjab,30.900000000000002,76.3,30.900000000000002,76.3,2017-02-23 02:57:11.999
1,114315.0,1143.0,16.0,Fategharh,Punjab,30.900000000000002,76.3,30.900000000000002,76.3,2017-03-13 04:38:45.000
1,114315.0,1143.0,16.0,Fategharh,Punjab,30.900000000000002,76.3,30.900000000000002,76.3,2017-03-29 23:43:06.000
1,114315.0,1143.0,16.0,Fategharh,Punjab,30.900000000000002,76.3,30.900000000000002,76.3,2017-03-08 22:58:23.000
1,114315.0,1143.0,16.0,Fategharh,Punjab,30.900000000000002,76.3,30.900000000000002,76.3,2017-03-11 05:00:39.000
1,114315.0,1143.0,16.0,Fategharh,Punjab,30.900000000000002,76.3,30.900000000000002,76.3,2017-01-11 04:57:45.999
1,114315.0,1143.0,16.0,Fategharh,Punjab,30.900000000000002,76.3,30.900000000000002,76.3,2017-02-14 03:13:56.000
1,114315.0,1143.0,16.0,Fategharh,Punjab,30.900000000000002,76.3,30.900000000000002,76.3,2017-02-26 04:31:34.000
1,114315.0,1143.0,16.0,Fategharh,Punjab,30.900000000000002,76.3,30.900000000000002,76.3,2017-02-04 00:53:34.000
1,114315.0,1143.0,16.0,Fategharh,Punjab,30.900000000000002,76.3,30.900000000000002,76.3,2017-03-08 23:01:12.000
1,114315.0,1143.0,16.0,Fategharh,Punjab,30.900000000000002,76.3,30.900000000000002,76.3,2017-03-08 23:04:34.999
1,114315.0,1143.0,16.0,Fategharh,Punjab,30.900000000000002,76.3,30.900000000000002,76.3,2017-04-04 03:25:55.999
1,114315.0,1143.0,16.0,Fategharh,Punjab,30.900000000000002,76.3,30.900000000000002,76.3,2016-12-06 23:55:59.999
1,114315.0,1143.0,16.0,Fategharh,Punjab,30.900000000000002,76.3,30.900000000000002,76.3,2017-02-09 05:21:11.000
1,114315.0,1143.0,16.0,Fategharh,Punjab,30.900000000000002,76.3,30.900000000000002,76.3,2017-01-20 04:59:54.000
1,114315.0,1143.0,16.0,Fategharh,Punjab,30.900000000000002,76.3,30.900000000000002,76.3,2017-03-27 06:46:43.999
1,114315.0,1143.0,16.0,Fategharh,Punjab,30.900000000000002,76.3,30.900000000000002,76.3,2017-03-06 05:50:20.999
1,114315.0,1143.0,16.0,Fategharh,Punjab,30.900000000000002,76.3,30.900000000000002,76.3,2017-04-04 03:34:05.999
1,114315.0,1143.0,16.0,Fategharh,Punjab,30.900000000000002,76.3,30.900000000000002,76.3,2017-03-21 07:13:52.000
1,114315.0,1143.0,16.0,Fategharh,Punjab,30.900000000000002,76.3,30.900000000000002,76.3,2016-12-09 03:30:00.000
1,114315.0,1143.0,16.0,Fategharh,Punjab,30.900000000000002,76.3,30.900000000000002,76.3,2016-11-29 02:12:00.000
1,114315.0,1143.0,16.0,Fategharh,Punjab,30.900000000000002,76.3,30.900000000000002,76.3,2017-01-25 03:33:35.000
1,114315.0,1143.0,16.0,Fategharh,Punjab,30.900000000000002,76.3,,,2017-04-04 04:33:29.600
1,114315.0,1143.0,16.0,Fategharh,Punjab,30.900000000000002,76.3,30.900000000000002,76.3,2016-12-17 05:31:00.000
1,114315.0,1143.0,16.0,Fategharh,Punjab,30.900000000000002,76.3,30.900000000000002,76.3,2016-12-27 04:31:00.000
1,114318.0,1143.0,16.0,Fategharh,Punjab,30.900000000000002,76.3,30.900000000000002,76.3,2016-12-18 00:32:00.000
1,114318.0,1143.0,16.0,Fategharh,Punjab,30.900000000000002,76.3,30.900000000000002,76.3,2016-11-17 22:43:00.000
1,114318.0,1143.0,16.0,Fategharh,Punjab,30.900000000000002,76.3,30.900000000000002,76.3,2016-11-20 01:36:00.000
1,114318.0,1143.0,16.0,Fategharh,Punjab,30.900000000000002,76.3,30.900000000000002,76.3,2016-12-14 01:12:59.999
1,114318.0,1143.0,16.0,Fategharh,Punjab,30.900000000000002,76.3,,,2017-04-04 06:13:58.912
1,114318.0,1143.0,16.0,Fategharh,Punjab,30.900000000000002,76.3,,,2017-04-04 06:13:58.912
1,114318.0,1143.0,16.0,Fategharh,Punjab,30.900000000000002,76.3,30.900000000000002,76.3,2016-12-12 00:32:00.000
1,114320.0,1143.0,16.0,Fategharh,Punjab,30.900000000000002,76.3,30.900000000000002,76.3,2016-12-01 00:01:59.999
1,114320.0,1143.0,16.0,Fategharh,Punjab,30.900000000000002,76.3,30.900000000000002,76.3,2016-12-03 03:22:00.000
1,114320.0,1143.0,16.0,Fategharh,Punjab,30.900000000000002,76.3,,,2017-04-04 05:06:15.680
1,114320.0,1143.0,16.0,Fategharh,Punjab,30.900000000000002,76.3,30.900000000000002,76.3,2016-11-03 01:50:59.999
1,114320.0,1143.0,16.0,Fategharh,Punjab,30.900000000000002,76.3,30.900000000000002,76.3,2017-03-21 23:22:03.999
1,114320.0,1143.0,16.0,Fategharh,Punjab,30.900000000000002,76.3,30.900000000000002,76.3,2016-12-24 00:23:00.000
1,114320.0,1143.0,16.0,Fategharh,Punjab,30.900000000000002,76.3,30.900000000000002,76.3,2017-04-04 03:54:58.999
1,114320.0,1143.0,16.0,Fategharh,Punjab,30.900000000000002,76.3,30.900000000000002,76.3,2016-12-25 22:56:00.000
1,114320.0,1143.0,16.0,Fategharh,Punjab,30.900000000000002,76.3,30.900000000000002,76.3,2017-01-31 02:15:57.999
1,114320.0,1143.0,16.0,Fategharh,Punjab,30.900000000000002,76.3,30.900000000000002,76.3,2017-02-20 00:06:00.000
1,114320.0,1143.0,16.0,Fategharh,Punjab,30.900000000000002,76.3,30.900000000000002,76.3,2016-11-17 23:57:00.000
1,114320.0,1143.0,16.0,Fategharh,Punjab,30.900000000000002,76.3,,,2017-04-04 05:06:15.680
1,114320.0,1143.0,16.0,Fategharh,Punjab,30.900000000000002,76.3,30.900000000000002,76.3,2017-01-20 22:57:50.000
1,114320.0,1143.0,16.0,Fategharh,Punjab,30.900000000000002,76.3,30.900000000000002,76.3,2017-03-20 00:23:38.999
1,114320.0,1143.0,16.0,Fategharh,Punjab,30.900000000000002,76.3,30.900000000000002,76.3,2016-11-27 22:53:00.000
1,114320.0,1143.0,16.0,Fategharh,Punjab,30.900000000000002,76.3,30.900000000000002,76.3,2017-03-16 01:57:45.999
1,114320.0,1143.0,16.0,Fategharh,Punjab,30.900000000000002,76.3,30.900000000000002,76.3,2017-01-22 04:17:20.000
1,114320.0,1143.0,16.0,Fategharh,Punjab,30.900000000000002,76.3,30.900000000000002,76.3,2016-11-09 00:01:00.000
1,114320.0,1143.0,16.0,Fategharh,Punjab,30.900000000000002,76.3,30.900000000000002,76.3,2017-03-12 00:41:07.000
1,114320.0,1143.0,16.0,Fategharh,Punjab,30.900000000000002,76.3,30.900000000000002,76.3,2017-03-14 04:26:17.000
1,114320.0,1143.0,16.0,Fategharh,Punjab,30.900000000000002,76.3,30.900000000000002,76.3,2017-03-08 21:38:20.999
1,114321.0,1143.0,16.0,Fategharh,Punjab,30.900000000000002,76.3,30.900000000000002,76.3,2016-11-21 23:23:00.000
1,114321.0,1143.0,16.0,Fategharh,Punjab,30.900000000000002,76.3,30.900000000000002,76.3,2016-12-14 01:38:59.999
1,114321.0,1143.0,16.0,Fategharh,Punjab,30.900000000000002,76.3,30.900000000000002,76.3,2017-01-10 23:22:16.000
1,114321.0,1143.0,16.0,Fategharh,Punjab,30.900000000000002,76.3,30.900000000000002,76.3,2016-11-20 02:42:59.999
1,114321.0,1143.0,16.0,Fategharh,Punjab,30.900000000000002,76.3,30.900000000000002,76.3,2017-02-21 02:05:28.999
1,114321.0,1143.0,16.0,Fategharh,Punjab,30.900000000000002,76.3,30.900000000000002,76.3,2017-02-12 04:45:15.000
1,114321.0,1143.0,16.0,Fategharh,Punjab,30.900000000000002,76.3,30.900000000000002,76.3,2016-11-05 00:00:00.000
1,114321.0,1143.0,16.0,Fategharh,Punjab,30.900000000000002,76.3,30.900000000000002,76.3,2017-01-17 04:30:25.000
1,114321.0,1143.0,16.0,Fategharh,Punjab,30.900000000000002,76.3,30.900000000000002,76.3,2016-11-25 23:51:59.999
1,114321.0,1143.0,16.0,Fategharh,Punjab,30.900000000000002,76.3,30.900000000000002,76.3,2016-12-08 23:54:00.000
1,114321.0,1143.0,16.0,Fategharh,Punjab,30.900000000000002,76.3,30.900000000000002,76.3,2016-12-22 04:15:00.000
1,114321.0,1143.0,16.0,Fategharh,Punjab,30.900000000000002,76.3,30.900000000000002,76.3,2016-11-07 23:37:00.000
1,114321.0,1143.0,16.0,Fategharh,Punjab,30.900000000000002,76.3,30.900000000000002,76.3,2017-03-21 02:55:21.000
1,114321.0,1143.0,16.0,Fategharh,Punjab,30.900000000000002,76.3,30.900000000000002,76.3,2017-02-25 04:42:42.999
1,114321.0,1143.0,16.0,Fategharh,Punjab,30.900000000000002,76.3,30.900000000000002,76.3,2016-12-07 00:07:00.000
1,114321.0,1143.0,16.0,Fategharh,Punjab,30.900000000000002,76.3,30.900000000000002,76.3,2016-12-15 04:28:00.000
1,114321.0,1143.0,16.0,Fategharh,Punjab,30.900000000000002,76.3,30.900000000000002,76.3,2017-01-06 04:27:08.000
1,114321.0,1143.0,16.0,Fategharh,Punjab,30.900000000000002,76.3,30.900000000000002,76.3,2016-12-07 00:04:59.999
1,114321.0,1143.0,16.0,Fategharh,Punjab,30.900000000000002,76.3,30.900000000000002,76.3,2017-03-03 04:43:49.000
1,114321.0,1143.0,16.0,Fategharh,Punjab,30.900000000000002,76.3,30.900000000000002,76.3,2017-04-04 03:00:38.999
1,114321.0,1143.0,16.0,Fategharh,Punjab,30.900000000000002,76.3,30.900000000000002,76.3,2017-04-04 03:06:57.000
1,114321.0,1143.0,16.0,Fategharh,Punjab,30.900000000000002,76.3,30.900000000000002,76.3,2017-01-21 01:26:26.000
1,114321.0,1143.0,16.0,Fategharh,Punjab,30.900000000000002,76.3,,,2017-04-04 04:07:16.736
1,114321.0,1143.0,16.0,Fategharh,Punjab,30.900000000000002,76.3,30.900000000000002,76.3,2016-11-16 23:06:00.000
1,114321.0,1143.0,16.0,Fategharh,Punjab,30.900000000000002,76.3,30.900000000000002,76.3,2016-11-14 00:49:59.999
1,114321.0,1143.0,16.0,Fategharh,Punjab,30.900000000000002,76.3,30.900000000000002,76.3,2017-01-15 06:16:52.000
1,114321.0,1143.0,16.0,Fategharh,Punjab,30.900000000000002,76.3,30.900000000000002,76.3,2016-11-04 23:58:00.000
1,114321.0,1143.0,16.0,Fategharh,Punjab,30.900000000000002,76.3,30.900000000000002,76.3,2017-02-07 04:29:58.999
1,114321.0,1143.0,16.0,Fategharh,Punjab,30.900000000000002,76.3,30.900000000000002,76.3,2016-11-24 04:04:00.000
1,114321.0,1143.0,16.0,Fategharh,Punjab,30.900000000000002,76.3,,,2017-04-04 04:07:16.736
1,114322.0,1143.0,16.0,Fategharh,Punjab,30.900000000000002,76.3,30.900000000000002,76.3,2016-11-16 01:38:00.000
1,114322.0,1143.0,16.0,Fategharh,Punjab,30.900000000000002,76.3,30.900000000000002,76.3,2017-01-02 23:51:29.000
1,114322.0,1143.0,16.0,Fategharh,Punjab,30.900000000000002,76.3,30.900000000000002,76.3,2016-12-11 01:04:00.000
1,114322.0,1143.0,16.0,Fategharh,Punjab,30.900000000000002,76.3,30.900000000000002,76.3,2017-02-08 23:39:04.000
1,114322.0,1143.0,16.0,Fategharh,Punjab,30.900000000000002,76.3,30.900000000000002,76.3,2017-01-22 02:11:42.999
1,114323.0,1143.0,16.0,Fategharh,Punjab,30.900000000000002,76.3,30.900000000000002,76.3,2017-01-04 03:25:01.999
1,114323.0,1143.0,16.0,Fategharh,Punjab,30.900000000000002,76.3,30.900000000000002,76.3,2016-11-03 03:14:00.000
1,114323.0,1143.0,16.0,Fategharh,Punjab,30.900000000000002,76.3,30.900000000000002,76.3,2017-03-18 00:05:15.999
1,114323.0,1143.0,16.0,Fategharh,Punjab,30.900000000000002,76.3,30.900000000000002,76.3,2017-01-21 00:16:16.000
1,114323.0,1143.0,16.0,Fategharh,Punjab,30.900000000000002,76.3,30.900000000000002,76.3,2016-11-11 22:44:00.000
1,114323.0,1143.0,16.0,Fategharh,Punjab,30.900000000000002,76.3,30.900000000000002,76.3,2017-04-04 03:11:08.000
1,114323.0,1143.0,16.0,Fategharh,Punjab,30.900000000000002,76.3,30.900000000000002,76.3,2016-11-03 03:11:00.000
1,114323.0,1143.0,16.0,Fategharh,Punjab,30.900000000000002,76.3,30.900000000000002,76.3,2017-04-02 23:33:21.999
1,114323.0,1143.0,16.0,Fategharh,Punjab,30.900000000000002,76.3,30.900000000000002,76.3,2016-11-16 23:29:59.999
1,114323.0,1143.0,16.0,Fategharh,Punjab,30.900000000000002,76.3,30.900000000000002,76.3,2016-11-30 23:42:00.000
1,114323.0,1143.0,16.0,Fategharh,Punjab,30.900000000000002,76.3,30.900000000000002,76.3,2016-11-09 01:18:00.000
1,114323.0,1143.0,16.0,Fategharh,Punjab,30.900000000000002,76.3,30.900000000000002,76.3,2016-11-03 03:17:59.999
1,114323.0,1143.0,16.0,Fategharh,Punjab,30.900000000000002,76.3,30.900000000000002,76.3,2017-02-24 05:05:07.000
1,114323.0,1143.0,16.0,Fategharh,Punjab,30.900000000000002,76.3,30.900000000000002,76.3,2016-11-19 00:29:00.000
1,114323.0,1143.0,16.0,Fategharh,Punjab,30.900000000000002,76.3,30.900000000000002,76.3,2016-11-07 01:02:00.000
1,114323.0,1143.0,16.0,Fategharh,Punjab,30.900000000000002,76.3,30.900000000000002,76.3,2016-11-14 23:48:00.000
1,114323.0,1143.0,16.0,Fategharh,Punjab,30.900000000000002,76.3,30.900000000000002,76.3,2017-03-28 04:58:14.000
1,114323.0,1143.0,16.0,Fategharh,Punjab,30.900000000000002,76.3,,,2017-04-04 04:20:23.168
1,114323.0,1143.0,16.0,Fategharh,Punjab,30.900000000000002,76.3,30.900000000000002,76.3,2017-01-01 01:24:33.000
1,114323.0,1143.0,16.0,Fategharh,Punjab,30.900000000000002,76.3,,,2017-04-04 04:20:23.168
1,114323.0,1143.0,16.0,Fategharh,Punjab,30.900000000000002,76.3,30.900000000000002,76.3,2017-02-20 00:21:34.000
1,114327.0,1143.0,16.0,Fategharh,Punjab,30.900000000000002,76.3,30.900000000000002,76.3,2016-12-02 04:21:59.999
1,114327.0,1143.0,16.0,Fategharh,Punjab,30.900000000000002,76.3,30.900000000000002,76.3,2016-11-27 01:02:00.000
1,114327.0,1143.0,16.0,Fategharh,Punjab,30.900000000000002,76.3,30.900000000000002,76.3,2017-04-12 22:47:38.000
1,114327.0,1143.0,16.0,Fategharh,Punjab,30.900000000000002,76.3,30.900000000000002,76.3,2017-03-26 06:56:48.000
1,114327.0,1143.0,16.0,Fategharh,Punjab,30.900000000000002,76.3,30.900000000000002,76.3,2016-11-10 02:29:59.999
1,114327.0,1143.0,16.0,Fategharh,Punjab,30.900000000000002,76.3,30.900000000000002,76.3,2016-11-13 23:48:00.000
1,114327.0,1143.0,16.0,Fategharh,Punjab,30.900000000000002,76.3,30.900000000000002,76.3,2017-04-04 03:14:00.000
1,114327.0,1143.0,16.0,Fategharh,Punjab,30.900000000000002,76.3,30.900000000000002,76.3,2016-12-25 23:28:00.000
1,114327.0,1143.0,16.0,Fategharh,Punjab,30.900000000000002,76.3,30.900000000000002,76.3,2016-12-19 04:15:00.000
1,114327.0,1143.0,16.0,Fategharh,Punjab,30.900000000000002,76.3,30.900000000000002,76.3,2016-11-12 03:46:59.999
1,114327.0,1143.0,16.0,Fategharh,Punjab,30.900000000000002,76.3,,,2017-04-04 04:18:12.096
1,114327.0,1143.0,16.0,Fategharh,Punjab,30.900000000000002,76.3,30.900000000000002,76.3,2016-12-06 22:53:00.000
1,114327.0,1143.0,16.0,Fategharh,Punjab,30.900000000000002,76.3,30.900000000000002,76.3,2016-11-16 02:23:59.999
1,114327.0,1143.0,16.0,Fategharh,Punjab,30.900000000000002,76.3,30.900000000000002,76.3,2017-04-10 22:09:10.000
1,114327.0,1143.0,16.0,Fategharh,Punjab,30.900000000000002,76.3,30.900000000000002,76.3,2016-12-17 05:09:00.000
1,114327.0,1143.0,16.0,Fategharh,Punjab,30.900000000000002,76.3,30.900000000000002,76.3,2016-11-23 02:19:00.000
1,114327.0,1143.0,16.0,Fategharh,Punjab,30.900000000000002,76.3,30.900000000000002,76.3,2016-12-04 21:14:59.999
1,114327.0,1143.0,16.0,Fategharh,Punjab,30.900000000000002,76.3,,,2017-04-04 04:18:12.096
1,114327.0,1143.0,16.0,Fategharh,Punjab,30.900000000000002,76.3,30.900000000000002,76.3,2016-11-04 03:46:59.999
1,114327.0,1143.0,16.0,Fategharh,Punjab,30.900000000000002,76.3,30.900000000000002,76.3,2016-12-30 03:30:59.999
1,114327.0,1143.0,16.0,Fategharh,Punjab,30.900000000000002,76.3,30.900000000000002,76.3,2017-02-09 01:22:28.000
1,114327.0,1143.0,16.0,Fategharh,Punjab,30.900000000000002,76.3,30.900000000000002,76.3,2017-01-06 06:00:13.000
1,114327.0,1143.0,16.0,Fategharh,Punjab,30.900000000000002,76.3,30.900000000000002,76.3,2017-03-27 21:57:34.999
1,117901.0,1179.0,3.0,Fategharh,Punjab,30.700000000000003,76.4,30.700000000000003,76.4,2016-12-02 01:57:00.000
1,117901.0,1179.0,3.0,Fategharh,Punjab,30.700000000000003,76.4,30.700000000000003,76.4,2017-04-06 01:33:06.999
1,117901.0,1179.0,3.0,Fategharh,Punjab,30.700000000000003,76.4,30.700000000000003,76.4,2017-03-31 22:57:48.000
1,117901.0,1179.0,3.0,Fategharh,Punjab,30.700000000000003,76.4,30.700000000000003,76.4,2016-12-18 01:41:00.000
1,117901.0,1179.0,3.0,Fategharh,Punjab,30.700000000000003,76.4,,,2017-04-06 02:36:55.680
1,117901.0,1179.0,3.0,Fategharh,Punjab,30.700000000000003,76.4,30.700000000000003,76.4,2017-04-04 23:20:04.000
1,117901.0,1179.0,3.0,Fategharh,Punjab,30.700000000000003,76.4,30.700000000000003,76.4,2017-01-18 01:25:08.000
1,117901.0,1179.0,3.0,Fategharh,Punjab,30.700000000000003,76.4,30.700000000000003,76.4,2016-11-22 02:00:00.000
1,117901.0,1179.0,3.0,Fategharh,Punjab,30.700000000000003,76.4,30.700000000000003,76.4,2017-01-28 23:16:19.999
1,117901.0,1179.0,3.0,Fategharh,Punjab,30.700000000000003,76.4,30.700000000000003,76.4,2017-02-25 01:24:30.999
1,117901.0,1179.0,3.0,Fategharh,Punjab,30.700000000000003,76.4,30.700000000000003,76.4,2017-01-23 23:15:46.000
1,117901.0,1179.0,3.0,Fategharh,Punjab,30.700000000000003,76.4,30.700000000000003,76.4,2017-03-14 01:02:03.999
1,117901.0,1179.0,3.0,Fategharh,Punjab,30.700000000000003,76.4,30.700000000000003,76.4,2017-02-20 01:00:41.000
1,117901.0,1179.0,3.0,Fategharh,Punjab,30.700000000000003,76.4,30.700000000000003,76.4,2016-12-11 01:53:00.000
1,117901.0,1179.0,3.0,Fategharh,Punjab,30.700000000000003,76.4,30.700000000000003,76.4,2016-12-13 23:25:00.000
1,117901.0,1179.0,3.0,Fategharh,Punjab,30.700000000000003,76.4,30.700000000000003,76.4,2017-01-19 23:30:06.000
1,117901.0,1179.0,3.0,Fategharh,Punjab,30.700000000000003,76.4,30.700000000000003,76.4,2016-12-07 03:40:00.000
1,117901.0,1179.0,3.0,Fategharh,Punjab,30.700000000000003,76.4,30.700000000000003,76.4,2017-03-10 01:04:17.999
1,117901.0,1179.0,3.0,Fategharh,Punjab,30.700000000000003,76.4,30.700000000000003,76.4,2017-01-01 23:39:16.999
1,117901.0,1179.0,3.0,Fategharh,Punjab,30.700000000000003,76.4,30.700000000000003,76.4,2016-12-09 02:12:00.000
1,117901.0,1179.0,3.0,Fategharh,Punjab,30.700000000000003,76.4,30.700000000000003,76.4,2017-04-03 01:08:35.000
1,117901.0,1179.0,3.0,Fategharh,Punjab,30.700000000000003,76.4,30.700000000000003,76.4,2017-03-12 01:32:45.000
1,117901.0,1179.0,3.0,Fategharh,Punjab,30.700000000000003,76.4,30.700000000000003,76.4,2016-12-15 23:23:59.999
1,117901.0,1179.0,3.0,Fategharh,Punjab,30.700000000000003,76.4,30.700000000000003,76.4,2016-11-25 00:33:00.000
1,117901.0,1179.0,3.0,Fategharh,Punjab,30.700000000000003,76.4,30.700000000000003,76.4,2017-02-02 01:00:56.000
1,117901.0,1179.0,3.0,Fategharh,Punjab,30.700000000000003,76.4,30.700000000000003,76.4,2017-02-28 01:49:46.000
1,117901.0,1179.0,3.0,Fategharh,Punjab,30.700000000000003,76.4,30.700000000000003,76.4,2017-02-06 02:17:42.000
1,117901.0,1179.0,3.0,Fategharh,Punjab,30.700000000000003,76.4,30.700000000000003,76.4,2017-01-01 23:38:29.000
1,117901.0,1179.0,3.0,Fategharh,Punjab,30.700000000000003,76.4,30.700000000000003,76.4,2017-01-05 23:35:26.000
1,117901.0,1179.0,3.0,Fategharh,Punjab,30.700000000000003,76.4,30.700000000000003,76.4,2016-12-25 01:20:00.000
1,117901.0,1179.0,3.0,Fategharh,Punjab,30.700000000000003,76.4,30.700000000000003,76.4,2017-02-15 23:06:46.000
1,117901.0,1179.0,3.0,Fategharh,Punjab,30.700000000000003,76.4,30.700000000000003,76.4,2017-02-09 01:13:26.999
1,117901.0,1179.0,3.0,Fategharh,Punjab,30.700000000000003,76.4,30.700000000000003,76.4,2017-03-22 01:58:15.999
1,117901.0,1179.0,3.0,Fategharh,Punjab,30.700000000000003,76.4,30.700000000000003,76.4,2017-03-04 01:18:18.000
1,117901.0,1179.0,3.0,Fategharh,Punjab,30.700000000000003,76.4,30.700000000000003,76.4,2017-03-27 23:53:39.999
1,117901.0,1179.0,3.0,Fategharh,Punjab,30.700000000000003,76.4,30.700000000000003,76.4,2017-02-10 23:27:17.000
1,117901.0,1179.0,3.0,Fategharh,Punjab,30.700000000000003,76.4,30.700000000000003,76.4,2017-04-06 01:28:03.000
1,117901.0,1179.0,3.0,Fategharh,Punjab,30.700000000000003,76.4,30.700000000000003,76.4,2017-02-04 22:27:08.000
1,117901.0,1179.0,3.0,Fategharh,Punjab,30.700000000000003,76.4,30.700000000000003,76.4,2017-02-28 01:48:47.000
1,117901.0,1179.0,3.0,Fategharh,Punjab,30.700000000000003,76.4,30.700000000000003,76.4,2017-04-10 23:01:47.000
1,117901.0,1179.0,3.0,Fategharh,Punjab,30.700000000000003,76.4,30.700000000000003,76.4,2017-02-20 01:01:33.999
1,117901.0,1179.0,3.0,Fategharh,Punjab,30.700000000000003,76.4,30.700000000000003,76.4,2016-12-07 03:39:00.000
1,117901.0,1179.0,3.0,Fategharh,Punjab,30.700000000000003,76.4,30.700000000000003,76.4,2017-02-12 23:05:51.000
1,117901.0,1179.0,3.0,Fategharh,Punjab,30.700000000000003,76.4,30.700000000000003,76.4,2017-02-01 02:03:34.000
1,117901.0,1179.0,3.0,Fategharh,Punjab,30.700000000000003,76.4,30.700000000000003,76.4,2017-03-07 23:36:17.000
1,117901.0,1179.0,3.0,Fategharh,Punjab,30.700000000000003,76.4,30.700000000000003,76.4,2017-03-02 23:21:14.000
1,117901.0,1179.0,3.0,Fategharh,Punjab,30.700000000000003,76.4,,,2017-04-06 02:36:55.680
1,117901.0,1179.0,3.0,Fategharh,Punjab,30.700000000000003,76.4,30.700000000000003,76.4,2016-12-17 02:16:59.999
1,117901.0,1179.0,3.0,Fategharh,Punjab,30.700000000000003,76.4,30.700000000000003,76.4,2017-01-15 00:29:20.000
1,117901.0,1179.0,3.0,Fategharh,Punjab,30.700000000000003,76.4,30.700000000000003,76.4,2017-02-21 22:41:43.000
1,117901.0,1179.0,3.0,Fategharh,Punjab,30.700000000000003,76.4,30.700000000000003,76.4,2017-01-07 23:06:00.000
1,117901.0,1179.0,3.0,Fategharh,Punjab,30.700000000000003,76.4,30.700000000000003,76.4,2017-03-25 06:08:24.999
1,117901.0,1179.0,3.0,Fategharh,Punjab,30.700000000000003,76.4,30.700000000000003,76.4,2017-03-16 01:27:25.999
1,117912.0,1179.0,3.0,Fategharh,Punjab,30.700000000000003,76.4,30.700000000000003,76.4,2017-04-06 01:57:58.000
1,117912.0,1179.0,3.0,Fategharh,Punjab,30.700000000000003,76.4,,,2017-04-06 03:03:08.544
1,117912.0,1179.0,3.0,Fategharh,Punjab,30.700000000000003,76.4,,,2017-04-06 03:03:08.544
1,117912.0,1179.0,3.0,Fategharh,Punjab,30.700000000000003,76.4,30.700000000000003,76.4,2017-02-15 02:25:57.000
1,117912.0,1179.0,3.0,Fategharh,Punjab,30.700000000000003,76.4,30.700000000000003,76.4,2016-12-11 01:38:00.000
1,117912.0,1179.0,3.0,Fategharh,Punjab,30.700000000000003,76.4,30.700000000000003,76.4,2017-02-17 01:52:31.999
1,117912.0,1179.0,3.0,Fategharh,Punjab,30.700000000000003,76.4,30.700000000000003,76.4,2017-04-06 01:53:25.000
1,117912.0,1179.0,3.0,Fategharh,Punjab,30.700000000000003,76.4,30.700000000000003,76.4,2017-02-21 00:33:42.000
1,117912.0,1179.0,3.0,Fategharh,Punjab,30.700000000000003,76.4,30.700000000000003,76.4,2017-02-24 01:50:26.000
1,117912.0,1179.0,3.0,Fategharh,Punjab,30.700000000000003,76.4,30.700000000000003,76.4,2017-01-15 01:49:36.000
1,117912.0,1179.0,3.0,Fategharh,Punjab,30.700000000000003,76.4,30.700000000000003,76.4,2017-01-07 00:37:36.000
1,117915.0,1179.0,3.0,Fategharh,Punjab,30.700000000000003,76.4,30.700000000000003,76.4,2017-01-31 01:18:38.999
1,117915.0,1179.0,3.0,Fategharh,Punjab,30.700000000000003,76.4,30.700000000000003,76.4,2017-01-24 02:17:41.000
1,117915.0,1179.0,3.0,Fategharh,Punjab,30.700000000000003,76.4,30.700000000000003,76.4,2017-03-10 03:03:12.000
1,117915.0,1179.0,3.0,Fategharh,Punjab,30.700000000000003,76.4,30.700000000000003,76.4,2016-11-26 03:19:00.000
1,117915.0,1179.0,3.0,Fategharh,Punjab,30.700000000000003,76.4,30.700000000000003,76.4,2017-02-18 04:06:42.000
1,117915.0,1179.0,3.0,Fategharh,Punjab,30.700000000000003,76.4,30.700000000000003,76.4,2017-01-05 02:08:39.000
1,117915.0,1179.0,3.0,Fategharh,Punjab,30.700000000000003,76.4,30.700000000000003,76.4,2017-04-18 21:24:05.999
1,117915.0,1179.0,3.0,Fategharh,Punjab,30.700000000000003,76.4,30.700000000000003,76.4,2017-02-07 00:03:57.999
1,117915.0,1179.0,3.0,Fategharh,Punjab,30.700000000000003,76.4,30.700000000000003,76.4,2017-03-24 22:50:59.000
1,117915.0,1179.0,3.0,Fategharh,Punjab,30.700000000000003,76.4,30.700000000000003,76.4,2016-11-19 01:50:00.000
1,117915.0,1179.0,3.0,Fategharh,Punjab,30.700000000000003,76.4,30.700000000000003,76.4,2017-02-22 23:06:06.000
1,117915.0,1179.0,3.0,Fategharh,Punjab,30.700000000000003,76.4,30.700000000000003,76.4,2017-02-15 04:19:48.000
1,117915.0,1179.0,3.0,Fategharh,Punjab,30.700000000000003,76.4,30.700000000000003,76.4,2016-12-29 01:38:59.999
1,117915.0,1179.0,3.0,Fategharh,Punjab,30.700000000000003,76.4,30.700000000000003,76.4,2017-01-03 01:29:55.000
1,117915.0,1179.0,3.0,Fategharh,Punjab,30.700000000000003,76.4,30.700000000000003,76.4,2017-01-14 03:16:27.000
1,117915.0,1179.0,3.0,Fategharh,Punjab,30.700000000000003,76.4,30.700000000000003,76.4,2016-12-01 00:38:00.000
1,117915.0,1179.0,3.0,Fategharh,Punjab,30.700000000000003,76.4,30.700000000000003,76.4,2017-04-03 05:05:51.000
1,117915.0,1179.0,3.0,Fategharh,Punjab,30.700000000000003,76.4,30.700000000000003,76.4,2017-03-16 05:17:05.000
1,117915.0,1179.0,3.0,Fategharh,Punjab,30.700000000000003,76.4,30.700000000000003,76.4,2017-01-10 00:10:11.999
1,117915.0,1179.0,3.0,Fategharh,Punjab,30.700000000000003,76.4,,,2017-04-06 02:08:31.744
1,117915.0,1179.0,3.0,Fategharh,Punjab,30.700000000000003,76.4,30.700000000000003,76.4,2016-12-15 00:14:59.999
1,117915.0,1179.0,3.0,Fategharh,Punjab,30.700000000000003,76.4,,,2017-04-06 02:08:31.744
1,117915.0,1179.0,3.0,Fategharh,Punjab,30.700000000000003,76.4,30.700000000000003,76.4,2016-11-22 03:20:59.999
1,117915.0,1179.0,3.0,Fategharh,Punjab,30.700000000000003,76.4,30.700000000000003,76.4,2016-12-13 01:30:00.000
1,117915.0,1179.0,3.0,Fategharh,Punjab,30.700000000000003,76.4,30.700000000000003,76.4,2016-12-16 23:13:00.000
1,117915.0,1179.0,3.0,Fategharh,Punjab,30.700000000000003,76.4,30.700000000000003,76.4,2017-04-06 05:35:37.000
1,117915.0,1179.0,3.0,Fategharh,Punjab,30.700000000000003,76.4,30.700000000000003,76.4,2016-12-07 22:56:00.000
1,117915.0,1179.0,3.0,Fategharh,Punjab,30.700000000000003,76.4,30.700000000000003,76.4,2017-03-28 00:43:50.000
1,117915.0,1179.0,3.0,Fategharh,Punjab,30.700000000000003,76.4,30.700000000000003,76.4,2017-01-20 02:49:48.999
1,117915.0,1179.0,3.0,Fategharh,Punjab,30.700000000000003,76.4,30.700000000000003,76.4,2017-02-09 22:53:33.999
1,117915.0,1179.0,3.0,Fategharh,Punjab,30.700000000000003,76.4,30.700000000000003,76.4,2016-12-31 00:57:52.000
1,117915.0,1179.0,3.0,Fategharh,Punjab,30.700000000000003,76.4,30.700000000000003,76.4,2017-03-30 22:36:55.000
1,117915.0,1179.0,3.0,Fategharh,Punjab,30.700000000000003,76.4,30.700000000000003,76.4,2017-03-20 23:50:58.000
1,117915.0,1179.0,3.0,Fategharh,Punjab,30.700000000000003,76.4,30.700000000000003,76.4,2016-12-23 23:22:00.000
1,117915.0,1179.0,3.0,Fategharh,Punjab,30.700000000000003,76.4,30.700000000000003,76.4,2016-11-21 01:07:00.000
1,117915.0,1179.0,3.0,Fategharh,Punjab,30.700000000000003,76.4,,,2017-04-06 02:08:31.744
1,117915.0,1179.0,3.0,Fategharh,Punjab,30.700000000000003,76.4,,,2017-04-06 02:08:31.744
1,117915.0,1179.0,3.0,Fategharh,Punjab,30.700000000000003,76.4,30.700000000000003,76.4,2017-02-04 01:48:34.000
1,117915.0,1179.0,3.0,Fategharh,Punjab,30.700000000000003,76.4,30.700000000000003,76.4,2017-03-12 05:23:18.000
1,117915.0,1179.0,3.0,Fategharh,Punjab,30.700000000000003,76.4,30.700000000000003,76.4,2017-01-17 00:22:58.999
1,117915.0,1179.0,3.0,Fategharh,Punjab,30.700000000000003,76.4,30.700000000000003,76.4,2017-04-10 06:08:47.000
1,117915.0,1179.0,3.0,Fategharh,Punjab,30.700000000000003,76.4,30.700000000000003,76.4,2017-01-06 22:12:08.999
1,117915.0,1179.0,3.0,Fategharh,Punjab,30.700000000000003,76.4,30.700000000000003,76.4,2017-03-06 21:57:53.000
1,117915.0,1179.0,3.0,Fategharh,Punjab,30.700000000000003,76.4,30.700000000000003,76.4,2016-12-05 22:53:00.000
1,117915.0,1179.0,3.0,Fategharh,Punjab,30.700000000000003,76.4,30.700000000000003,76.4,2017-01-28 00:40:07.000
1,117915.0,1179.0,3.0,Fategharh,Punjab,30.700000000000003,76.4,30.700000000000003,76.4,2016-12-21 23:57:00.000
1,117915.0,1179.0,3.0,Fategharh,Punjab,30.700000000000003,76.4,30.700000000000003,76.4,2017-02-20 22:53:43.999
1,117915.0,1179.0,3.0,Fategharh,Punjab,30.700000000000003,76.4,30.700000000000003,76.4,2016-12-05 01:28:59.999
1,117915.0,1179.0,3.0,Fategharh,Punjab,30.700000000000003,76.4,30.700000000000003,76.4,2016-11-27 23:03:00.000
1,117915.0,1179.0,3.0,Fategharh,Punjab,30.700000000000003,76.4,30.700000000000003,76.4,2017-04-12 22:32:34.999
1,117915.0,1179.0,3.0,Fategharh,Punjab,30.700000000000003,76.4,30.700000000000003,76.4,2017-03-04 00:18:42.999
1,117915.0,1179.0,3.0,Fategharh,Punjab,30.700000000000003,76.4,30.700000000000003,76.4,2017-02-02 01:38:10.999
1,117915.0,1179.0,3.0,Fategharh,Punjab,30.700000000000003,76.4,30.700000000000003,76.4,2017-01-12 02:20:56.000
1,117915.0,1179.0,3.0,Fategharh,Punjab,30.700000000000003,76.4,30.700000000000003,76.4,2017-02-13 00:52:30.999
1,117915.0,1179.0,3.0,Fategharh,Punjab,30.700000000000003,76.4,30.700000000000003,76.4,2017-03-19 05:46:34.000
1,117915.0,1179.0,3.0,Fategharh,Punjab,30.700000000000003,76.4,30.700000000000003,76.4,2016-11-26 03:20:00.000
1,117915.0,1179.0,3.0,Fategharh,Punjab,30.700000000000003,76.4,30.700000000000003,76.4,2016-12-19 22:57:00.000
1,117916.0,1179.0,3.0,Fategharh,Punjab,30.700000000000003,76.4,30.700000000000003,76.4,2017-01-12 01:07:39.000
1,117916.0,1179.0,3.0,Fategharh,Punjab,30.700000000000003,76.4,30.700000000000003,76.4,2017-03-21 21:14:31.000
1,117916.0,1179.0,3.0,Fategharh,Punjab,30.700000000000003,76.4,,,2017-04-06 01:51:03.168
1,117916.0,1179.0,3.0,Fategharh,Punjab,30.700000000000003,76.4,,,2017-04-06 01:51:03.168
1,117916.0,1179.0,3.0,Fategharh,Punjab,30.700000000000003,76.4,30.700000000000003,76.4,2017-03-13 01:14:06.000
1,117916.0,1179.0,3.0,Fategharh,Punjab,30.700000000000003,76.4,30.700000000000003,76.4,2017-02-22 23:15:11.000
1,117916.0,1179.0,3.0,Fategharh,Punjab,30.700000000000003,76.4,30.700000000000003,76.4,2017-03-18 00:22:04.999
1,117916.0,1179.0,3.0,Fategharh,Punjab,30.700000000000003,76.4,30.700000000000003,76.4,2017-02-21 00:17:51.999
1,117916.0,1179.0,3.0,Fategharh,Punjab,30.700000000000003,76.4,30.700000000000003,76.4,2017-02-04 02:43:49.000
1,117916.0,1179.0,3.0,Fategharh,Punjab,30.700000000000003,76.4,30.700000000000003,76.4,2017-04-10 21:59:21.999
1,117916.0,1179.0,3.0,Fategharh,Punjab,30.700000000000003,76.4,30.700000000000003,76.4,2017-03-02 23:00:11.000
1,117916.0,1179.0,3.0,Fategharh,Punjab,30.700000000000003,76.4,30.700000000000003,76.4,2017-02-10 01:14:25.999
1,117916.0,1179.0,3.0,Fategharh,Punjab,30.700000000000003,76.4,30.700000000000003,76.4,2017-03-06 20:42:51.000
1,117916.0,1179.0,3.0,Fategharh,Punjab,30.700000000000003,76.4,30.700000000000003,76.4,2017-01-06 00:43:16.000
1,117916.0,1179.0,3.0,Fategharh,Punjab,30.700000000000003,76.4,30.700000000000003,76.4,2017-03-24 21:57:58.000
1,117916.0,1179.0,3.0,Fategharh,Punjab,30.700000000000003,76.4,30.700000000000003,76.4,2017-04-18 21:15:06.000
1,117916.0,1179.0,3.0,Fategharh,Punjab,30.700000000000003,76.4,30.700000000000003,76.4,2017-02-27 22:34:43.000
1,117920.0,1179.0,3.0,Fategharh,Punjab,30.700000000000003,76.4,,,2017-04-06 02:15:04.960
1,117920.0,1179.0,3.0,Fategharh,Punjab,30.700000000000003,76.4,,,2017-04-06 02:15:04.960
1,117920.0,1179.0,3.0,Fategharh,Punjab,30.700000000000003,76.4,30.700000000000003,76.4,2016-12-05 23:44:00.000
1,117920.0,1179.0,3.0,Fategharh,Punjab,30.700000000000003,76.4,30.700000000000003,76.4,2017-02-26 22:18:54.999
1,117920.0,1179.0,3.0,Fategharh,Punjab,30.700000000000003,76.4,30.700000000000003,76.4,2016-12-17 00:27:00.000
1,117920.0,1179.0,3.0,Fategharh,Punjab,30.700000000000003,76.4,30.700000000000003,76.4,2017-03-03 22:25:53.999
1,117920.0,1179.0,3.0,Fategharh,Punjab,30.700000000000003,76.4,,,2017-04-06 02:15:04.960
1,117920.0,1179.0,3.0,Fategharh,Punjab,30.700000000000003,76.4,30.700000000000003,76.4,2016-12-08 01:15:59.999
1,117920.0,1179.0,3.0,Fategharh,Punjab,30.700000000000003,76.4,30.700000000000003,76.4,2017-03-22 02:09:44.000
1,117920.0,1179.0,3.0,Fategharh,Punjab,30.700000000000003,76.4,30.700000000000003,76.4,2016-12-21 22:54:00.000
1,117920.0,1179.0,3.0,Fategharh,Punjab,30.700000000000003,76.4,30.700000000000003,76.4,2017-02-06 23:20:36.000
1,117920.0,1179.0,3.0,Fategharh,Punjab,30.700000000000003,76.4,30.700000000000003,76.4,2016-12-09 01:59:00.000
1,117920.0,1179.0,3.0,Fategharh,Punjab,30.700000000000003,76.4,,,2017-04-06 02:15:04.960
1,117922.0,1179.0,3.0,Fategharh,Punjab,30.700000000000003,76.4,30.700000000000003,76.4,2016-12-15 02:55:00.000
1,117922.0,1179.0,3.0,Fategharh,Punjab,30.700000000000003,76.4,30.700000000000003,76.4,2017-01-23 01:15:31.000
1,117922.0,1179.0,3.0,Fategharh,Punjab,30.700000000000003,76.4,30.700000000000003,76.4,2016-12-10 01:57:00.000
1,117922.0,1179.0,3.0,Fategharh,Punjab,30.700000000000003,76.4,30.700000000000003,76.4,2017-01-02 00:07:00.999
1,117922.0,1179.0,3.0,Fategharh,Punjab,30.700000000000003,76.4,30.700000000000003,76.4,2017-03-12 01:23:57.000
1,117922.0,1179.0,3.0,Fategharh,Punjab,30.700000000000003,76.4,30.700000000000003,76.4,2017-01-28 03:40:51.999
1,117922.0,1179.0,3.0,Fategharh,Punjab,30.700000000000003,76.4,30.700000000000003,76.4,2017-04-06 01:44:18.000
1,117922.0,1179.0,3.0,Fategharh,Punjab,30.700000000000003,76.4,30.700000000000003,76.4,2017-04-06 01:39:19.000
1,117922.0,1179.0,3.0,Fategharh,Punjab,30.700000000000003,76.4,,,2017-04-06 02:47:51.040
1,117922.0,1179.0,3.0,Fategharh,Punjab,30.700000000000003,76.4,,,2017-04-06 02:47:51.040
1,117922.0,1179.0,3.0,Fategharh,Punjab,30.700000000000003,76.4,30.700000000000003,76.4,2017-02-05 01:03:18.999
1,117922.0,1179.0,3.0,Fategharh,Punjab,30.700000000000003,76.4,30.700000000000003,76.4,2017-03-13 02:20:25.000
1,117922.0,1179.0,3.0,Fategharh,Punjab,30.700000000000003,76.4,30.700000000000003,76.4,2017-03-10 01:17:54.000
1,117922.0,1179.0,3.0,Fategharh,Punjab,30.700000000000003,76.4,30.700000000000003,76.4,2017-03-26 02:39:44.000
1,117922.0,1179.0,3.0,Fategharh,Punjab,30.700000000000003,76.4,30.700000000000003,76.4,2016-12-11 00:53:00.000
1,117922.0,1179.0,3.0,Fategharh,Punjab,30.700000000000003,76.4,30.700000000000003,76.4,2017-03-29 02:04:37.999
1,117922.0,1179.0,3.0,Fategharh,Punjab,30.700000000000003,76.4,30.700000000000003,76.4,2017-03-24 01:26:15.000
1,117922.0,1179.0,3.0,Fategharh,Punjab,30.700000000000003,76.4,30.700000000000003,76.4,2017-01-17 00:33:08.999
1,117922.0,1179.0,3.0,Fategharh,Punjab,30.700000000000003,76.4,30.700000000000003,76.4,2016-11-16 00:24:00.000
1,117922.0,1179.0,3.0,Fategharh,Punjab,30.700000000000003,76.4,30.700000000000003,76.4,2017-03-18 02:16:26.000
1,117924.0,1179.0,3.0,Fategharh,Punjab,30.700000000000003,76.4,30.700000000000003,76.4,2016-12-17 23:32:00.000
1,117924.0,1179.0,3.0,Fategharh,Punjab,30.700000000000003,76.4,30.700000000000003,76.3,2017-03-04 23:12:28.000
1,117924.0,1179.0,3.0,Fategharh,Punjab,30.700000000000003,76.4,30.700000000000003,76.3,2017-01-20 00:18:10.999
1,117924.0,1179.0,3.0,Fategharh,Punjab,30.700000000000003,76.4,30.700000000000003,76.3,2017-02-05 23:59:10.000
1,117924.0,1179.0,3.0,Fategharh,Punjab,30.700000000000003,76.4,30.700000000000003,76.4,2016-12-10 23:13:00.000
1,117924.0,1179.0,3.0,Fategharh,Punjab,30.700000000000003,76.4,30.700000000000003,76.4,2017-04-09 00:38:36.999
1,117924.0,1179.0,3.0,Fategharh,Punjab,30.700000000000003,76.4,30.700000000000003,76.4,2016-12-06 23:35:59.999
1,117924.0,1179.0,3.0,Fategharh,Punjab,30.700000000000003,76.4,30.700000000000003,76.4,2017-04-02 23:48:18.000
1,117924.0,1179.0,3.0,Fategharh,Punjab,30.700000000000003,76.4,30.700000000000003,76.4,2016-12-16 00:00:00.000
1,117924.0,1179.0,3.0,Fategharh,Punjab,30.700000000000003,76.4,30.700000000000003,76.3,2017-02-12 23:45:58.000
1,117924.0,1179.0,3.0,Fategharh,Punjab,30.700000000000003,76.4,30.700000000000003,76.4,2017-04-06 01:38:18.999
1,117924.0,1179.0,3.0,Fategharh,Punjab,30.700000000000003,76.4,30.700000000000003,76.4,2016-12-12 23:02:00.000
1,117924.0,1179.0,3.0,Fategharh,Punjab,30.700000000000003,76.4,,,2017-04-06 02:32:33.536
1,117924.0,1179.0,3.0,Fategharh,Punjab,30.700000000000003,76.4,,,2017-04-06 02:32:33.536
1,117924.0,1179.0,3.0,Fategharh,Punjab,30.700000000000003,76.4,30.700000000000003,76.4,2017-01-04 23:39:09.000
1,117924.0,1179.0,3.0,Fategharh,Punjab,30.700000000000003,76.4,30.700000000000003,76.4,2017-04-06 01:34:02.000
1,117924.0,1179.0,3.0,Fategharh,Punjab,30.700000000000003,76.4,30.700000000000003,76.4,2016-11-27 00:48:00.000
1,117924.0,1179.0,3.0,Fategharh,Punjab,30.700000000000003,76.4,30.700000000000003,76.3,2017-02-03 23:32:18.000
1,117924.0,1179.0,3.0,Fategharh,Punjab,30.700000000000003,76.4,30.700000000000003,76.4,2017-03-17 23:49:07.999
1,117924.0,1179.0,3.0,Fategharh,Punjab,30.700000000000003,76.4,30.700000000000003,76.3,2017-01-26 23:50:38.000
1,117924.0,1179.0,3.0,Fategharh,Punjab,30.700000000000003,76.4,30.700000000000003,76.4,2016-12-30 22:14:00.000
1,117930.0,1179.0,3.0,Fategharh,Punjab,30.700000000000003,76.4,30.700000000000003,76.4,2016-12-08 00:03:00.000
1,117930.0,1179.0,3.0,Fategharh,Punjab,30.700000000000003,76.4,30.700000000000003,76.4,2017-01-26 02:03:03.999
1,117930.0,1179.0,3.0,Fategharh,Punjab,30.700000000000003,76.4,30.700000000000003,76.4,2017-02-20 23:51:59.000
1,117930.0,1179.0,3.0,Fategharh,Punjab,30.700000000000003,76.4,30.700000000000003,76.4,2016-12-17 00:38:00.000
1,117930.0,1179.0,3.0,Fategharh,Punjab,30.700000000000003,76.4,30.700000000000003,76.4,2017-01-11 00:14:29.999
1,117930.0,1179.0,3.0,Fategharh,Punjab,30.700000000000003,76.4,30.700000000000003,76.4,2017-04-01 23:55:05.000
1,117930.0,1179.0,3.0,Fategharh,Punjab,30.700000000000003,76.4,30.700000000000003,76.4,2017-02-03 00:57:20.000
1,117930.0,1179.0,3.0,Fategharh,Punjab,30.700000000000003,76.4,30.700000000000003,76.4,2016-12-13 22:41:00.000
1,117930.0,1179.0,3.0,Fategharh,Punjab,30.700000000000003,76.4,30.700000000000003,76.4,2016-12-29 23:19:00.000
1,117930.0,1179.0,3.0,Fategharh,Punjab,30.700000000000003,76.4,30.700000000000003,76.4,2017-01-15 01:39:11.000
1,117930.0,1179.0,3.0,Fategharh,Punjab,30.700000000000003,76.4,30.700000000000003,76.4,2017-01-17 01:36:49.000
1,117930.0,1179.0,3.0,Fategharh,Punjab,30.700000000000003,76.4,30.700000000000003,76.4,2016-12-03 02:22:00.000
1,117930.0,1179.0,3.0,Fategharh,Punjab,30.700000000000003,76.4,30.700000000000003,76.4,2017-03-24 01:06:10.000
1,117930.0,1179.0,3.0,Fategharh,Punjab,30.700000000000003,76.4,30.700000000000003,76.4,2017-02-07 00:48:14.000
1,117930.0,1179.0,3.0,Fategharh,Punjab,30.700000000000003,76.4,30.700000000000003,76.4,2017-01-29 23:54:33.000
1,117930.0,1179.0,3.0,Fategharh,Punjab,30.700000000000003,76.4,30.700000000000003,76.4,2016-12-01 00:01:59.999
1,117930.0,1179.0,3.0,Fategharh,Punjab,30.700000000000003,76.4,30.700000000000003,76.4,2017-02-13 00:28:07.999
1,117930.0,1179.0,3.0,Fategharh,Punjab,30.700000000000003,76.4,30.700000000000003,76.4,2017-03-05 00:37:12.000
1,117930.0,1179.0,3.0,Fategharh,Punjab,30.700000000000003,76.4,30.700000000000003,76.4,2017-03-30 01:48:15.999
1,117930.0,1179.0,3.0,Fategharh,Punjab,30.700000000000003,76.4,30.700000000000003,76.4,2017-04-06 00:42:33.999
1,117930.0,1179.0,3.0,Fategharh,Punjab,30.700000000000003,76.4,30.700000000000003,76.4,2017-02-09 00:54:33.000
1,117930.0,1179.0,3.0,Fategharh,Punjab,30.700000000000003,76.4,30.700000000000003,76.4,2016-12-12 02:06:59.999
1,117930.0,1179.0,3.0,Fategharh,Punjab,30.700000000000003,76.4,30.700000000000003,76.4,2017-04-04 00:22:43.000
1,117930.0,1179.0,3.0,Fategharh,Punjab,30.700000000000003,76.4,30.700000000000003,76.4,2017-04-06 00:49:43.999
1,117930.0,1179.0,3.0,Fategharh,Punjab,30.700000000000003,76.4,30.700000000000003,76.4,2017-02-16 23:36:04.000
1,117930.0,1179.0,3.0,Fategharh,Punjab,30.700000000000003,76.4,30.700000000000003,76.4,2017-03-17 02:10:16.000
1,117930.0,1179.0,3.0,Fategharh,Punjab,30.700000000000003,76.4,30.700000000000003,76.4,2017-03-07 23:14:18.999
1,117930.0,1179.0,3.0,Fategharh,Punjab,30.700000000000003,76.4,,,2017-04-06 01:44:29.952
1,117930.0,1179.0,3.0,Fategharh,Punjab,30.700000000000003,76.4,30.700000000000003,76.4,2017-03-01 22:45:53.000
1,117930.0,1179.0,3.0,Fategharh,Punjab,30.700000000000003,76.4,,,2017-04-06 01:44:29.952
1,117930.0,1179.0,3.0,Fategharh,Punjab,30.700000000000003,76.4,30.700000000000003,76.4,2016-12-05 22:50:59.999
1,117930.0,1179.0,3.0,Fategharh,Punjab,30.700000000000003,76.4,30.700000000000003,76.4,2017-04-10 00:04:38.000
1,117930.0,1179.0,3.0,Fategharh,Punjab,30.700000000000003,76.4,30.700000000000003,76.4,2017-01-27 23:32:37.000
1,117930.0,1179.0,3.0,Fategharh,Punjab,30.700000000000003,76.4,30.700000000000003,76.4,2017-03-26 02:55:28.000
1,117930.0,1179.0,3.0,Fategharh,Punjab,30.700000000000003,76.4,30.700000000000003,76.4,2017-01-13 00:24:56.999
1,117930.0,1179.0,3.0,Fategharh,Punjab,30.700000000000003,76.4,30.700000000000003,76.4,2016-12-10 01:08:00.000
1,117933.0,1179.0,3.0,Fategharh,Punjab,30.700000000000003,76.4,30.700000000000003,76.4,2016-11-16 01:15:59.999
1,117933.0,1179.0,3.0,Fategharh,Punjab,30.700000000000003,76.4,30.700000000000003,76.4,2017-03-04 22:59:00.000
1,117933.0,1179.0,3.0,Fategharh,Punjab,30.700000000000003,76.4,30.700000000000003,76.4,2016-11-17 23:18:00.000
1,117933.0,1179.0,3.0,Fategharh,Punjab,30.700000000000003,76.4,30.700000000000003,76.4,2017-01-23 04:20:27.000
1,117933.0,1179.0,3.0,Fategharh,Punjab,30.700000000000003,76.4,30.700000000000003,76.4,2017-01-15 23:30:26.000
1,117933.0,1179.0,3.0,Fategharh,Punjab,30.700000000000003,76.4,,,2017-04-06 02:01:58.528
1,117933.0,1179.0,3.0,Fategharh,Punjab,30.700000000000003,76.4,,,2017-04-06 02:01:58.528
1,117933.0,1179.0,3.0,Fategharh,Punjab,30.700000000000003,76.4,30.700000000000003,76.4,2017-03-16 23:59:02.000
1,117933.0,1179.0,3.0,Fategharh,Punjab,30.700000000000003,76.4,30.700000000000003,76.4,2017-01-08 03:02:41.000
1,117933.0,1179.0,3.0,Fategharh,Punjab,30.700000000000003,76.4,30.700000000000003,76.4,2017-02-22 00:22:47.999
1,125901.0,1259.0,3.0,Fategharh,Punjab,30.700000000000003,76.4,30.700000000000003,76.4,2016-11-29 23:23:00.000
1,125901.0,1259.0,3.0,Fategharh,Punjab,30.700000000000003,76.4,30.700000000000003,76.4,2016-12-13 23:19:59.999
1,125901.0,1259.0,3.0,Fategharh,Punjab,30.700000000000003,76.4,30.700000000000003,76.4,2017-01-04 22:40:03.000
1,125901.0,1259.0,3.0,Fategharh,Punjab,30.700000000000003,76.4,30.700000000000003,76.4,2017-02-15 21:52:40.000
1,125901.0,1259.0,3.0,Fategharh,Punjab,30.700000000000003,76.4,30.700000000000003,76.4,2017-01-22 22:00:02.999
1,125901.0,1259.0,3.0,Fategharh,Punjab,30.700000000000003,76.4,30.700000000000003,76.4,2017-01-09 00:16:39.000
1,125901.0,1259.0,3.0,Fategharh,Punjab,30.700000000000003,76.4,30.700000000000003,76.4,2016-12-12 01:25:00.000
1,125901.0,1259.0,3.0,Fategharh,Punjab,30.700000000000003,76.4,,,2017-04-06 00:47:42.080
1,125901.0,1259.0,3.0,Fategharh,Punjab,30.700000000000003,76.4,30.700000000000003,76.4,2017-01-18 00:20:35.000
1,125901.0,1259.0,3.0,Fategharh,Punjab,30.700000000000003,76.4,30.700000000000003,76.4,2016-12-10 03:03:00.000
1,125901.0,1259.0,3.0,Fategharh,Punjab,30.700000000000003,76.4,30.700000000000003,76.4,2017-04-05 23:35:08.999
1,125901.0,1259.0,3.0,Fategharh,Punjab,30.700000000000003,76.4,30.700000000000003,76.4,2017-01-21 00:28:23.000
1,125901.0,1259.0,3.0,Fategharh,Punjab,30.700000000000003,76.4,30.700000000000003,76.4,2017-04-05 23:39:45.999
1,125901.0,1259.0,3.0,Fategharh,Punjab,30.700000000000003,76.4,30.700000000000003,76.4,2017-02-13 02:19:05.000
1,125901.0,1259.0,3.0,Fategharh,Punjab,30.700000000000003,76.4,30.700000000000003,76.4,2016-12-29 22:30:00.000
1,125901.0,1259.0,3.0,Fategharh,Punjab,30.700000000000003,76.4,30.700000000000003,76.4,2016-12-08 00:20:00.000
1,125901.0,1259.0,3.0,Fategharh,Punjab,30.700000000000003,76.4,30.700000000000003,76.4,2016-12-17 22:57:59.999
1,125901.0,1259.0,3.0,Fategharh,Punjab,30.700000000000003,76.4,,,2017-04-06 00:47:42.080
1,125901.0,1259.0,3.0,Fategharh,Punjab,30.700000000000003,76.4,30.700000000000003,76.4,2017-02-22 22:06:48.999
1,125901.0,1259.0,3.0,Fategharh,Punjab,30.700000000000003,76.4,30.700000000000003,76.4,2016-12-22 21:32:00.000
1,125901.0,1259.0,3.0,Fategharh,Punjab,30.700000000000003,76.4,30.700000000000003,76.4,2016-12-01 23:08:00.000
1,125901.0,1259.0,3.0,Fategharh,Punjab,30.700000000000003,76.4,30.700000000000003,76.4,2017-01-06 23:23:08.000
1,125901.0,1259.0,3.0,Fategharh,Punjab,30.700000000000003,76.4,30.6,76.4,2016-11-24 22:15:00.000
1,125901.0,1259.0,3.0,Fategharh,Punjab,30.700000000000003,76.4,30.700000000000003,76.4,2017-01-01 21:23:14.999
1,125901.0,1259.0,3.0,Fategharh,Punjab,30.700000000000003,76.4,30.700000000000003,76.4,2017-03-03 21:31:55.000
1,125901.0,1259.0,3.0,Fategharh,Punjab,30.700000000000003,76.4,30.700000000000003,76.4,2017-01-31 23:29:40.999
1,125901.0,1259.0,3.0,Fategharh,Punjab,30.700000000000003,76.4,30.700000000000003,76.4,2017-02-03 21:39:08.000
1,125901.0,1259.0,3.0,Fategharh,Punjab,30.700000000000003,76.4,30.700000000000003,76.4,2016-12-03 22:57:59.999
1,125901.0,1259.0,3.0,Fategharh,Punjab,30.700000000000003,76.4,30.700000000000003,76.4,2017-03-26 02:36:02.000
1,125901.0,1259.0,3.0,Fategharh,Punjab,30.700000000000003,76.4,30.700000000000003,76.4,2017-03-07 22:10:23.999
1,125901.0,1259.0,3.0,Fategharh,Punjab,30.700000000000003,76.4,30.700000000000003,76.4,2016-12-06 01:27:00.000
1,125901.0,1259.0,3.0,Fategharh,Punjab,30.700000000000003,76.4,30.700000000000003,76.4,2017-03-09 21:46:56.999
1,125901.0,1259.0,3.0,Fategharh,Punjab,30.700000000000003,76.4,30.700000000000003,76.4,2017-01-16 03:33:51.999
1,125901.0,1259.0,3.0,Fategharh,Punjab,30.700000000000003,76.4,30.700000000000003,76.4,2016-11-29 23:35:00.000
1,125901.0,1259.0,3.0,Fategharh,Punjab,30.700000000000003,76.4,30.700000000000003,76.4,2017-04-03 00:21:01.000
1,125901.0,1259.0,3.0,Fategharh,Punjab,30.700000000000003,76.4,30.700000000000003,76.4,2016-12-16 02:42:00.000
1,125902.0,1259.0,3.0,Fategharh,Punjab,30.700000000000003,76.4,30.700000000000003,76.4,2017-03-29 06:53:21.000
1,125902.0,1259.0,3.0,Fategharh,Punjab,30.700000000000003,76.4,30.700000000000003,76.4,2017-02-16 01:02:38.000
1,125902.0,1259.0,3.0,Fategharh,Punjab,30.700000000000003,76.4,30.700000000000003,76.4,2017-01-08 23:06:49.999
1,125902.0,1259.0,3.0,Fategharh,Punjab,30.700000000000003,76.4,30.700000000000003,76.4,2016-12-01 23:26:59.999
1,125902.0,1259.0,3.0,Fategharh,Punjab,30.700000000000003,76.4,30.700000000000003,76.4,2016-12-19 23:16:00.000
1,125902.0,1259.0,3.0,Fategharh,Punjab,30.700000000000003,76.4,30.700000000000003,76.4,2017-02-05 23:35:16.000
1,125902.0,1259.0,3.0,Fategharh,Punjab,30.700000000000003,76.4,30.700000000000003,76.4,2017-02-17 05:11:44.000
1,125902.0,1259.0,3.0,Fategharh,Punjab,30.700000000000003,76.4,30.700000000000003,76.4,2017-04-18 21:15:55.000
1,125902.0,1259.0,3.0,Fategharh,Punjab,30.700000000000003,76.4,30.700000000000003,76.4,2017-03-12 23:40:36.000
1,125902.0,1259.0,3.0,Fategharh,Punjab,30.700000000000003,76.4,30.700000000000003,76.4,2016-12-24 05:10:59.999
1,125902.0,1259.0,3.0,Fategharh,Punjab,30.700000000000003,76.4,30.700000000000003,76.4,2016-11-29 23:50:00.000
1,125902.0,1259.0,3.0,Fategharh,Punjab,30.700000000000003,76.4,30.700000000000003,76.4,2016-11-23 00:36:00.000
1,125902.0,1259.0,3.0,Fategharh,Punjab,30.700000000000003,76.4,30.700000000000003,76.4,2017-02-22 23:16:46.999
1,125902.0,1259.0,3.0,Fategharh,Punjab,30.700000000000003,76.4,30.700000000000003,76.4,2017-02-02 00:44:52.000
1,125902.0,1259.0,3.0,Fategharh,Punjab,30.700000000000003,76.4,30.700000000000003,76.4,2017-01-18 23:57:41.000
1,125902.0,1259.0,3.0,Fategharh,Punjab,30.700000000000003,76.4,30.700000000000003,76.4,2016-12-20 23:39:00.000
1,125902.0,1259.0,3.0,Fategharh,Punjab,30.700000000000003,76.4,30.700000000000003,76.4,2016-11-26 23:23:59.999
1,125902.0,1259.0,3.0,Fategharh,Punjab,30.700000000000003,76.4,30.700000000000003,76.4,2017-03-16 22:29:12.000
1,125902.0,1259.0,3.0,Fategharh,Punjab,30.700000000000003,76.4,30.700000000000003,76.4,2016-12-13 23:10:59.999
1,125902.0,1259.0,3.0,Fategharh,Punjab,30.700000000000003,76.4,30.700000000000003,76.4,2017-03-18 06:09:17.000
1,125902.0,1259.0,3.0,Fategharh,Punjab,30.700000000000003,76.4,30.700000000000003,76.4,2017-02-19 23:05:31.000
1,125902.0,1259.0,3.0,Fategharh,Punjab,30.700000000000003,76.4,30.700000000000003,76.4,2016-12-17 22:47:59.999
1,125902.0,1259.0,3.0,Fategharh,Punjab,30.700000000000003,76.4,30.700000000000003,76.4,2017-03-07 23:47:36.000
1,125902.0,1259.0,3.0,Fategharh,Punjab,30.700000000000003,76.4,30.700000000000003,76.4,2017-04-03 05:14:07.000
1,125902.0,1259.0,3.0,Fategharh,Punjab,30.700000000000003,76.4,30.700000000000003,76.4,2017-04-05 22:49:52.999
1,125902.0,1259.0,3.0,Fategharh,Punjab,30.700000000000003,76.4,30.700000000000003,76.4,2016-12-27 00:32:00.000
1,125902.0,1259.0,3.0,Fategharh,Punjab,30.700000000000003,76.4,30.700000000000003,76.4,2017-02-07 23:50:22.000
1,125902.0,1259.0,3.0,Fategharh,Punjab,30.700000000000003,76.4,30.700000000000003,76.4,2017-03-05 06:01:21.000
1,125902.0,1259.0,3.0,Fategharh,Punjab,30.700000000000003,76.4,30.700000000000003,76.4,2016-12-04 23:48:00.000
1,125902.0,1259.0,3.0,Fategharh,Punjab,30.700000000000003,76.4,30.700000000000003,76.4,2016-11-29 23:54:00.000
1,125902.0,1259.0,3.0,Fategharh,Punjab,30.700000000000003,76.4,30.700000000000003,76.4,2017-04-08 05:42:18.000
1,125902.0,1259.0,3.0,Fategharh,Punjab,30.700000000000003,76.4,30.700000000000003,76.4,2017-03-11 23:05:51.000
1,125902.0,1259.0,3.0,Fategharh,Punjab,30.700000000000003,76.4,30.700000000000003,76.4,2017-01-14 00:33:19.000
1,125902.0,1259.0,3.0,Fategharh,Punjab,30.700000000000003,76.4,30.700000000000003,76.4,2017-01-20 00:18:21.999
1,125902.0,1259.0,3.0,Fategharh,Punjab,30.700000000000003,76.4,30.700000000000003,76.4,2016-12-07 23:09:00.000
1,125902.0,1259.0,3.0,Fategharh,Punjab,30.700000000000003,76.4,30.700000000000003,76.4,2017-02-03 00:12:12.000
1,125902.0,1259.0,3.0,Fategharh,Punjab,30.700000000000003,76.4,,,2017-04-05 23:57:27.424
1,125902.0,1259.0,3.0,Fategharh,Punjab,30.700000000000003,76.4,30.700000000000003,76.4,2016-11-24 22:50:00.000
1,125902.0,1259.0,3.0,Fategharh,Punjab,30.700000000000003,76.4,30.700000000000003,76.4,2017-04-09 05:31:52.000
1,125902.0,1259.0,3.0,Fategharh,Punjab,30.700000000000003,76.4,30.700000000000003,76.4,2016-12-15 23:38:00.000
1,125902.0,1259.0,3.0,Fategharh,Punjab,30.700000000000003,76.4,,,2017-04-05 23:57:27.424
1,125902.0,1259.0,3.0,Fategharh,Punjab,30.700000000000003,76.4,30.700000000000003,76.4,2017-02-21 04:55:52.000
1,125902.0,1259.0,3.0,Fategharh,Punjab,30.700000000000003,76.4,30.700000000000003,76.4,2017-02-11 23:34:19.000
1,125902.0,1259.0,3.0,Fategharh,Punjab,30.700000000000003,76.4,30.700000000000003,76.4,2017-03-03 22:03:10.000
1,125902.0,1259.0,3.0,Fategharh,Punjab,30.700000000000003,76.4,30.700000000000003,76.4,2017-01-10 23:51:53.000
1,125902.0,1259.0,3.0,Fategharh,Punjab,30.700000000000003,76.4,30.700000000000003,76.4,2017-01-03 00:07:02.000
1,125902.0,1259.0,3.0,Fategharh,Punjab,30.700000000000003,76.4,30.700000000000003,76.4,2017-04-05 22:44:53.000
1,125902.0,1259.0,3.0,Fategharh,Punjab,30.700000000000003,76.4,30.700000000000003,76.4,2017-01-04 01:23:31.000
1,125902.0,1259.0,3.0,Fategharh,Punjab,30.700000000000003,76.4,30.700000000000003,76.4,2017-03-02 03:05:36.000
1,125903.0,1259.0,3.0,Fategharh,Punjab,30.700000000000003,76.4,30.6,76.4,2016-11-26 01:18:59.999
1,125903.0,1259.0,3.0,Fategharh,Punjab,30.700000000000003,76.4,30.6,76.4,2017-01-21 02:11:46.000
1,125903.0,1259.0,3.0,Fategharh,Punjab,30.700000000000003,76.4,30.6,76.4,2016-11-30 00:10:00.000
1,125903.0,1259.0,3.0,Fategharh,Punjab,30.700000000000003,76.4,30.6,76.4,2017-02-11 05:33:20.000
1,125903.0,1259.0,3.0,Fategharh,Punjab,30.700000000000003,76.4,30.6,76.4,2016-12-28 05:16:00.000
1,125903.0,1259.0,3.0,Fategharh,Punjab,30.700000000000003,76.4,30.6,76.4,2016-12-03 05:03:59.999
1,125903.0,1259.0,3.0,Fategharh,Punjab,30.700000000000003,76.4,30.6,76.4,2017-04-05 21:34:33.000
1,125903.0,1259.0,3.0,Fategharh,Punjab,30.700000000000003,76.4,30.700000000000003,76.3,2017-03-15 06:11:40.999
1,125903.0,1259.0,3.0,Fategharh,Punjab,30.700000000000003,76.4,30.6,76.4,2016-12-31 02:48:50.000
1,125903.0,1259.0,3.0,Fategharh,Punjab,30.700000000000003,76.4,30.6,76.4,2017-01-11 01:49:44.999
1,125903.0,1259.0,3.0,Fategharh,Punjab,30.700000000000003,76.4,30.6,76.4,2016-12-19 05:23:00.000
1,125903.0,1259.0,3.0,Fategharh,Punjab,30.700000000000003,76.4,30.6,76.4,2017-04-05 21:39:53.000
1,125904.0,1259.0,3.0,Fategharh,Punjab,30.700000000000003,76.4,30.700000000000003,76.4,2017-01-03 00:06:44.000
1,125904.0,1259.0,3.0,Fategharh,Punjab,30.700000000000003,76.4,30.700000000000003,76.4,2016-12-27 23:15:00.000
1,125904.0,1259.0,3.0,Fategharh,Punjab,30.700000000000003,76.4,30.700000000000003,76.4,2016-12-17 22:38:00.000
1,125904.0,1259.0,3.0,Fategharh,Punjab,30.700000000000003,76.4,30.700000000000003,76.4,2017-01-20 22:35:45.000
1,125904.0,1259.0,3.0,Fategharh,Punjab,30.700000000000003,76.4,30.700000000000003,76.4,2016-12-04 00:56:59.999
1,125904.0,1259.0,3.0,Fategharh,Punjab,30.700000000000003,76.4,30.700000000000003,76.4,2017-02-26 00:15:20.000
1,125904.0,1259.0,3.0,Fategharh,Punjab,30.700000000000003,76.4,,,2017-04-06 00:19:18.144
1,125904.0,1259.0,3.0,Fategharh,Punjab,30.700000000000003,76.4,30.700000000000003,76.4,2016-12-05 00:06:00.000
1,125904.0,1259.0,3.0,Fategharh,Punjab,30.700000000000003,76.4,30.700000000000003,76.4,2016-12-20 23:19:00.000
1,125904.0,1259.0,3.0,Fategharh,Punjab,30.700000000000003,76.4,30.700000000000003,76.4,2016-12-13 23:29:59.999
1,125904.0,1259.0,3.0,Fategharh,Punjab,30.700000000000003,76.4,30.700000000000003,76.4,2017-01-11 23:10:26.000
1,125904.0,1259.0,3.0,Fategharh,Punjab,30.700000000000003,76.4,30.700000000000003,76.4,2017-01-01 23:02:38.000
1,125904.0,1259.0,3.0,Fategharh,Punjab,30.700000000000003,76.4,30.700000000000003,76.4,2016-12-06 01:47:59.999
1,125904.0,1259.0,3.0,Fategharh,Punjab,30.700000000000003,76.4,30.700000000000003,76.4,2017-03-10 01:24:30.999
1,125904.0,1259.0,3.0,Fategharh,Punjab,30.700000000000003,76.4,30.700000000000003,76.4,2016-12-16 00:52:00.000
1,125904.0,1259.0,3.0,Fategharh,Punjab,30.700000000000003,76.4,30.700000000000003,76.4,2016-12-08 01:25:00.000
1,125904.0,1259.0,3.0,Fategharh,Punjab,30.700000000000003,76.4,,,2017-04-06 00:19:18.144
1,125904.0,1259.0,3.0,Fategharh,Punjab,30.700000000000003,76.4,30.700000000000003,76.4,2016-12-10 03:23:00.000
1,125904.0,1259.0,3.0,Fategharh,Punjab,30.700000000000003,76.4,30.700000000000003,76.4,2017-03-12 23:42:32.000
1,125904.0,1259.0,3.0,Fategharh,Punjab,30.700000000000003,76.4,30.700000000000003,76.4,2017-01-19 22:35:15.999
1,125904.0,1259.0,3.0,Fategharh,Punjab,30.700000000000003,76.4,,,2017-04-06 00:19:18.144
1,125904.0,1259.0,3.0,Fategharh,Punjab,30.700000000000003,76.4,30.700000000000003,76.4,2016-11-26 23:16:59.999
1,125904.0,1259.0,3.0,Fategharh,Punjab,30.700000000000003,76.4,30.700000000000003,76.4,2016-12-23 22:46:00.000
1,125904.0,1259.0,3.0,Fategharh,Punjab,30.700000000000003,76.4,30.700000000000003,76.4,2017-01-16 22:49:58.000
1,125904.0,1259.0,3.0,Fategharh,Punjab,30.700000000000003,76.4,30.700000000000003,76.4,2016-11-24 23:03:00.000
1,125904.0,1259.0,3.0,Fategharh,Punjab,30.700000000000003,76.4,,,2017-04-06 00:19:18.144
1,125904.0,1259.0,3.0,Fategharh,Punjab,30.700000000000003,76.4,30.700000000000003,76.3,2016-11-22 23:15:00.000
1,125904.0,1259.0,3.0,Fategharh,Punjab,30.700000000000003,76.4,30.700000000000003,76.4,2017-01-17 23:00:02.000
1,125904.0,1259.0,3.0,Fategharh,Punjab,30.700000000000003,76.4,30.700000000000003,76.4,2016-12-31 23:50:28.999
1,125904.0,1259.0,3.0,Fategharh,Punjab,30.700000000000003,76.4,30.700000000000003,76.4,2017-04-01 07:19:47.000
1,125904.0,1259.0,3.0,Fategharh,Punjab,30.700000000000003,76.4,30.700000000000003,76.4,2016-12-21 23:58:59.999
1,125904.0,1259.0,3.0,Fategharh,Punjab,30.700000000000003,76.4,30.700000000000003,76.4,2016-12-13 02:03:59.999
1,125904.0,1259.0,3.0,Fategharh,Punjab,30.700000000000003,76.4,30.700000000000003,76.4,2016-12-16 22:23:00.000
1,125913.0,1259.0,3.0,Fategharh,Punjab,30.700000000000003,76.4,30.6,76.4,2017-01-31 02:08:22.000
1,125913.0,1259.0,3.0,Fategharh,Punjab,30.700000000000003,76.4,30.6,76.4,2017-03-05 04:39:20.999
1,125913.0,1259.0,3.0,Fategharh,Punjab,30.700000000000003,76.4,30.6,76.4,2016-12-13 02:03:00.000
1,125913.0,1259.0,3.0,Fategharh,Punjab,30.700000000000003,76.4,30.6,76.4,2017-01-16 22:52:23.000
1,125913.0,1259.0,3.0,Fategharh,Punjab,30.700000000000003,76.4,30.6,76.4,2016-12-13 23:16:00.000
1,125913.0,1259.0,3.0,Fategharh,Punjab,30.700000000000003,76.4,30.6,76.4,2017-01-12 05:30:25.000
1,125913.0,1259.0,3.0,Fategharh,Punjab,30.700000000000003,76.4,30.6,76.4,2016-12-06 01:46:00.000
1,125913.0,1259.0,3.0,Fategharh,Punjab,30.700000000000003,76.4,30.6,76.4,2017-02-26 00:17:31.000
1,125913.0,1259.0,3.0,Fategharh,Punjab,30.700000000000003,76.4,30.6,76.4,2017-02-18 23:09:43.000
1,125913.0,1259.0,3.0,Fategharh,Punjab,30.700000000000003,76.4,30.6,76.4,2017-02-03 22:41:40.999
1,125913.0,1259.0,3.0,Fategharh,Punjab,30.700000000000003,76.4,,,2017-04-06 00:21:29.216
1,125913.0,1259.0,3.0,Fategharh,Punjab,30.700000000000003,76.4,,,2017-04-06 00:21:29.216
1,125913.0,1259.0,3.0,Fategharh,Punjab,30.700000000000003,76.4,,,2017-04-06 00:21:29.216
1,125913.0,1259.0,3.0,Fategharh,Punjab,30.700000000000003,76.4,30.6,76.4,2016-11-24 23:05:00.000
1,125913.0,1259.0,3.0,Fategharh,Punjab,30.700000000000003,76.4,30.6,76.4,2017-01-20 22:34:11.999
1,125913.0,1259.0,3.0,Fategharh,Punjab,30.700000000000003,76.4,30.6,76.4,2017-01-03 00:04:59.000
1,125913.0,1259.0,3.0,Fategharh,Punjab,30.700000000000003,76.4,,,2017-04-06 00:21:29.216
1,125913.0,1259.0,3.0,Fategharh,Punjab,30.700000000000003,76.4,30.6,76.4,2016-12-04 23:58:59.999
1,125913.0,1259.0,3.0,Fategharh,Punjab,30.700000000000003,76.4,30.6,76.4,2016-12-30 23:46:53.999
1,125913.0,1259.0,3.0,Fategharh,Punjab,30.700000000000003,76.4,30.6,76.4,2016-12-16 22:23:00.000
1,125913.0,1259.0,3.0,Fategharh,Punjab,30.700000000000003,76.4,30.6,76.4,2016-11-26 23:10:59.999
1,125913.0,1259.0,3.0,Fategharh,Punjab,30.700000000000003,76.4,30.6,76.4,2017-04-01 07:23:15.999
2,125914.0,1259.0,3.0,Fategharh,Punjab,30.700000000000003,76.4,,,2017-04-05 23:42:09.920
2,125914.0,1259.0,3.0,Fategharh,Punjab,30.700000000000003,76.4,,,2017-04-05 23:42:09.920
2,125914.0,1259.0,3.0,Fategharh,Punjab,30.700000000000003,76.4,,,2017-04-05 23:42:09.920
2,125914.0,1259.0,3.0,Fategharh,Punjab,30.700000000000003,76.4,,,2017-04-05 23:42:09.920
2,125914.0,1259.0,3.0,Fategharh,Punjab,30.700000000000003,76.4,30.700000000000003,76.4,2016-11-30 23:42:59.999
2,125914.0,1259.0,3.0,Fategharh,Punjab,30.700000000000003,76.4,30.700000000000003,76.4,2016-12-02 00:43:59.999
2,125914.0,1259.0,3.0,Fategharh,Punjab,30.700000000000003,76.4,30.700000000000003,76.4,2016-12-06 22:50:59.999
1,125916.0,1259.0,3.0,Fategharh,Punjab,30.700000000000003,76.4,30.700000000000003,76.4,2017-02-21 03:27:20.000
1,125916.0,1259.0,3.0,Fategharh,Punjab,30.700000000000003,76.4,,,2017-04-05 23:57:27.424
1,125916.0,1259.0,3.0,Fategharh,Punjab,30.700000000000003,76.4,30.700000000000003,76.4,2017-02-28 05:23:32.999
1,125916.0,1259.0,3.0,Fategharh,Punjab,30.700000000000003,76.4,30.700000000000003,76.4,2017-02-28 05:24:31.999
1,125916.0,1259.0,3.0,Fategharh,Punjab,30.700000000000003,76.4,30.700000000000003,76.4,2017-03-03 21:45:14.000
1,125916.0,1259.0,3.0,Fategharh,Punjab,30.700000000000003,76.4,30.700000000000003,76.4,2017-03-07 05:11:01.000
1,125916.0,1259.0,3.0,Fategharh,Punjab,30.700000000000003,76.4,30.700000000000003,76.4,2017-02-17 00:11:35.000
1,125916.0,1259.0,3.0,Fategharh,Punjab,30.700000000000003,76.4,,,2017-04-05 23:57:27.424
1,125920.0,1259.0,3.0,Fategharh,Punjab,30.700000000000003,76.4,30.700000000000003,76.4,2017-04-06 03:42:38.000
1,125920.0,1259.0,3.0,Fategharh,Punjab,30.700000000000003,76.4,30.700000000000003,76.4,2016-12-24 01:52:00.000
1,125920.0,1259.0,3.0,Fategharh,Punjab,30.700000000000003,76.4,30.700000000000003,76.4,2017-02-25 00:53:24.999
1,125920.0,1259.0,3.0,Fategharh,Punjab,30.700000000000003,76.4,30.700000000000003,76.4,2016-12-29 01:05:59.999
1,125920.0,1259.0,3.0,Fategharh,Punjab,30.700000000000003,76.4,30.700000000000003,76.4,2017-03-12 00:34:37.999
1,125920.0,1259.0,3.0,Fategharh,Punjab,30.700000000000003,76.4,30.700000000000003,76.4,2017-02-21 02:11:39.999
1,125920.0,1259.0,3.0,Fategharh,Punjab,30.700000000000003,76.4,30.700000000000003,76.4,2017-02-06 01:02:40.999
1,125920.0,1259.0,3.0,Fategharh,Punjab,30.700000000000003,76.4,30.700000000000003,76.4,2017-03-16 00:47:06.000
1,125920.0,1259.0,3.0,Fategharh,Punjab,30.700000000000003,76.4,30.700000000000003,76.4,2017-01-22 22:52:00.000
1,125920.0,1259.0,3.0,Fategharh,Punjab,30.700000000000003,76.4,30.700000000000003,76.4,2017-01-04 23:01:50.000
1,125920.0,1259.0,3.0,Fategharh,Punjab,30.700000000000003,76.4,30.700000000000003,76.4,2017-02-13 23:18:47.999
1,125920.0,1259.0,3.0,Fategharh,Punjab,30.700000000000003,76.4,30.700000000000003,76.4,2017-02-11 23:11:39.999
1,125920.0,1259.0,3.0,Fategharh,Punjab,30.700000000000003,76.4,30.700000000000003,76.4,2017-02-16 00:38:55.999
1,125920.0,1259.0,3.0,Fategharh,Punjab,30.700000000000003,76.4,30.700000000000003,76.4,2017-01-07 23:04:52.000
1,125920.0,1259.0,3.0,Fategharh,Punjab,30.700000000000003,76.4,30.700000000000003,76.4,2017-02-03 00:47:25.000
1,125920.0,1259.0,3.0,Fategharh,Punjab,30.700000000000003,76.4,30.700000000000003,76.4,2017-01-09 23:48:19.000
1,125920.0,1259.0,3.0,Fategharh,Punjab,30.700000000000003,76.4,30.700000000000003,76.4,2016-12-17 00:27:59.999
1,125920.0,1259.0,3.0,Fategharh,Punjab,30.700000000000003,76.4,30.700000000000003,76.4,2017-03-10 01:52:35.000
1,125920.0,1259.0,3.0,Fategharh,Punjab,30.700000000000003,76.4,,,2017-04-05 23:15:57.056
1,125920.0,1259.0,3.0,Fategharh,Punjab,30.700000000000003,76.4,30.700000000000003,76.4,2016-12-31 00:30:27.000
1,125920.0,1259.0,3.0,Fategharh,Punjab,30.700000000000003,76.4,,,2017-04-05 23:15:57.056
1,125920.0,1259.0,3.0,Fategharh,Punjab,30.700000000000003,76.4,,,2017-04-05 23:15:57.056
1,125920.0,1259.0,3.0,Fategharh,Punjab,30.700000000000003,76.4,30.700000000000003,76.4,2017-01-19 00:39:11.999
1,125920.0,1259.0,3.0,Fategharh,Punjab,30.700000000000003,76.4,30.700000000000003,76.4,2017-02-09 22:39:07.999
1,125920.0,1259.0,3.0,Fategharh,Punjab,30.700000000000003,76.4,,,2017-04-05 23:15:57.056
1,125920.0,1259.0,3.0,Fategharh,Punjab,30.700000000000003,76.4,30.700000000000003,76.4,2017-04-03 23:33:45.999
1,125920.0,1259.0,3.0,Fategharh,Punjab,30.700000000000003,76.4,30.700000000000003,76.4,2017-02-17 22:14:17.999
1,125925.0,1259.0,3.0,Fategharh,Punjab,30.700000000000003,76.4,30.700000000000003,76.4,2016-12-03 23:45:00.000
1,125925.0,1259.0,3.0,Fategharh,Punjab,30.700000000000003,76.4,30.700000000000003,76.4,2016-12-31 23:13:05.000
1,125925.0,1259.0,3.0,Fategharh,Punjab,30.700000000000003,76.4,30.700000000000003,76.4,2016-12-20 02:18:00.000
1,125925.0,1259.0,3.0,Fategharh,Punjab,30.700000000000003,76.4,30.700000000000003,76.4,2017-02-18 02:42:19.000
1,125925.0,1259.0,3.0,Fategharh,Punjab,30.700000000000003,76.4,,,2017-04-06 00:06:11.712
1,125925.0,1259.0,3.0,Fategharh,Punjab,30.700000000000003,76.4,30.700000000000003,76.4,2016-12-22 01:12:59.999
1,125925.0,1259.0,3.0,Fategharh,Punjab,30.700000000000003,76.4,30.700000000000003,76.4,2017-03-01 23:36:10.000
1,125925.0,1259.0,3.0,Fategharh,Punjab,30.700000000000003,76.4,30.700000000000003,76.4,2016-12-29 23:38:00.000
1,125925.0,1259.0,3.0,Fategharh,Punjab,30.700000000000003,76.4,30.700000000000003,76.4,2016-12-18 00:30:00.000
1,125925.0,1259.0,3.0,Fategharh,Punjab,30.700000000000003,76.4,30.700000000000003,76.4,2017-02-04 23:00:51.999
1,125925.0,1259.0,3.0,Fategharh,Punjab,30.700000000000003,76.4,30.700000000000003,76.4,2017-03-13 00:09:20.999
1,125925.0,1259.0,3.0,Fategharh,Punjab,30.700000000000003,76.4,30.700000000000003,76.4,2017-01-14 01:14:13.000
1,125925.0,1259.0,3.0,Fategharh,Punjab,30.700000000000003,76.4,30.700000000000003,76.4,2016-12-03 00:40:59.999
1,125925.0,1259.0,3.0,Fategharh,Punjab,30.700000000000003,76.4,30.700000000000003,76.4,2016-12-29 23:44:00.000
1,125925.0,1259.0,3.0,Fategharh,Punjab,30.700000000000003,76.4,30.700000000000003,76.4,2017-01-04 23:36:10.999
1,125925.0,1259.0,3.0,Fategharh,Punjab,30.700000000000003,76.4,30.700000000000003,76.4,2017-02-23 00:29:43.000
1,125925.0,1259.0,3.0,Fategharh,Punjab,30.700000000000003,76.4,30.700000000000003,76.4,2016-12-23 23:55:59.999
1,125925.0,1259.0,3.0,Fategharh,Punjab,30.700000000000003,76.4,,,2017-04-06 00:06:11.712
1,125925.0,1259.0,3.0,Fategharh,Punjab,30.700000000000003,76.4,30.700000000000003,76.4,2016-12-18 00:29:00.000
1,125925.0,1259.0,3.0,Fategharh,Punjab,30.700000000000003,76.4,,,2017-04-06 00:06:11.712
1,125925.0,1259.0,3.0,Fategharh,Punjab,30.700000000000003,76.4,30.700000000000003,76.4,2017-02-19 23:38:54.000
1,125925.0,1259.0,3.0,Fategharh,Punjab,30.700000000000003,76.4,,,2017-04-06 00:06:11.712
1,125925.0,1259.0,3.0,Fategharh,Punjab,30.700000000000003,76.4,30.700000000000003,76.4,2016-12-19 01:09:59.999
1,125925.0,1259.0,3.0,Fategharh,Punjab,30.700000000000003,76.4,30.700000000000003,76.4,2017-02-10 23:27:03.000
1,125925.0,1259.0,3.0,Fategharh,Punjab,30.700000000000003,76.4,30.700000000000003,76.4,2017-01-09 00:35:49.000
1,125925.0,1259.0,3.0,Fategharh,Punjab,30.700000000000003,76.4,30.700000000000003,76.4,2016-12-21 02:02:00.000
1,125928.0,1259.0,3.0,Fategharh,Punjab,30.700000000000003,76.4,30.700000000000003,76.4,2016-12-31 23:01:58.000
1,125928.0,1259.0,3.0,Fategharh,Punjab,30.700000000000003,76.4,30.700000000000003,76.4,2017-01-22 04:13:07.999
1,125928.0,1259.0,3.0,Fategharh,Punjab,30.700000000000003,76.4,30.700000000000003,76.4,2017-02-26 05:21:28.999
1,125928.0,1259.0,3.0,Fategharh,Punjab,30.700000000000003,76.4,30.700000000000003,76.4,2017-02-01 01:23:28.000
1,125928.0,1259.0,3.0,Fategharh,Punjab,30.700000000000003,76.4,30.700000000000003,76.4,2016-12-01 01:31:00.000
1,125928.0,1259.0,3.0,Fategharh,Punjab,30.700000000000003,76.4,30.700000000000003,76.4,2016-12-21 02:47:00.000
1,125928.0,1259.0,3.0,Fategharh,Punjab,30.700000000000003,76.4,30.700000000000003,76.4,2017-04-06 03:20:07.000
1,125928.0,1259.0,3.0,Fategharh,Punjab,30.700000000000003,76.4,30.700000000000003,76.4,2016-12-16 00:07:00.000
1,125928.0,1259.0,3.0,Fategharh,Punjab,30.700000000000003,76.4,30.700000000000003,76.4,2017-03-14 00:47:25.000
1,125928.0,1259.0,3.0,Fategharh,Punjab,30.700000000000003,76.4,30.700000000000003,76.4,2016-12-12 00:29:00.000
1,125928.0,1259.0,3.0,Fategharh,Punjab,30.700000000000003,76.4,30.700000000000003,76.4,2016-12-24 01:57:59.999
1,125928.0,1259.0,3.0,Fategharh,Punjab,30.700000000000003,76.4,30.700000000000003,76.4,2016-12-04 03:36:59.999
1,125928.0,1259.0,3.0,Fategharh,Punjab,30.700000000000003,76.4,30.700000000000003,76.4,2016-12-18 02:51:59.999
1,125928.0,1259.0,3.0,Fategharh,Punjab,30.700000000000003,76.4,30.700000000000003,76.4,2016-12-30 04:17:00.000
1,125929.0,1259.0,3.0,Fategharh,Punjab,30.700000000000003,76.4,30.6,76.4,2016-11-30 00:17:59.999
1,125929.0,1259.0,3.0,Fategharh,Punjab,30.700000000000003,76.4,30.6,76.4,2017-03-10 23:27:18.999
1,125929.0,1259.0,3.0,Fategharh,Punjab,30.700000000000003,76.4,30.6,76.4,2017-04-05 23:46:09.000
1,125929.0,1259.0,3.0,Fategharh,Punjab,30.700000000000003,76.4,30.6,76.4,2016-12-19 02:10:00.000
1,125929.0,1259.0,3.0,Fategharh,Punjab,30.700000000000003,76.4,30.6,76.4,2016-11-30 00:20:59.999
1,125929.0,1259.0,3.0,Fategharh,Punjab,30.700000000000003,76.4,30.6,76.4,2016-12-09 02:15:00.000
1,125929.0,1259.0,3.0,Fategharh,Punjab,30.700000000000003,76.4,,,2017-04-06 00:45:31.008
1,125929.0,1259.0,3.0,Fategharh,Punjab,30.700000000000003,76.4,,,2017-04-06 00:45:31.008
1,125929.0,1259.0,3.0,Fategharh,Punjab,30.700000000000003,76.4,30.6,76.4,2016-11-30 00:14:59.999
1,125929.0,1259.0,3.0,Fategharh,Punjab,30.700000000000003,76.4,30.6,76.4,2017-04-05 23:38:26.000
1,125929.0,1259.0,3.0,Fategharh,Punjab,30.700000000000003,76.4,30.6,76.4,2016-12-16 01:41:00.000
1,125929.0,1259.0,3.0,Fategharh,Punjab,30.700000000000003,76.4,30.6,76.4,2016-12-06 01:38:00.000
1,125929.0,1259.0,3.0,Fategharh,Punjab,30.700000000000003,76.4,30.6,76.4,2016-11-30 00:10:00.000
1,125932.0,1259.0,3.0,Fategharh,Punjab,30.700000000000003,76.4,30.6,76.4,2017-03-31 01:54:18.000
1,125932.0,1259.0,3.0,Fategharh,Punjab,30.700000000000003,76.4,30.6,76.4,2016-11-01 01:40:00.000
1,125932.0,1259.0,3.0,Fategharh,Punjab,30.700000000000003,76.4,30.6,76.4,2016-11-13 00:52:00.000
1,125932.0,1259.0,3.0,Fategharh,Punjab,30.700000000000003,76.4,30.6,76.4,2016-11-04 04:44:59.999
1,125932.0,1259.0,3.0,Fategharh,Punjab,30.700000000000003,76.4,30.6,76.4,2016-11-26 23:12:00.000
1,125932.0,1259.0,3.0,Fategharh,Punjab,30.700000000000003,76.4,30.6,76.4,2016-12-16 02:35:59.999
1,125932.0,1259.0,3.0,Fategharh,Punjab,30.700000000000003,76.4,30.6,76.4,2017-01-05 02:14:41.000
1,125932.0,1259.0,3.0,Fategharh,Punjab,30.700000000000003,76.4,30.6,76.4,2016-11-07 00:59:59.999
1,125932.0,1259.0,3.0,Fategharh,Punjab,30.700000000000003,76.4,30.6,76.4,2017-03-18 03:11:45.000
1,125932.0,1259.0,3.0,Fategharh,Punjab,30.700000000000003,76.4,30.6,76.4,2017-01-06 23:08:44.999
1,125932.0,1259.0,3.0,Fategharh,Punjab,30.700000000000003,76.4,30.6,76.4,2016-12-21 01:11:00.000
1,125932.0,1259.0,3.0,Fategharh,Punjab,30.700000000000003,76.4,30.6,76.4,2016-12-24 01:36:00.000
1,125932.0,1259.0,3.0,Fategharh,Punjab,30.700000000000003,76.4,30.6,76.4,2017-03-06 22:37:18.000
1,125932.0,1259.0,3.0,Fategharh,Punjab,30.700000000000003,76.4,,,2017-04-05 23:35:36.704
1,125932.0,1259.0,3.0,Fategharh,Punjab,30.700000000000003,76.4,30.6,76.4,2016-11-21 22:57:59.999
1,125932.0,1259.0,3.0,Fategharh,Punjab,30.700000000000003,76.4,30.6,76.4,2017-04-03 04:20:41.000
1,125932.0,1259.0,3.0,Fategharh,Punjab,30.700000000000003,76.4,30.6,76.4,2017-04-09 00:16:41.000
1,125932.0,1259.0,3.0,Fategharh,Punjab,30.700000000000003,76.4,30.6,76.4,2017-02-21 23:31:12.000
1,125932.0,1259.0,3.0,Fategharh,Punjab,30.700000000000003,76.4,30.6,76.4,2016-11-01 01:38:00.000
1,125932.0,1259.0,3.0,Fategharh,Punjab,30.700000000000003,76.4,30.6,76.4,2017-04-05 22:37:18.000
1,125932.0,1259.0,3.0,Fategharh,Punjab,30.700000000000003,76.4,30.6,76.4,2017-02-28 01:30:55.000
1,125932.0,1259.0,3.0,Fategharh,Punjab,30.700000000000003,76.4,,,2017-04-05 23:35:36.704
1,125932.0,1259.0,3.0,Fategharh,Punjab,30.700000000000003,76.4,30.6,76.4,2017-02-12 00:20:03.999
1,125932.0,1259.0,3.0,Fategharh,Punjab,30.700000000000003,76.4,30.6,76.4,2017-02-14 01:09:31.000
1,125932.0,1259.0,3.0,Fategharh,Punjab,30.700000000000003,76.4,30.6,76.4,2017-02-04 00:17:58.000
1,125932.0,1259.0,3.0,Fategharh,Punjab,30.700000000000003,76.4,30.6,76.4,2016-12-29 23:55:59.999
1,125932.0,1259.0,3.0,Fategharh,Punjab,30.700000000000003,76.4,30.6,76.4,2017-03-02 00:03:06.999
1,126602.0,1266.0,3.0,Fategharh,Punjab,30.700000000000003,76.5,,,2017-04-06 05:55:43.232
1,126602.0,1266.0,3.0,Fategharh,Punjab,30.700000000000003,76.5,30.700000000000003,76.5,2017-04-04 01:06:12.000
1,126602.0,1266.0,3.0,Fategharh,Punjab,30.700000000000003,76.5,,,2017-04-06 05:55:43.232
1,126602.0,1266.0,3.0,Fategharh,Punjab,30.700000000000003,76.5,,,2017-04-06 05:55:43.232
1,126602.0,1266.0,3.0,Fategharh,Punjab,30.700000000000003,76.5,,,2017-04-06 05:55:43.232
1,126606.0,1266.0,3.0,Fategharh,Punjab,30.700000000000003,76.5,30.700000000000003,76.5,2016-11-29 22:38:00.000
1,126606.0,1266.0,3.0,Fategharh,Punjab,30.700000000000003,76.5,30.700000000000003,76.5,2017-03-03 00:39:22.999
1,126606.0,1266.0,3.0,Fategharh,Punjab,30.700000000000003,76.5,30.700000000000003,76.5,2017-01-05 00:19:15.000
1,126606.0,1266.0,3.0,Fategharh,Punjab,30.700000000000003,76.5,30.700000000000003,76.5,2017-01-27 23:06:06.999
1,126606.0,1266.0,3.0,Fategharh,Punjab,30.700000000000003,76.5,30.700000000000003,76.5,2017-03-06 23:19:51.999
1,126606.0,1266.0,3.0,Fategharh,Punjab,30.700000000000003,76.5,30.700000000000003,76.5,2016-12-03 00:14:59.999
1,126606.0,1266.0,3.0,Fategharh,Punjab,30.700000000000003,76.5,30.700000000000003,76.5,2017-01-09 22:54:51.999
1,126606.0,1266.0,3.0,Fategharh,Punjab,30.700000000000003,76.5,30.700000000000003,76.5,2017-01-17 00:13:30.999
1,126606.0,1266.0,3.0,Fategharh,Punjab,30.700000000000003,76.5,30.700000000000003,76.5,2017-03-31 00:26:01.000
1,126606.0,1266.0,3.0,Fategharh,Punjab,30.700000000000003,76.5,30.700000000000003,76.5,2016-12-05 23:51:00.000
1,126606.0,1266.0,3.0,Fategharh,Punjab,30.700000000000003,76.5,30.700000000000003,76.5,2017-04-05 23:30:21.000
1,126606.0,1266.0,3.0,Fategharh,Punjab,30.700000000000003,76.5,30.700000000000003,76.5,2017-04-05 23:29:19.000
1,126606.0,1266.0,3.0,Fategharh,Punjab,30.700000000000003,76.5,30.700000000000003,76.5,2017-01-13 22:57:11.000
1,126606.0,1266.0,3.0,Fategharh,Punjab,30.700000000000003,76.5,30.700000000000003,76.5,2017-01-02 01:58:26.999
1,126606.0,1266.0,3.0,Fategharh,Punjab,30.700000000000003,76.5,30.700000000000003,76.5,2017-02-14 23:23:09.000
1,126606.0,1266.0,3.0,Fategharh,Punjab,30.700000000000003,76.5,30.700000000000003,76.5,2017-03-14 22:35:40.999
1,126606.0,1266.0,3.0,Fategharh,Punjab,30.700000000000003,76.5,30.700000000000003,76.5,2017-01-24 23:25:48.000
1,126606.0,1266.0,3.0,Fategharh,Punjab,30.700000000000003,76.5,30.700000000000003,76.5,2017-03-17 23:30:37.000
1,126606.0,1266.0,3.0,Fategharh,Punjab,30.700000000000003,76.5,30.700000000000003,76.5,2017-03-11 02:18:25.999
1,126606.0,1266.0,3.0,Fategharh,Punjab,30.700000000000003,76.5,30.700000000000003,76.5,2017-01-19 23:32:43.999
1,126606.0,1266.0,3.0,Fategharh,Punjab,30.700000000000003,76.5,30.700000000000003,76.5,2017-02-20 22:54:24.000
1,126606.0,1266.0,3.0,Fategharh,Punjab,30.700000000000003,76.5,30.700000000000003,76.5,2017-02-22 22:53:57.999
1,126606.0,1266.0,3.0,Fategharh,Punjab,30.700000000000003,76.5,30.700000000000003,76.5,2017-02-03 02:15:27.000
1,126606.0,1266.0,3.0,Fategharh,Punjab,30.700000000000003,76.5,30.700000000000003,76.5,2016-12-09 02:22:00.000
1,126606.0,1266.0,3.0,Fategharh,Punjab,30.700000000000003,76.5,30.700000000000003,76.5,2017-04-02 00:29:38.000
1,126606.0,1266.0,3.0,Fategharh,Punjab,30.700000000000003,76.5,30.700000000000003,76.5,2017-04-06 03:47:13.000
1,126606.0,1266.0,3.0,Fategharh,Punjab,30.700000000000003,76.5,30.700000000000003,76.5,2017-03-24 02:59:26.000
1,126606.0,1266.0,3.0,Fategharh,Punjab,30.700000000000003,76.5,,,2017-04-06 04:58:55.360
1,126606.0,1266.0,3.0,Fategharh,Punjab,30.700000000000003,76.5,30.700000000000003,76.5,2017-01-31 00:43:05.999
1,126606.0,1266.0,3.0,Fategharh,Punjab,30.700000000000003,76.5,30.700000000000003,76.5,2017-03-20 23:32:43.999
1,126606.0,1266.0,3.0,Fategharh,Punjab,30.700000000000003,76.5,30.700000000000003,76.5,2017-02-08 22:47:19.000
1,126606.0,1266.0,3.0,Fategharh,Punjab,30.700000000000003,76.5,30.700000000000003,76.5,2017-02-06 23:26:37.000
1,126606.0,1266.0,3.0,Fategharh,Punjab,30.700000000000003,76.5,,,2017-04-06 04:58:55.360
1,126606.0,1266.0,3.0,Fategharh,Punjab,30.700000000000003,76.5,30.700000000000003,76.5,2017-04-11 00:50:32.000
1,126606.0,1266.0,3.0,Fategharh,Punjab,30.700000000000003,76.5,30.700000000000003,76.5,2017-01-06 23:52:34.999
1,126606.0,1266.0,3.0,Fategharh,Punjab,30.700000000000003,76.5,30.700000000000003,76.5,2017-02-25 23:34:01.000
1,126607.0,1266.0,3.0,Fategharh,Punjab,30.700000000000003,76.5,30.700000000000003,76.4,2016-12-08 01:23:00.000
1,126607.0,1266.0,3.0,Fategharh,Punjab,30.700000000000003,76.5,30.700000000000003,76.4,2016-12-13 23:10:00.000
1,126607.0,1266.0,3.0,Fategharh,Punjab,30.700000000000003,76.5,30.700000000000003,76.4,2017-01-06 23:38:25.000
1,126607.0,1266.0,3.0,Fategharh,Punjab,30.700000000000003,76.5,30.700000000000003,76.4,2016-12-19 19:34:59.999
1,126607.0,1266.0,3.0,Fategharh,Punjab,30.700000000000003,76.5,30.700000000000003,76.4,2017-03-03 00:48:49.000
1,126607.0,1266.0,3.0,Fategharh,Punjab,30.700000000000003,76.5,30.700000000000003,76.4,2017-01-27 23:20:18.999
1,126607.0,1266.0,3.0,Fategharh,Punjab,30.700000000000003,76.5,30.700000000000003,76.4,2016-11-30 02:57:00.000
1,126607.0,1266.0,3.0,Fategharh,Punjab,30.700000000000003,76.5,30.700000000000003,76.4,2016-12-03 00:30:00.000
1,126607.0,1266.0,3.0,Fategharh,Punjab,30.700000000000003,76.5,30.700000000000003,76.4,2016-12-13 01:40:00.000
1,126607.0,1266.0,3.0,Fategharh,Punjab,30.700000000000003,76.5,30.700000000000003,76.4,2016-12-22 22:33:00.000
1,126607.0,1266.0,3.0,Fategharh,Punjab,30.700000000000003,76.5,30.700000000000003,76.4,2016-12-02 21:53:59.999
1,126607.0,1266.0,3.0,Fategharh,Punjab,30.700000000000003,76.5,,,2017-04-06 05:16:23.936
1,126607.0,1266.0,3.0,Fategharh,Punjab,30.700000000000003,76.5,30.700000000000003,76.4,2016-11-30 03:00:00.000
1,126607.0,1266.0,3.0,Fategharh,Punjab,30.700000000000003,76.5,30.700000000000003,76.4,2016-11-30 21:30:59.999
1,126607.0,1266.0,3.0,Fategharh,Punjab,30.700000000000003,76.5,,,2017-04-06 05:16:23.936
1,126607.0,1266.0,3.0,Fategharh,Punjab,30.700000000000003,76.5,30.700000000000003,76.4,2016-12-18 22:41:00.000
1,126607.0,1266.0,3.0,Fategharh,Punjab,30.700000000000003,76.5,30.700000000000003,76.4,2017-01-16 01:54:15.000
1,126607.0,1266.0,3.0,Fategharh,Punjab,30.700000000000003,76.5,30.700000000000003,76.4,2016-12-06 00:27:00.000
1,126607.0,1266.0,3.0,Fategharh,Punjab,30.700000000000003,76.5,30.700000000000003,76.4,2016-12-26 01:54:59.999
1,126607.0,1266.0,3.0,Fategharh,Punjab,30.700000000000003,76.5,30.700000000000003,76.4,2016-12-14 23:21:00.000
1,126607.0,1266.0,3.0,Fategharh,Punjab,30.700000000000003,76.5,30.700000000000003,76.4,2016-12-16 23:31:00.000
1,126607.0,1266.0,3.0,Fategharh,Punjab,30.700000000000003,76.5,30.700000000000003,76.4,2017-02-22 22:50:38.999
1,126607.0,1266.0,3.0,Fategharh,Punjab,30.700000000000003,76.5,30.700000000000003,76.4,2017-01-13 00:41:26.000
1,126607.0,1266.0,3.0,Fategharh,Punjab,30.700000000000003,76.5,,,2017-04-06 05:16:23.936
1,126607.0,1266.0,3.0,Fategharh,Punjab,30.700000000000003,76.5,,,2017-04-06 05:16:23.936
1,126607.0,1266.0,3.0,Fategharh,Punjab,30.700000000000003,76.5,30.700000000000003,76.4,2017-01-23 00:06:12.999
1,126607.0,1266.0,3.0,Fategharh,Punjab,30.700000000000003,76.5,30.700000000000003,76.4,2017-01-20 00:31:15.000
1,126607.0,1266.0,3.0,Fategharh,Punjab,30.700000000000003,76.5,30.700000000000003,76.4,2017-02-09 23:21:44.000
1,126611.0,1266.0,3.0,Fategharh,Punjab,30.700000000000003,76.5,30.700000000000003,76.4,2017-03-16 03:52:02.000
1,126611.0,1266.0,3.0,Fategharh,Punjab,30.700000000000003,76.5,,,2017-04-06 06:30:40.384
1,126611.0,1266.0,3.0,Fategharh,Punjab,30.700000000000003,76.5,,,2017-04-06 06:30:40.384
1,126611.0,1266.0,3.0,Fategharh,Punjab,30.700000000000003,76.5,,,2017-04-06 06:30:40.384
1,126611.0,1266.0,3.0,Fategharh,Punjab,30.700000000000003,76.5,30.700000000000003,76.4,2017-02-04 03:27:18.000
1,126611.0,1266.0,3.0,Fategharh,Punjab,30.700000000000003,76.5,30.700000000000003,76.4,2016-12-05 00:45:00.000
1,126611.0,1266.0,3.0,Fategharh,Punjab,30.700000000000003,76.5,30.700000000000003,76.4,2017-02-14 00:14:19.999
1,126611.0,1266.0,3.0,Fategharh,Punjab,30.700000000000003,76.5,,,2017-04-06 06:30:40.384
1,126628.0,1266.0,3.0,Fategharh,Punjab,30.700000000000003,76.5,,,2017-04-06 04:54:33.216
1,126628.0,1266.0,3.0,Fategharh,Punjab,30.700000000000003,76.5,,,2017-04-06 04:54:33.216
1,126628.0,1266.0,3.0,Fategharh,Punjab,30.700000000000003,76.5,30.700000000000003,76.4,2016-12-02 00:58:00.000
1,126631.0,1266.0,3.0,Fategharh,Punjab,30.700000000000003,76.5,30.700000000000003,76.4,2017-04-05 01:03:34.000
1,126631.0,1266.0,3.0,Fategharh,Punjab,30.700000000000003,76.5,30.700000000000003,76.4,2017-01-17 01:47:48.999
1,126631.0,1266.0,3.0,Fategharh,Punjab,30.700000000000003,76.5,30.700000000000003,76.4,2016-12-05 02:44:00.000
1,126631.0,1266.0,3.0,Fategharh,Punjab,30.700000000000003,76.5,,,2017-04-06 05:03:17.504
1,126631.0,1266.0,3.0,Fategharh,Punjab,30.700000000000003,76.5,30.700000000000003,76.4,2016-12-29 03:04:59.999
1,126631.0,1266.0,3.0,Fategharh,Punjab,30.700000000000003,76.5,,,2017-04-06 05:03:17.504
1,126631.0,1266.0,3.0,Fategharh,Punjab,30.700000000000003,76.5,30.700000000000003,76.4,2016-12-14 13:31:00.000
1,126631.0,1266.0,3.0,Fategharh,Punjab,30.700000000000003,76.5,30.700000000000003,76.4,2017-02-17 00:47:05.000
1,126631.0,1266.0,3.0,Fategharh,Punjab,30.700000000000003,76.5,30.700000000000003,76.4,2016-12-11 01:50:59.999
1,126631.0,1266.0,3.0,Fategharh,Punjab,30.700000000000003,76.5,30.700000000000003,76.4,2016-12-03 04:02:59.999
1,126631.0,1266.0,3.0,Fategharh,Punjab,30.700000000000003,76.5,30.700000000000003,76.4,2017-04-06 04:04:09.000
1,126631.0,1266.0,3.0,Fategharh,Punjab,30.700000000000003,76.5,30.700000000000003,76.4,2016-12-07 03:40:59.999
1,126631.0,1266.0,3.0,Fategharh,Punjab,30.700000000000003,76.5,30.700000000000003,76.4,2017-03-25 23:43:55.999
1,126631.0,1266.0,3.0,Fategharh,Punjab,30.700000000000003,76.5,30.700000000000003,76.4,2017-04-06 04:00:42.000
1,126633.0,1266.0,3.0,Fategharh,Punjab,30.700000000000003,76.5,,,2017-04-06 05:14:12.864
1,126633.0,1266.0,3.0,Fategharh,Punjab,30.700000000000003,76.5,30.700000000000003,76.4,2016-12-25 01:33:00.000
1,126633.0,1266.0,3.0,Fategharh,Punjab,30.700000000000003,76.5,,,2017-04-06 05:14:12.864
1,126633.0,1266.0,3.0,Fategharh,Punjab,30.700000000000003,76.5,30.700000000000003,76.4,2017-01-12 01:58:29.000
1,126633.0,1266.0,3.0,Fategharh,Punjab,30.700000000000003,76.5,30.700000000000003,76.4,2017-03-05 23:07:29.999
1,126633.0,1266.0,3.0,Fategharh,Punjab,30.700000000000003,76.5,30.700000000000003,76.4,2017-04-21 00:55:49.999
1,126633.0,1266.0,3.0,Fategharh,Punjab,30.700000000000003,76.5,30.700000000000003,76.4,2017-02-19 23:11:34.999
1,126633.0,1266.0,3.0,Fategharh,Punjab,30.700000000000003,76.5,30.700000000000003,76.4,2016-12-03 00:00:00.000
1,126633.0,1266.0,3.0,Fategharh,Punjab,30.700000000000003,76.5,30.700000000000003,76.4,2016-12-07 00:39:00.000
1,128907.0,1289.0,34.0,Fategharh,Punjab,30.5,76.5,30.5,76.5,2016-11-24 05:29:00.000
1,128907.0,1289.0,34.0,Fategharh,Punjab,30.5,76.5,30.5,76.5,2016-11-30 00:01:59.999
1,128907.0,1289.0,34.0,Fategharh,Punjab,30.5,76.5,30.5,76.5,2016-11-30 00:01:59.999
1,128907.0,1289.0,34.0,Fategharh,Punjab,30.5,76.5,30.5,76.5,2017-03-15 01:32:17.000
1,128907.0,1289.0,34.0,Fategharh,Punjab,30.5,76.5,30.5,76.5,2017-04-07 00:14:39.000
1,128907.0,1289.0,34.0,Fategharh,Punjab,30.5,76.5,,,2017-04-07 01:24:26.752
1,128907.0,1289.0,34.0,Fategharh,Punjab,30.5,76.5,30.5,76.5,2016-11-24 05:25:00.000
1,128907.0,1289.0,34.0,Fategharh,Punjab,30.5,76.5,,,2017-04-07 01:24:26.752
1,128907.0,1289.0,34.0,Fategharh,Punjab,30.5,76.5,30.5,76.5,2017-03-15 01:33:00.000
1,128907.0,1289.0,34.0,Fategharh,Punjab,30.5,76.5,30.5,76.5,2017-04-07 00:11:48.000
1,128907.0,1289.0,34.0,Fategharh,Punjab,30.5,76.5,30.5,76.5,2016-11-30 00:01:00.000
1,128908.0,1289.0,34.0,Fategharh,Punjab,30.5,76.5,30.5,76.5,2016-12-16 01:43:00.000
1,128908.0,1289.0,34.0,Fategharh,Punjab,30.5,76.5,30.5,76.5,2017-01-11 00:23:21.000
1,128908.0,1289.0,34.0,Fategharh,Punjab,30.5,76.5,30.5,76.5,2017-03-13 00:23:27.000
1,128908.0,1289.0,34.0,Fategharh,Punjab,30.5,76.5,30.5,76.5,2017-01-16 02:07:39.000
1,128908.0,1289.0,34.0,Fategharh,Punjab,30.5,76.5,30.5,76.5,2016-11-22 23:28:00.000
1,128908.0,1289.0,34.0,Fategharh,Punjab,30.5,76.5,30.5,76.5,2017-04-05 00:20:05.000
1,128908.0,1289.0,34.0,Fategharh,Punjab,30.5,76.5,30.5,76.5,2017-03-20 23:46:37.000
1,128908.0,1289.0,34.0,Fategharh,Punjab,30.5,76.5,30.5,76.5,2017-04-05 00:19:12.999
1,128908.0,1289.0,34.0,Fategharh,Punjab,30.5,76.5,30.5,76.5,2016-12-30 00:36:00.000
1,128908.0,1289.0,34.0,Fategharh,Punjab,30.5,76.5,30.5,76.5,2016-12-12 01:28:59.999
1,128908.0,1289.0,34.0,Fategharh,Punjab,30.5,76.5,30.5,76.5,2017-02-03 01:33:51.000
1,128908.0,1289.0,34.0,Fategharh,Punjab,30.5,76.5,30.5,76.5,2016-12-24 00:58:00.000
1,128908.0,1289.0,34.0,Fategharh,Punjab,30.5,76.5,30.5,76.5,2017-02-27 00:30:26.000
1,128908.0,1289.0,34.0,Fategharh,Punjab,30.5,76.5,30.5,76.5,2017-02-21 02:11:17.000
1,128908.0,1289.0,34.0,Fategharh,Punjab,30.5,76.5,30.5,76.5,2017-03-18 01:20:51.000
1,128908.0,1289.0,34.0,Fategharh,Punjab,30.5,76.5,30.5,76.5,2016-11-18 23:42:00.000
1,128908.0,1289.0,34.0,Fategharh,Punjab,30.5,76.5,30.5,76.5,2016-12-20 01:36:00.000
1,128908.0,1289.0,34.0,Fategharh,Punjab,30.5,76.5,30.5,76.5,2017-02-12 23:10:18.000
1,128908.0,1289.0,34.0,Fategharh,Punjab,30.5,76.5,30.5,76.5,2016-12-26 01:31:59.999
1,128908.0,1289.0,34.0,Fategharh,Punjab,30.5,76.5,30.5,76.5,2017-03-13 00:24:13.000
1,128908.0,1289.0,34.0,Fategharh,Punjab,30.5,76.5,30.5,76.5,2017-01-20 00:31:26.999
1,128908.0,1289.0,34.0,Fategharh,Punjab,30.5,76.5,30.5,76.5,2016-11-29 23:42:59.999
1,128908.0,1289.0,34.0,Fategharh,Punjab,30.5,76.5,30.5,76.5,2016-11-18 23:39:59.999
1,128908.0,1289.0,34.0,Fategharh,Punjab,30.5,76.5,30.5,76.5,2016-12-12 01:28:59.999
1,128908.0,1289.0,34.0,Fategharh,Punjab,30.5,76.5,30.5,76.5,2017-04-07 00:44:22.000
1,128908.0,1289.0,34.0,Fategharh,Punjab,30.5,76.5,30.5,76.5,2016-11-16 01:20:00.000
1,128908.0,1289.0,34.0,Fategharh,Punjab,30.5,76.5,30.5,76.5,2017-02-09 23:41:16.000
1,128908.0,1289.0,34.0,Fategharh,Punjab,30.5,76.5,,,2017-04-07 01:52:50.688
1,128908.0,1289.0,34.0,Fategharh,Punjab,30.5,76.5,,,2017-04-07 01:52:50.688
1,128908.0,1289.0,34.0,Fategharh,Punjab,30.5,76.5,30.5,76.5,2017-01-13 01:44:04.000
1,128908.0,1289.0,34.0,Fategharh,Punjab,30.5,76.5,30.5,76.5,2017-01-09 00:24:07.000
1,128908.0,1289.0,34.0,Fategharh,Punjab,30.5,76.5,30.5,76.5,2016-12-13 23:26:59.999
1,128908.0,1289.0,34.0,Fategharh,Punjab,30.5,76.5,30.5,76.5,2016-12-20 01:37:00.000
1,128908.0,1289.0,34.0,Fategharh,Punjab,30.5,76.5,30.5,76.5,2016-11-29 23:42:59.999
1,128908.0,1289.0,34.0,Fategharh,Punjab,30.5,76.5,30.5,76.5,2016-12-22 00:56:00.000
1,128908.0,1289.0,34.0,Fategharh,Punjab,30.5,76.5,30.5,76.5,2017-02-07 02:12:06.000
1,128908.0,1289.0,34.0,Fategharh,Punjab,30.5,76.5,30.5,76.5,2017-01-23 01:02:05.000
1,128908.0,1289.0,34.0,Fategharh,Punjab,30.5,76.5,30.5,76.5,2017-03-18 01:19:10.000
1,128914.0,1289.0,34.0,Fategharh,Punjab,30.5,76.5,30.5,76.5,2016-11-22 22:57:00.000
1,128914.0,1289.0,34.0,Fategharh,Punjab,30.5,76.5,,,2017-04-07 01:50:39.616
1,128914.0,1289.0,34.0,Fategharh,Punjab,30.5,76.5,,,2017-04-07 01:50:39.616
1,128914.0,1289.0,34.0,Fategharh,Punjab,30.5,76.5,,,2017-04-07 01:50:39.616
1,128914.0,1289.0,34.0,Fategharh,Punjab,30.5,76.5,30.5,76.5,2017-04-05 02:25:05.000
1,128914.0,1289.0,34.0,Fategharh,Punjab,30.5,76.5,30.5,76.5,2016-11-20 23:51:59.999
1,128914.0,1289.0,34.0,Fategharh,Punjab,30.5,76.5,30.5,76.5,2016-11-13 01:07:00.000
1,128914.0,1289.0,34.0,Fategharh,Punjab,30.5,76.5,30.5,76.5,2017-03-12 04:08:24.000
1,128914.0,1289.0,34.0,Fategharh,Punjab,30.5,76.5,30.5,76.5,2016-11-11 00:30:00.000
1,128914.0,1289.0,34.0,Fategharh,Punjab,30.5,76.5,30.5,76.5,2016-12-30 02:13:59.999
1,128914.0,1289.0,34.0,Fategharh,Punjab,30.5,76.5,30.5,76.5,2016-12-31 00:52:54.999
1,128914.0,1289.0,34.0,Fategharh,Punjab,30.5,76.5,30.5,76.5,2016-11-11 00:27:59.999
1,128914.0,1289.0,34.0,Fategharh,Punjab,30.5,76.5,,,2017-04-07 01:50:39.616
1,128914.0,1289.0,34.0,Fategharh,Punjab,30.5,76.5,30.5,76.5,2016-11-28 02:58:00.000
1,128921.0,1289.0,34.0,Fategharh,Punjab,30.5,76.5,30.5,76.5,2017-01-04 00:18:09.000
1,128921.0,1289.0,34.0,Fategharh,Punjab,30.5,76.5,30.5,76.5,2017-01-02 03:49:19.000
1,128921.0,1289.0,34.0,Fategharh,Punjab,30.5,76.5,,,2017-04-07 01:15:42.464
1,128921.0,1289.0,34.0,Fategharh,Punjab,30.5,76.5,,,2017-04-07 01:15:42.464
1,128921.0,1289.0,34.0,Fategharh,Punjab,30.5,76.5,30.5,76.5,2017-04-07 00:13:35.000
1,128926.0,1289.0,34.0,Fategharh,Punjab,30.5,76.5,30.5,76.5,2016-12-16 02:02:00.000
1,128926.0,1289.0,34.0,Fategharh,Punjab,30.5,76.5,30.5,76.5,2017-03-02 23:57:03.000
1,128926.0,1289.0,34.0,Fategharh,Punjab,30.5,76.5,30.5,76.5,2017-02-14 23:55:24.000
1,128926.0,1289.0,34.0,Fategharh,Punjab,30.5,76.5,,,2017-04-07 02:34:21.056
1,128926.0,1289.0,34.0,Fategharh,Punjab,30.5,76.5,30.5,76.5,2017-01-18 00:21:42.000
1,128926.0,1289.0,34.0,Fategharh,Punjab,30.5,76.5,30.5,76.5,2017-01-08 00:52:41.999
1,128926.0,1289.0,34.0,Fategharh,Punjab,30.5,76.5,30.5,76.5,2017-01-28 00:52:26.000
1,128926.0,1289.0,34.0,Fategharh,Punjab,30.5,76.5,30.5,76.5,2017-02-19 01:43:09.999
1,128926.0,1289.0,34.0,Fategharh,Punjab,30.5,76.5,30.5,76.5,2017-03-07 23:46:42.999
1,128926.0,1289.0,34.0,Fategharh,Punjab,30.5,76.5,,,2017-04-07 02:34:21.056
1,128926.0,1289.0,34.0,Fategharh,Punjab,30.5,76.5,30.5,76.5,2017-01-14 02:17:58.000
1,128926.0,1289.0,34.0,Fategharh,Punjab,30.5,76.5,30.5,76.5,2016-11-25 23:58:59.999
1,128926.0,1289.0,34.0,Fategharh,Punjab,30.5,76.5,30.5,76.5,2017-01-10 02:10:21.999
1,128926.0,1289.0,34.0,Fategharh,Punjab,30.5,76.5,30.5,76.5,2017-03-13 01:38:32.999
1,128926.0,1289.0,34.0,Fategharh,Punjab,30.5,76.5,30.5,76.5,2017-03-03 23:28:48.000
1,128926.0,1289.0,34.0,Fategharh,Punjab,30.5,76.5,30.5,76.5,2016-12-18 00:46:00.000
1,128926.0,1289.0,34.0,Fategharh,Punjab,30.5,76.5,30.5,76.5,2017-02-12 23:20:09.000
1,128926.0,1289.0,34.0,Fategharh,Punjab,30.5,76.5,30.5,76.5,2016-11-20 23:26:59.999
1,128926.0,1289.0,34.0,Fategharh,Punjab,30.5,76.5,30.5,76.5,2016-11-23 22:52:00.000
1,128926.0,1289.0,34.0,Fategharh,Punjab,30.5,76.5,30.5,76.5,2017-01-12 00:07:51.000
1,128926.0,1289.0,34.0,Fategharh,Punjab,30.5,76.5,30.5,76.5,2017-03-14 23:55:51.999
1,128926.0,1289.0,34.0,Fategharh,Punjab,30.5,76.5,30.5,76.5,2017-03-10 00:46:27.999
1,128926.0,1289.0,34.0,Fategharh,Punjab,30.5,76.5,30.5,76.5,2017-02-08 23:35:51.000
1,128926.0,1289.0,34.0,Fategharh,Punjab,30.5,76.5,30.5,76.5,2017-03-29 00:44:09.000
1,128926.0,1289.0,34.0,Fategharh,Punjab,30.5,76.5,30.5,76.5,2017-01-19 00:07:03.999
1,128926.0,1289.0,34.0,Fategharh,Punjab,30.5,76.5,30.5,76.5,2016-12-24 22:33:00.000
1,128926.0,1289.0,34.0,Fategharh,Punjab,30.5,76.5,30.5,76.5,2017-04-07 01:22:37.000
1,128926.0,1289.0,34.0,Fategharh,Punjab,30.5,76.5,30.5,76.5,2016-12-13 02:54:00.000
1,128926.0,1289.0,34.0,Fategharh,Punjab,30.5,76.5,30.5,76.5,2017-01-05 00:40:36.000
1,128929.0,1289.0,34.0,Fategharh,Punjab,30.5,76.5,30.5,76.5,2016-12-29 23:44:00.000
1,128929.0,1289.0,34.0,Fategharh,Punjab,30.5,76.5,30.5,76.5,2017-01-03 01:35:05.999
1,128929.0,1289.0,34.0,Fategharh,Punjab,30.5,76.5,30.5,76.5,2017-01-16 00:07:54.999
1,128929.0,1289.0,34.0,Fategharh,Punjab,30.5,76.5,30.5,76.5,2017-03-10 23:12:41.999
1,128929.0,1289.0,34.0,Fategharh,Punjab,30.5,76.5,30.5,76.5,2016-11-28 02:25:00.000
1,128929.0,1289.0,34.0,Fategharh,Punjab,30.5,76.5,30.5,76.5,2016-12-29 23:41:00.000
1,128929.0,1289.0,34.0,Fategharh,Punjab,30.5,76.5,,,2017-04-07 01:33:11.040
1,128929.0,1289.0,34.0,Fategharh,Punjab,30.5,76.5,30.5,76.5,2017-03-20 00:02:48.000
1,128929.0,1289.0,34.0,Fategharh,Punjab,30.5,76.5,30.5,76.5,2017-01-04 02:37:35.000
1,128929.0,1289.0,34.0,Fategharh,Punjab,30.5,76.5,30.5,76.5,2017-01-21 02:25:27.000
1,128929.0,1289.0,34.0,Fategharh,Punjab,30.5,76.5,30.5,76.5,2017-01-13 02:08:42.000
1,128929.0,1289.0,34.0,Fategharh,Punjab,30.5,76.5,30.5,76.5,2017-01-19 04:25:16.000
1,128929.0,1289.0,34.0,Fategharh,Punjab,30.5,76.5,30.5,76.5,2017-01-13 02:10:16.000
1,128929.0,1289.0,34.0,Fategharh,Punjab,30.5,76.5,30.5,76.5,2017-01-08 01:36:31.999
1,128929.0,1289.0,34.0,Fategharh,Punjab,30.5,76.5,30.5,76.5,2017-03-06 01:38:43.000
1,128929.0,1289.0,34.0,Fategharh,Punjab,30.5,76.5,30.5,76.5,2016-12-28 00:40:00.000
1,128929.0,1289.0,34.0,Fategharh,Punjab,30.5,76.5,30.5,76.5,2016-12-28 00:43:00.000
1,128929.0,1289.0,34.0,Fategharh,Punjab,30.5,76.5,,,2017-04-07 01:33:11.040
1,128929.0,1289.0,34.0,Fategharh,Punjab,30.5,76.5,30.5,76.5,2017-02-02 02:04:55.000
1,128929.0,1289.0,34.0,Fategharh,Punjab,30.5,76.5,30.5,76.5,2016-12-14 03:17:00.000
1,128929.0,1289.0,34.0,Fategharh,Punjab,30.5,76.5,30.5,76.5,2016-12-22 02:26:59.999
1,128929.0,1289.0,34.0,Fategharh,Punjab,30.5,76.5,30.5,76.5,2017-04-03 23:59:02.999
1,128929.0,1289.0,34.0,Fategharh,Punjab,30.5,76.5,30.5,76.5,2016-12-05 03:04:00.000
1,128929.0,1289.0,34.0,Fategharh,Punjab,30.5,76.5,30.5,76.5,2017-01-13 23:39:45.000
1,128929.0,1289.0,34.0,Fategharh,Punjab,30.5,76.5,30.5,76.5,2017-03-04 22:50:03.000
1,128930.0,1289.0,34.0,Fategharh,Punjab,30.5,76.5,30.3,76.3,2017-02-27 01:03:56.000
1,128930.0,1289.0,34.0,Fategharh,Punjab,30.5,76.5,30.3,76.3,2017-02-15 23:10:55.000
1,128930.0,1289.0,34.0,Fategharh,Punjab,30.5,76.5,30.5,76.5,2016-11-28 23:31:00.000
1,128930.0,1289.0,34.0,Fategharh,Punjab,30.5,76.5,30.3,76.3,2016-12-27 23:34:00.000
1,128930.0,1289.0,34.0,Fategharh,Punjab,30.5,76.5,30.3,76.3,2016-12-19 23:31:00.000
1,128930.0,1289.0,34.0,Fategharh,Punjab,30.5,76.5,30.5,76.5,2017-04-12 22:29:26.999
1,128930.0,1289.0,34.0,Fategharh,Punjab,30.5,76.5,30.5,76.5,2017-02-18 23:44:51.000
1,128930.0,1289.0,34.0,Fategharh,Punjab,30.5,76.5,30.3,76.3,2017-02-19 00:38:00.000
1,128930.0,1289.0,34.0,Fategharh,Punjab,30.5,76.5,30.3,76.3,2016-12-01 23:45:00.000
1,128930.0,1289.0,34.0,Fategharh,Punjab,30.5,76.5,30.3,76.3,2016-11-17 22:41:59.999
1,128930.0,1289.0,34.0,Fategharh,Punjab,30.5,76.5,30.3,76.3,2016-11-17 00:55:00.000
1,128930.0,1289.0,34.0,Fategharh,Punjab,30.5,76.5,30.3,76.3,2017-02-06 02:03:46.999
1,128930.0,1289.0,34.0,Fategharh,Punjab,30.5,76.5,30.3,76.3,2016-11-30 01:01:00.000
1,128930.0,1289.0,34.0,Fategharh,Punjab,30.5,76.5,30.5,76.5,2017-04-05 00:58:28.000
1,128930.0,1289.0,34.0,Fategharh,Punjab,30.5,76.5,30.5,76.5,2017-03-06 00:20:51.000
1,128930.0,1289.0,34.0,Fategharh,Punjab,30.5,76.5,30.5,76.5,2017-04-10 01:04:12.999
1,128930.0,1289.0,34.0,Fategharh,Punjab,30.5,76.5,30.5,76.5,2016-12-11 00:06:00.000
1,128930.0,1289.0,34.0,Fategharh,Punjab,30.5,76.5,30.5,76.5,2016-11-29 23:48:00.000
1,128930.0,1289.0,34.0,Fategharh,Punjab,30.5,76.5,30.3,76.3,2017-03-13 23:55:24.000
1,128930.0,1289.0,34.0,Fategharh,Punjab,30.5,76.5,30.3,76.3,2016-12-04 23:05:00.000
1,128930.0,1289.0,34.0,Fategharh,Punjab,30.5,76.5,30.5,76.5,2016-11-24 01:02:59.999
1,128930.0,1289.0,34.0,Fategharh,Punjab,30.5,76.5,30.5,76.5,2016-11-18 04:31:59.999
1,128930.0,1289.0,34.0,Fategharh,Punjab,30.5,76.5,30.5,76.5,2017-01-15 11:35:22.999
1,128930.0,1289.0,34.0,Fategharh,Punjab,30.5,76.5,30.3,76.3,2016-12-20 23:39:59.999
1,128930.0,1289.0,34.0,Fategharh,Punjab,30.5,76.5,30.3,76.3,2017-01-20 22:49:06.999
1,128930.0,1289.0,34.0,Fategharh,Punjab,30.5,76.5,30.5,76.5,2016-11-24 00:59:59.999
1,128930.0,1289.0,34.0,Fategharh,Punjab,30.5,76.5,30.5,76.5,2016-11-19 23:48:59.999
1,128930.0,1289.0,34.0,Fategharh,Punjab,30.5,76.5,30.3,76.3,2017-04-11 23:37:46.000
1,128930.0,1289.0,34.0,Fategharh,Punjab,30.5,76.5,30.5,76.5,2017-02-28 22:15:13.000
1,128930.0,1289.0,34.0,Fategharh,Punjab,30.5,76.5,30.5,76.5,2017-04-07 01:18:38.999
1,128930.0,1289.0,34.0,Fategharh,Punjab,30.5,76.5,30.5,76.5,2017-03-30 00:06:25.999
1,128930.0,1289.0,34.0,Fategharh,Punjab,30.5,76.5,30.5,76.5,2017-04-12 22:27:44.000
1,128930.0,1289.0,34.0,Fategharh,Punjab,30.5,76.5,,,2017-04-07 02:01:34.976
1,128930.0,1289.0,34.0,Fategharh,Punjab,30.5,76.5,30.3,76.3,2017-01-27 01:47:46.000
1,128930.0,1289.0,34.0,Fategharh,Punjab,30.5,76.5,30.3,76.3,2017-04-03 01:03:41.000
1,128930.0,1289.0,34.0,Fategharh,Punjab,30.5,76.5,30.5,76.5,2017-04-05 00:58:03.000
1,128930.0,1289.0,34.0,Fategharh,Punjab,30.5,76.5,30.5,76.5,2016-12-13 23:31:00.000
1,128930.0,1289.0,34.0,Fategharh,Punjab,30.5,76.5,30.5,76.5,2017-03-15 01:40:41.000
1,128930.0,1289.0,34.0,Fategharh,Punjab,30.5,76.5,30.5,76.5,2017-02-06 23:13:21.999
1,128930.0,1289.0,34.0,Fategharh,Punjab,30.5,76.5,30.3,76.3,2017-02-12 23:28:11.000
1,128930.0,1289.0,34.0,Fategharh,Punjab,30.5,76.5,30.5,76.5,2016-11-29 23:47:00.000
1,128930.0,1289.0,34.0,Fategharh,Punjab,30.5,76.5,30.3,76.3,2016-12-30 22:57:00.000
1,128930.0,1289.0,34.0,Fategharh,Punjab,30.5,76.5,30.3,76.3,2016-11-27 23:32:59.999
1,128930.0,1289.0,34.0,Fategharh,Punjab,30.5,76.5,30.3,76.3,2017-02-21 00:41:42.000
1,128930.0,1289.0,34.0,Fategharh,Punjab,30.5,76.5,30.5,76.5,2016-11-19 23:48:00.000
1,128930.0,1289.0,34.0,Fategharh,Punjab,30.5,76.5,30.5,76.5,2017-01-15 11:35:54.999
1,128930.0,1289.0,34.0,Fategharh,Punjab,30.5,76.5,30.5,76.5,2017-02-06 23:14:33.000
1,128930.0,1289.0,34.0,Fategharh,Punjab,30.5,76.5,30.3,76.3,2016-11-19 00:45:00.000
1,128930.0,1289.0,34.0,Fategharh,Punjab,30.5,76.5,30.3,76.3,2017-02-02 23:47:52.999
1,128930.0,1289.0,34.0,Fategharh,Punjab,30.5,76.5,30.5,76.5,2017-02-18 23:46:06.000
1,128930.0,1289.0,34.0,Fategharh,Punjab,30.5,76.5,30.5,76.5,2017-02-18 23:45:29.000
1,128930.0,1289.0,34.0,Fategharh,Punjab,30.5,76.5,30.5,76.5,2017-03-10 01:00:56.000
1,128930.0,1289.0,34.0,Fategharh,Punjab,30.5,76.5,30.3,76.3,2016-12-06 23:28:00.000
1,128930.0,1289.0,34.0,Fategharh,Punjab,30.5,76.5,30.3,76.3,2017-01-17 23:01:04.999
1,128930.0,1289.0,34.0,Fategharh,Punjab,30.5,76.5,30.5,76.5,2017-03-15 01:41:05.000
1,128930.0,1289.0,34.0,Fategharh,Punjab,30.5,76.5,30.3,76.3,2017-03-01 00:20:08.000
1,128930.0,1289.0,34.0,Fategharh,Punjab,30.5,76.5,30.5,76.5,2017-03-06 00:21:25.000
1,128930.0,1289.0,34.0,Fategharh,Punjab,30.5,76.5,30.3,76.3,2017-01-05 22:59:25.000
1,128930.0,1289.0,34.0,Fategharh,Punjab,30.5,76.5,30.5,76.5,2016-11-18 04:34:00.000
1,128930.0,1289.0,34.0,Fategharh,Punjab,30.5,76.5,30.3,76.3,2017-01-09 22:57:59.000
1,128930.0,1289.0,34.0,Fategharh,Punjab,30.5,76.5,30.5,76.5,2017-04-12 22:27:29.000
1,128930.0,1289.0,34.0,Fategharh,Punjab,30.5,76.5,30.5,76.5,2017-03-28 00:35:25.000
1,128930.0,1289.0,34.0,Fategharh,Punjab,30.5,76.5,30.3,76.3,2017-01-03 22:59:51.000
1,128930.0,1289.0,34.0,Fategharh,Punjab,30.5,76.5,30.3,76.3,2017-02-06 23:01:01.000
1,128930.0,1289.0,34.0,Fategharh,Punjab,30.5,76.5,30.5,76.5,2017-03-02 23:33:01.000
1,128930.0,1289.0,34.0,Fategharh,Punjab,30.5,76.5,30.3,76.3,2017-01-30 23:46:45.999
1,128930.0,1289.0,34.0,Fategharh,Punjab,30.5,76.5,30.3,76.3,2017-03-07 23:50:25.999
1,128930.0,1289.0,34.0,Fategharh,Punjab,30.5,76.5,30.5,76.5,2016-11-19 23:48:00.000
1,128930.0,1289.0,34.0,Fategharh,Punjab,30.5,76.5,30.5,76.5,2016-11-28 23:31:00.000
1,128930.0,1289.0,34.0,Fategharh,Punjab,30.5,76.5,30.5,76.5,2017-03-02 23:33:42.999
1,128930.0,1289.0,34.0,Fategharh,Punjab,30.5,76.5,30.3,76.3,2017-02-21 23:35:49.000
1,128930.0,1289.0,34.0,Fategharh,Punjab,30.5,76.5,30.3,76.3,2016-12-25 23:53:00.000
1,128930.0,1289.0,34.0,Fategharh,Punjab,30.5,76.5,30.5,76.5,2017-03-30 00:06:00.000
1,128930.0,1289.0,34.0,Fategharh,Punjab,30.5,76.5,30.3,76.3,2017-02-20 00:32:47.999
1,128930.0,1289.0,34.0,Fategharh,Punjab,30.5,76.5,30.3,76.3,2017-02-14 01:51:15.000
1,128930.0,1289.0,34.0,Fategharh,Punjab,30.5,76.5,30.3,76.3,2016-12-12 01:27:00.000
1,128930.0,1289.0,34.0,Fategharh,Punjab,30.5,76.5,30.3,76.3,2016-11-21 00:53:59.999
1,128930.0,1289.0,34.0,Fategharh,Punjab,30.5,76.5,30.5,76.5,2016-12-13 23:32:00.000
1,128930.0,1289.0,34.0,Fategharh,Punjab,30.5,76.5,30.5,76.5,2017-03-30 00:05:40.000
1,128930.0,1289.0,34.0,Fategharh,Punjab,30.5,76.5,30.5,76.5,2017-04-10 01:03:49.000
1,128930.0,1289.0,34.0,Fategharh,Punjab,30.5,76.5,30.3,76.3,2017-01-08 00:01:32.999
1,128930.0,1289.0,34.0,Fategharh,Punjab,30.5,76.5,30.5,76.5,2017-03-06 00:22:17.000
1,128930.0,1289.0,34.0,Fategharh,Punjab,30.5,76.5,30.5,76.5,2016-11-16 23:29:59.999
1,128930.0,1289.0,34.0,Fategharh,Punjab,30.5,76.5,30.5,76.5,2017-04-07 01:22:56.000
1,128930.0,1289.0,34.0,Fategharh,Punjab,30.5,76.5,30.3,76.3,2017-01-26 00:52:49.000
1,128930.0,1289.0,34.0,Fategharh,Punjab,30.5,76.5,30.3,76.3,2017-03-26 23:56:31.000
1,128930.0,1289.0,34.0,Fategharh,Punjab,30.5,76.5,30.3,76.3,2016-12-13 23:09:00.000
1,128930.0,1289.0,34.0,Fategharh,Punjab,30.5,76.5,30.5,76.5,2017-03-10 00:59:32.000
1,128930.0,1289.0,34.0,Fategharh,Punjab,30.5,76.5,30.3,76.3,2016-12-14 23:12:00.000
1,128930.0,1289.0,34.0,Fategharh,Punjab,30.5,76.5,30.3,76.3,2017-02-14 23:07:48.999
1,128930.0,1289.0,34.0,Fategharh,Punjab,30.5,76.5,30.3,76.3,2017-02-08 00:04:56.000
1,128930.0,1289.0,34.0,Fategharh,Punjab,30.5,76.5,30.5,76.5,2017-04-05 00:58:54.000
1,128930.0,1289.0,34.0,Fategharh,Punjab,30.5,76.5,30.5,76.5,2017-03-28 00:35:52.999
1,128930.0,1289.0,34.0,Fategharh,Punjab,30.5,76.5,30.3,76.3,2017-01-15 00:14:29.999
1,128930.0,1289.0,34.0,Fategharh,Punjab,30.5,76.5,30.5,76.5,2017-04-10 01:04:32.000
1,128930.0,1289.0,34.0,Fategharh,Punjab,30.5,76.5,30.3,76.3,2017-02-09 22:48:58.999
1,128930.0,1289.0,34.0,Fategharh,Punjab,30.5,76.5,30.3,76.3,2017-03-24 23:54:11.999
1,128930.0,1289.0,34.0,Fategharh,Punjab,30.5,76.5,30.3,76.3,2017-01-13 02:04:13.999
1,128930.0,1289.0,34.0,Fategharh,Punjab,30.5,76.5,30.3,76.3,2017-03-06 22:46:06.999
1,128930.0,1289.0,34.0,Fategharh,Punjab,30.5,76.5,30.5,76.5,2017-03-28 00:36:11.000
1,128930.0,1289.0,34.0,Fategharh,Punjab,30.5,76.5,30.3,76.3,2017-01-11 23:03:43.000
1,128930.0,1289.0,34.0,Fategharh,Punjab,30.5,76.5,30.3,76.3,2017-03-17 00:12:22.000
1,128930.0,1289.0,34.0,Fategharh,Punjab,30.5,76.5,30.3,76.3,2016-11-22 23:21:00.000
1,128930.0,1289.0,34.0,Fategharh,Punjab,30.5,76.5,30.3,76.3,2016-12-23 23:18:00.000
1,128930.0,1289.0,34.0,Fategharh,Punjab,30.5,76.5,30.3,76.3,2017-03-19 00:01:21.000
1,128930.0,1289.0,34.0,Fategharh,Punjab,30.5,76.5,30.3,76.3,2017-03-16 02:46:23.999
1,128930.0,1289.0,34.0,Fategharh,Punjab,30.5,76.5,30.3,76.3,2016-12-09 01:18:00.000
1,128930.0,1289.0,34.0,Fategharh,Punjab,30.5,76.5,30.3,76.3,2017-03-26 00:49:38.999
1,128930.0,1289.0,34.0,Fategharh,Punjab,30.5,76.5,30.5,76.5,2016-11-16 23:23:59.999
1,128930.0,1289.0,34.0,Fategharh,Punjab,30.5,76.5,30.3,76.3,2017-02-01 23:00:08.999
1,128930.0,1289.0,34.0,Fategharh,Punjab,30.5,76.5,,,2017-04-07 02:01:34.976
1,128930.0,1289.0,34.0,Fategharh,Punjab,30.5,76.5,30.3,76.3,2017-03-11 23:10:51.000
1,128930.0,1289.0,34.0,Fategharh,Punjab,30.5,76.5,30.3,76.3,2017-04-07 23:35:00.000
1,128930.0,1289.0,34.0,Fategharh,Punjab,30.5,76.5,30.5,76.5,2017-03-15 01:40:19.000
1,128930.0,1289.0,34.0,Fategharh,Punjab,30.5,76.5,30.5,76.5,2017-03-02 23:32:23.000
1,128930.0,1289.0,34.0,Fategharh,Punjab,30.5,76.5,30.3,76.3,2017-04-19 23:59:50.000
1,128930.0,1289.0,34.0,Fategharh,Punjab,30.5,76.5,30.3,76.3,2017-01-10 22:43:11.000
1,128930.0,1289.0,34.0,Fategharh,Punjab,30.5,76.5,30.3,76.3,2016-12-15 23:31:00.000
1,128931.0,1289.0,34.0,Fategharh,Punjab,30.5,76.5,30.5,76.5,2017-02-27 23:09:03.000
1,128931.0,1289.0,34.0,Fategharh,Punjab,30.5,76.5,30.5,76.5,2016-12-24 00:43:59.999
1,128931.0,1289.0,34.0,Fategharh,Punjab,30.5,76.5,30.5,76.5,2017-01-07 01:53:10.000
1,128931.0,1289.0,34.0,Fategharh,Punjab,30.5,76.5,30.5,76.5,2016-12-05 23:45:59.999
1,128931.0,1289.0,34.0,Fategharh,Punjab,30.5,76.5,30.5,76.5,2017-03-17 00:31:34.000
1,128931.0,1289.0,34.0,Fategharh,Punjab,30.5,76.5,30.5,76.5,2017-03-23 00:17:48.000
1,128931.0,1289.0,34.0,Fategharh,Punjab,30.5,76.5,30.5,76.5,2016-12-17 23:06:59.999
1,128931.0,1289.0,34.0,Fategharh,Punjab,30.5,76.5,30.5,76.5,2016-12-10 01:09:59.999
1,128931.0,1289.0,34.0,Fategharh,Punjab,30.5,76.5,30.5,76.5,2016-12-10 01:12:00.000
1,128931.0,1289.0,34.0,Fategharh,Punjab,30.5,76.5,30.5,76.5,2017-03-25 03:02:31.999
1,128931.0,1289.0,34.0,Fategharh,Punjab,30.5,76.5,30.5,76.5,2017-03-08 02:28:44.999
1,128931.0,1289.0,34.0,Fategharh,Punjab,30.5,76.5,30.5,76.5,2016-12-19 22:38:59.999
1,128931.0,1289.0,34.0,Fategharh,Punjab,30.5,76.5,30.5,76.5,2017-02-27 23:10:16.000
1,128931.0,1289.0,34.0,Fategharh,Punjab,30.5,76.5,,,2017-04-07 01:26:37.824
1,128931.0,1289.0,34.0,Fategharh,Punjab,30.5,76.5,30.5,76.5,2017-03-18 01:18:35.999
1,128931.0,1289.0,34.0,Fategharh,Punjab,30.5,76.5,30.5,76.5,2017-01-03 01:59:22.000
1,128931.0,1289.0,34.0,Fategharh,Punjab,30.5,76.5,30.5,76.5,2016-12-26 00:48:00.000
1,128931.0,1289.0,34.0,Fategharh,Punjab,30.5,76.5,30.5,76.5,2016-12-12 01:47:00.000
1,128931.0,1289.0,34.0,Fategharh,Punjab,30.5,76.5,30.5,76.5,2016-12-28 23:45:59.999
1,128931.0,1289.0,34.0,Fategharh,Punjab,30.5,76.5,30.5,76.5,2017-03-12 00:28:50.000
1,128931.0,1289.0,34.0,Fategharh,Punjab,30.5,76.5,30.5,76.5,2017-02-16 01:11:49.000
1,128931.0,1289.0,34.0,Fategharh,Punjab,30.5,76.5,30.5,76.5,2017-02-18 00:29:44.999
1,128931.0,1289.0,34.0,Fategharh,Punjab,30.5,76.5,30.5,76.5,2017-03-01 02:01:58.000
1,128931.0,1289.0,34.0,Fategharh,Punjab,30.5,76.5,30.5,76.5,2017-03-18 01:19:29.999
1,128931.0,1289.0,34.0,Fategharh,Punjab,30.5,76.5,30.5,76.5,2016-12-08 02:08:00.000
1,128931.0,1289.0,34.0,Fategharh,Punjab,30.5,76.5,30.5,76.5,2016-12-21 22:41:59.999
1,128931.0,1289.0,34.0,Fategharh,Punjab,30.5,76.5,30.5,76.5,2017-04-07 00:17:24.999
1,128931.0,1289.0,34.0,Fategharh,Punjab,30.5,76.5,30.5,76.5,2017-03-10 00:43:00.000
1,128931.0,1289.0,34.0,Fategharh,Punjab,30.5,76.5,30.5,76.5,2016-12-24 00:43:00.000
1,128931.0,1289.0,34.0,Fategharh,Punjab,30.5,76.5,30.5,76.5,2017-01-03 01:58:26.000
1,128931.0,1289.0,34.0,Fategharh,Punjab,30.5,76.5,30.5,76.5,2016-12-05 00:11:59.999
1,128931.0,1289.0,34.0,Fategharh,Punjab,30.5,76.5,30.5,76.5,2016-12-12 01:46:00.000
1,128931.0,1289.0,34.0,Fategharh,Punjab,30.5,76.5,30.5,76.5,2016-12-21 22:43:00.000
1,128931.0,1289.0,34.0,Fategharh,Punjab,30.5,76.5,30.5,76.5,2017-01-26 23:46:39.999
1,128931.0,1289.0,34.0,Fategharh,Punjab,30.5,76.5,30.5,76.5,2017-01-13 23:21:28.000
1,128931.0,1289.0,34.0,Fategharh,Punjab,30.5,76.5,30.5,76.5,2017-01-13 23:20:18.999
1,128931.0,1289.0,34.0,Fategharh,Punjab,30.5,76.5,30.5,76.5,2016-12-05 00:13:00.000
1,128931.0,1289.0,34.0,Fategharh,Punjab,30.5,76.5,30.5,76.5,2017-04-03 01:54:28.000
1,128931.0,1289.0,34.0,Fategharh,Punjab,30.5,76.5,30.5,76.5,2017-03-02 23:37:25.000
1,128931.0,1289.0,34.0,Fategharh,Punjab,30.5,76.5,30.5,76.5,2017-02-16 01:12:35.999
1,128931.0,1289.0,34.0,Fategharh,Punjab,30.5,76.5,30.5,76.5,2017-03-17 00:32:14.000
1,128931.0,1289.0,34.0,Fategharh,Punjab,30.5,76.5,30.5,76.5,2017-01-05 01:57:13.999
1,128931.0,1289.0,34.0,Fategharh,Punjab,30.5,76.5,30.5,76.5,2017-01-09 23:02:55.000
1,128931.0,1289.0,34.0,Fategharh,Punjab,30.5,76.5,30.5,76.5,2016-12-26 00:49:59.999
1,128931.0,1289.0,34.0,Fategharh,Punjab,30.5,76.5,30.5,76.5,2017-01-05 01:58:31.000
1,128931.0,1289.0,34.0,Fategharh,Punjab,30.5,76.5,30.5,76.5,2017-03-01 02:01:04.000
1,128931.0,1289.0,34.0,Fategharh,Punjab,30.5,76.5,30.5,76.5,2016-12-12 01:49:00.000
1,128931.0,1289.0,34.0,Fategharh,Punjab,30.5,76.5,,,2017-04-07 01:26:37.824
1,128931.0,1289.0,34.0,Fategharh,Punjab,30.5,76.5,30.5,76.5,2017-01-26 23:47:30.000
1,128931.0,1289.0,34.0,Fategharh,Punjab,30.5,76.5,30.5,76.5,2017-03-02 23:36:32.999
1,128931.0,1289.0,34.0,Fategharh,Punjab,30.5,76.5,30.5,76.5,2017-03-18 01:20:11.000
1,128931.0,1289.0,34.0,Fategharh,Punjab,30.5,76.5,30.5,76.5,2017-01-07 01:54:02.000
1,128931.0,1289.0,34.0,Fategharh,Punjab,30.5,76.5,30.5,76.5,2016-12-08 02:09:00.000
1,128931.0,1289.0,34.0,Fategharh,Punjab,30.5,76.5,30.5,76.5,2017-04-03 01:53:35.000
1,128931.0,1289.0,34.0,Fategharh,Punjab,30.5,76.5,30.5,76.5,2017-03-23 00:18:36.000
1,128931.0,1289.0,34.0,Fategharh,Punjab,30.5,76.5,30.5,76.5,2016-12-05 23:42:59.999
1,128931.0,1289.0,34.0,Fategharh,Punjab,30.5,76.5,30.5,76.5,2016-12-19 22:37:00.000
1,128931.0,1289.0,34.0,Fategharh,Punjab,30.5,76.5,30.5,76.5,2017-02-18 00:28:47.999
1,128931.0,1289.0,34.0,Fategharh,Punjab,30.5,76.5,30.5,76.5,2017-03-10 00:43:56.999
1,128931.0,1289.0,34.0,Fategharh,Punjab,30.5,76.5,30.5,76.5,2017-03-25 03:01:39.000
1,128931.0,1289.0,34.0,Fategharh,Punjab,30.5,76.5,30.5,76.5,2017-03-08 02:27:44.000
1,128931.0,1289.0,34.0,Fategharh,Punjab,30.5,76.5,30.5,76.5,2017-03-12 00:29:30.000
1,128931.0,1289.0,34.0,Fategharh,Punjab,30.5,76.5,30.5,76.5,2017-04-07 00:21:51.000
1,128931.0,1289.0,34.0,Fategharh,Punjab,30.5,76.5,30.5,76.5,2016-12-05 23:41:00.000
1,128932.0,1289.0,34.0,Fategharh,Punjab,30.5,76.5,30.5,76.5,2016-12-21 02:10:59.999
1,128932.0,1289.0,34.0,Fategharh,Punjab,30.5,76.5,30.5,76.5,2016-11-11 01:46:00.000
1,128932.0,1289.0,34.0,Fategharh,Punjab,30.5,76.5,30.5,76.5,2016-12-27 05:13:00.000
1,128932.0,1289.0,34.0,Fategharh,Punjab,30.5,76.5,30.5,76.5,2016-11-11 01:43:00.000
1,128934.0,1289.0,34.0,Fategharh,Punjab,30.5,76.5,30.5,76.5,2016-11-17 00:59:00.000
1,128934.0,1289.0,34.0,Fategharh,Punjab,30.5,76.5,,,2017-04-07 02:08:08.192
1,128934.0,1289.0,34.0,Fategharh,Punjab,30.5,76.5,,,2017-04-07 02:08:08.192
1,128934.0,1289.0,34.0,Fategharh,Punjab,30.5,76.5,30.5,76.5,2016-12-31 04:56:14.000
1,128934.0,1289.0,34.0,Fategharh,Punjab,30.5,76.5,,,2017-04-07 02:08:08.192
1,128934.0,1289.0,34.0,Fategharh,Punjab,30.5,76.5,,,2017-04-07 02:08:08.192
1,128934.0,1289.0,34.0,Fategharh,Punjab,30.5,76.5,30.5,76.5,2017-01-05 02:17:48.000
1,128934.0,1289.0,34.0,Fategharh,Punjab,30.5,76.5,30.5,76.5,2016-12-10 01:44:59.999
1,128934.0,1289.0,34.0,Fategharh,Punjab,30.5,76.5,30.5,76.5,2016-11-13 21:43:59.999
1,128940.0,1289.0,34.0,Fategharh,Punjab,30.5,76.5,30.5,76.5,2017-02-02 03:02:53.999
1,128940.0,1289.0,34.0,Fategharh,Punjab,30.5,76.5,30.5,76.5,2016-11-26 00:01:59.999
1,128940.0,1289.0,34.0,Fategharh,Punjab,30.5,76.5,30.5,76.5,2016-11-29 20:44:00.000
1,128940.0,1289.0,34.0,Fategharh,Punjab,30.5,76.5,30.5,76.5,2016-12-07 23:31:00.000
1,128940.0,1289.0,34.0,Fategharh,Punjab,30.5,76.5,30.5,76.5,2017-04-06 04:22:23.000
1,128940.0,1289.0,34.0,Fategharh,Punjab,30.5,76.5,30.5,76.5,2016-12-05 22:49:00.000
1,128940.0,1289.0,34.0,Fategharh,Punjab,30.5,76.5,30.5,76.5,2017-04-12 23:14:39.000
1,128940.0,1289.0,34.0,Fategharh,Punjab,30.5,76.5,30.5,76.5,2016-12-26 00:00:00.000
1,128940.0,1289.0,34.0,Fategharh,Punjab,30.5,76.5,30.5,76.5,2017-04-02 00:48:17.999
1,128940.0,1289.0,34.0,Fategharh,Punjab,30.5,76.5,30.5,76.5,2017-01-05 23:13:07.000
1,128940.0,1289.0,34.0,Fategharh,Punjab,30.5,76.5,30.5,76.5,2017-01-01 23:29:58.000
1,128940.0,1289.0,34.0,Fategharh,Punjab,30.5,76.5,30.5,76.5,2016-11-24 23:37:00.000
1,128940.0,1289.0,34.0,Fategharh,Punjab,30.5,76.5,30.5,76.5,2017-01-04 22:44:10.000
1,128940.0,1289.0,34.0,Fategharh,Punjab,30.5,76.5,30.5,76.5,2016-12-23 22:31:59.999
1,128940.0,1289.0,34.0,Fategharh,Punjab,30.5,76.5,30.5,76.5,2017-03-19 23:57:40.000
1,128940.0,1289.0,34.0,Fategharh,Punjab,30.5,76.5,30.5,76.5,2017-01-03 00:35:01.000
1,128940.0,1289.0,34.0,Fategharh,Punjab,30.5,76.5,30.5,76.5,2016-12-05 22:46:00.000
1,128940.0,1289.0,34.0,Fategharh,Punjab,30.5,76.5,30.5,76.5,2017-01-18 01:07:58.000
1,128940.0,1289.0,34.0,Fategharh,Punjab,30.5,76.5,30.5,76.5,2017-04-07 00:24:18.999
1,128940.0,1289.0,34.0,Fategharh,Punjab,30.5,76.5,30.5,76.5,2017-02-22 00:33:08.999
1,128940.0,1289.0,34.0,Fategharh,Punjab,30.5,76.5,30.5,76.5,2016-12-13 02:54:00.000
1,128940.0,1289.0,34.0,Fategharh,Punjab,30.5,76.5,30.5,76.5,2017-01-11 03:38:28.000
1,128940.0,1289.0,34.0,Fategharh,Punjab,30.5,76.5,,,2017-04-07 01:37:33.184
1,128940.0,1289.0,34.0,Fategharh,Punjab,30.5,76.5,30.5,76.5,2017-01-21 21:52:19.000
1,128940.0,1289.0,34.0,Fategharh,Punjab,30.5,76.5,30.5,76.5,2017-01-20 00:23:46.999
1,128940.0,1289.0,34.0,Fategharh,Punjab,30.5,76.5,30.5,76.5,2017-01-08 04:40:36.000
1,128940.0,1289.0,34.0,Fategharh,Punjab,30.5,76.5,30.5,76.5,2016-11-16 00:32:00.000
1,128940.0,1289.0,34.0,Fategharh,Punjab,30.5,76.5,30.5,76.5,2016-11-22 02:19:00.000
1,128940.0,1289.0,34.0,Fategharh,Punjab,30.5,76.5,30.5,76.5,2017-02-06 22:40:25.000
1,128940.0,1289.0,34.0,Fategharh,Punjab,30.5,76.5,30.5,76.5,2017-04-07 00:27:58.000
1,128940.0,1289.0,34.0,Fategharh,Punjab,30.5,76.5,30.5,76.5,2017-01-24 00:52:51.999
1,128940.0,1289.0,34.0,Fategharh,Punjab,30.5,76.5,30.5,76.5,2017-02-11 00:37:48.999
1,128940.0,1289.0,34.0,Fategharh,Punjab,30.5,76.5,30.5,76.5,2016-12-16 23:38:00.000
1,128940.0,1289.0,34.0,Fategharh,Punjab,30.5,76.5,30.5,76.5,2017-04-10 00:35:22.000
1,128940.0,1289.0,34.0,Fategharh,Punjab,30.5,76.5,30.5,76.5,2017-04-01 00:38:11.000
1,128940.0,1289.0,34.0,Fategharh,Punjab,30.5,76.5,30.5,76.5,2017-02-09 01:03:39.000
1,128940.0,1289.0,34.0,Fategharh,Punjab,30.5,76.5,30.5,76.5,2017-01-01 04:17:52.000
1,128940.0,1289.0,34.0,Fategharh,Punjab,30.5,76.5,30.5,76.5,2017-03-17 03:28:04.000
1,128940.0,1289.0,34.0,Fategharh,Punjab,30.5,76.5,30.5,76.5,2016-12-20 23:32:59.999
1,128940.0,1289.0,34.0,Fategharh,Punjab,30.5,76.5,30.5,76.5,2016-11-18 22:31:59.999
1,128940.0,1289.0,34.0,Fategharh,Punjab,30.5,76.5,30.5,76.5,2017-02-19 23:50:22.000
1,128940.0,1289.0,34.0,Fategharh,Punjab,30.5,76.5,30.5,76.5,2017-04-11 22:41:50.000
1,128940.0,1289.0,34.0,Fategharh,Punjab,30.5,76.5,30.5,76.5,2017-02-12 03:50:32.000
1,128940.0,1289.0,34.0,Fategharh,Punjab,30.5,76.5,30.5,76.5,2017-01-25 00:50:15.000
1,128940.0,1289.0,34.0,Fategharh,Punjab,30.5,76.5,30.5,76.5,2016-12-22 00:27:59.999
1,128940.0,1289.0,34.0,Fategharh,Punjab,30.5,76.5,,,2017-04-07 01:37:33.184
1,128940.0,1289.0,34.0,Fategharh,Punjab,30.5,76.5,30.5,76.5,2017-04-18 21:28:29.000
1,128940.0,1289.0,34.0,Fategharh,Punjab,30.5,76.5,30.5,76.5,2016-11-22 23:21:00.000
1,128940.0,1289.0,34.0,Fategharh,Punjab,30.5,76.5,30.5,76.5,2017-01-04 02:23:20.000
1,128940.0,1289.0,34.0,Fategharh,Punjab,30.5,76.5,30.5,76.5,2017-02-05 04:11:33.000
1,128940.0,1289.0,34.0,Fategharh,Punjab,30.5,76.5,30.5,76.5,2016-11-20 23:08:00.000
1,128940.0,1289.0,34.0,Fategharh,Punjab,30.5,76.5,30.5,76.5,2016-12-22 23:50:00.000
1,128940.0,1289.0,34.0,Fategharh,Punjab,30.5,76.5,30.5,76.5,2017-04-10 23:27:55.999
1,128940.0,1289.0,34.0,Fategharh,Punjab,30.5,76.5,30.5,76.5,2017-01-17 03:52:10.000
1,128940.0,1289.0,34.0,Fategharh,Punjab,30.5,76.5,30.5,76.5,2017-01-19 02:05:22.000
1,128941.0,1289.0,34.0,Fategharh,Punjab,30.5,76.5,30.5,76.5,2017-01-09 03:12:10.000
1,128941.0,1289.0,34.0,Fategharh,Punjab,30.5,76.5,30.5,76.5,2016-11-20 00:03:00.000
1,128941.0,1289.0,34.0,Fategharh,Punjab,30.5,76.5,30.5,76.5,2016-11-11 00:49:59.999
1,128941.0,1289.0,34.0,Fategharh,Punjab,30.5,76.5,30.5,76.5,2016-11-22 00:46:59.999
1,128941.0,1289.0,34.0,Fategharh,Punjab,30.5,76.5,30.5,76.5,2017-02-22 00:24:28.000
1,128941.0,1289.0,34.0,Fategharh,Punjab,30.5,76.5,30.5,76.5,2016-11-27 23:58:00.000
1,128941.0,1289.0,34.0,Fategharh,Punjab,30.5,76.5,30.5,76.5,2016-12-30 02:48:59.999
1,128941.0,1289.0,34.0,Fategharh,Punjab,30.5,76.5,30.5,76.5,2016-12-15 01:44:59.999
1,128941.0,1289.0,34.0,Fategharh,Punjab,30.5,76.5,30.5,76.5,2016-12-23 02:32:00.000
1,128941.0,1289.0,34.0,Fategharh,Punjab,30.5,76.5,30.5,76.5,2017-02-06 00:53:10.000
1,128941.0,1289.0,34.0,Fategharh,Punjab,30.5,76.5,30.5,76.5,2017-02-12 01:31:13.000
1,128941.0,1289.0,34.0,Fategharh,Punjab,30.5,76.5,30.5,76.5,2017-01-12 01:14:28.999
1,128941.0,1289.0,34.0,Fategharh,Punjab,30.5,76.5,30.5,76.5,2016-11-22 00:49:00.000
1,128941.0,1289.0,34.0,Fategharh,Punjab,30.5,76.5,30.5,76.5,2017-01-02 03:22:35.000
1,128941.0,1289.0,34.0,Fategharh,Punjab,30.5,76.5,30.5,76.5,2016-11-16 01:36:00.000
1,128941.0,1289.0,34.0,Fategharh,Punjab,30.5,76.5,30.5,76.5,2017-02-14 00:08:23.000
1,128941.0,1289.0,34.0,Fategharh,Punjab,30.5,76.5,30.5,76.5,2017-01-16 00:33:19.999
1,128941.0,1289.0,34.0,Fategharh,Punjab,30.5,76.5,30.5,76.5,2017-02-16 00:46:50.000
1,128941.0,1289.0,34.0,Fategharh,Punjab,30.5,76.5,30.5,76.5,2016-12-14 03:00:00.000
1,128941.0,1289.0,34.0,Fategharh,Punjab,30.5,76.5,30.5,76.5,2017-01-05 02:03:03.000
1,128941.0,1289.0,34.0,Fategharh,Punjab,30.5,76.5,30.5,76.5,2016-12-24 22:41:59.999
1,128941.0,1289.0,34.0,Fategharh,Punjab,30.5,76.5,30.5,76.5,2017-02-12 01:30:25.999
1,128941.0,1289.0,34.0,Fategharh,Punjab,30.5,76.5,30.5,76.5,2017-04-12 06:30:38.000
1,128941.0,1289.0,34.0,Fategharh,Punjab,30.5,76.5,30.5,76.5,2017-04-07 00:33:22.000
1,128941.0,1289.0,34.0,Fategharh,Punjab,30.5,76.5,30.5,76.5,2016-11-11 00:46:00.000
1,128941.0,1289.0,34.0,Fategharh,Punjab,30.5,76.5,30.5,76.5,2017-01-05 02:02:09.999
1,128941.0,1289.0,34.0,Fategharh,Punjab,30.5,76.5,30.5,76.5,2016-11-24 02:03:00.000
1,128941.0,1289.0,34.0,Fategharh,Punjab,30.5,76.5,30.5,76.5,2017-01-06 22:14:01.999
1,128941.0,1289.0,34.0,Fategharh,Punjab,30.5,76.5,,,2017-04-07 01:41:55.328
1,128941.0,1289.0,34.0,Fategharh,Punjab,30.5,76.5,30.5,76.5,2016-11-26 01:21:00.000
1,128941.0,1289.0,34.0,Fategharh,Punjab,30.5,76.5,30.5,76.5,2017-01-24 02:42:05.999
1,128941.0,1289.0,34.0,Fategharh,Punjab,30.5,76.5,30.5,76.5,2016-12-08 00:26:00.000
1,128941.0,1289.0,34.0,Fategharh,Punjab,30.5,76.5,30.5,76.5,2017-02-28 02:14:49.000
1,128941.0,1289.0,34.0,Fategharh,Punjab,30.5,76.5,30.5,76.5,2017-02-20 23:01:39.000
1,128941.0,1289.0,34.0,Fategharh,Punjab,30.5,76.5,30.5,76.5,2017-04-03 21:25:46.000
1,128941.0,1289.0,34.0,Fategharh,Punjab,30.5,76.5,30.5,76.5,2016-12-24 00:16:00.000
1,128941.0,1289.0,34.0,Fategharh,Punjab,30.5,76.5,,,2017-04-07 01:41:55.328
1,128941.0,1289.0,34.0,Fategharh,Punjab,30.5,76.5,30.5,76.5,2017-01-19 00:01:37.000
1,128941.0,1289.0,34.0,Fategharh,Punjab,30.5,76.5,30.5,76.5,2017-02-28 22:25:27.000
1,128941.0,1289.0,34.0,Fategharh,Punjab,30.5,76.5,30.5,76.5,2016-11-20 00:00:00.000
1,128941.0,1289.0,34.0,Fategharh,Punjab,30.5,76.5,30.5,76.5,2016-12-29 01:31:00.000
1,128941.0,1289.0,34.0,Fategharh,Punjab,30.5,76.5,30.5,76.5,2016-12-27 01:40:00.000
1,128941.0,1289.0,34.0,Fategharh,Punjab,30.5,76.5,30.5,76.5,2017-01-09 03:10:22.999
1,128941.0,1289.0,34.0,Fategharh,Punjab,30.5,76.5,30.5,76.5,2017-02-27 01:57:15.000
1,128941.0,1289.0,34.0,Fategharh,Punjab,30.5,76.5,30.5,76.5,2017-02-18 22:33:44.999
1,128941.0,1289.0,34.0,Fategharh,Punjab,30.5,76.5,30.5,76.5,2016-12-13 00:13:00.000
1,128941.0,1289.0,34.0,Fategharh,Punjab,30.5,76.5,30.5,76.5,2016-11-16 01:41:00.000
1,128941.0,1289.0,34.0,Fategharh,Punjab,30.5,76.5,30.5,76.5,2017-03-14 23:09:17.000
1,128941.0,1289.0,34.0,Fategharh,Punjab,30.5,76.5,30.5,76.5,2017-03-18 05:58:24.999
1,139501.0,1395.0,1.0,Fategharh,Punjab,30.6,76.2,30.6,76.10000000000001,2017-03-03 12:01:21.000
1,139501.0,1395.0,1.0,Fategharh,Punjab,30.6,76.2,,,2017-04-05 01:40:31.360
1,139501.0,1395.0,1.0,Fategharh,Punjab,30.6,76.2,30.6,76.10000000000001,2016-12-11 13:15:59.999
1,139501.0,1395.0,1.0,Fategharh,Punjab,30.6,76.2,,,2017-04-05 01:40:31.360
1,139501.0,1395.0,1.0,Fategharh,Punjab,30.6,76.2,30.900000000000002,75.9,2017-01-11 11:20:26.000
1,139501.0,1395.0,1.0,Fategharh,Punjab,30.6,76.2,,,2017-04-05 01:40:31.360
1,139501.0,1395.0,1.0,Fategharh,Punjab,30.6,76.2,30.6,76.10000000000001,2017-03-02 11:30:06.000
1,139501.0,1395.0,1.0,Fategharh,Punjab,30.6,76.2,30.6,76.10000000000001,2016-12-16 11:12:00.000
1,139501.0,1395.0,1.0,Fategharh,Punjab,30.6,76.2,30.6,76.10000000000001,2017-02-07 10:17:52.000
1,139501.0,1395.0,1.0,Fategharh,Punjab,30.6,76.2,30.6,76.10000000000001,2017-03-16 14:37:35.000
1,139501.0,1395.0,1.0,Fategharh,Punjab,30.6,76.2,,,2017-04-05 01:40:31.360
1,139501.0,1395.0,1.0,Fategharh,Punjab,30.6,76.2,30.6,76.10000000000001,2017-02-02 11:49:56.999
1,139501.0,1395.0,1.0,Fategharh,Punjab,30.6,76.2,30.6,76.10000000000001,2017-04-02 12:01:15.000
1,139501.0,1395.0,1.0,Fategharh,Punjab,30.6,76.2,30.6,76.10000000000001,2017-02-22 12:00:20.000
1,139501.0,1395.0,1.0,Fategharh,Punjab,30.6,76.2,30.6,76.10000000000001,2017-02-09 10:41:55.000
1,139501.0,1395.0,1.0,Fategharh,Punjab,30.6,76.2,30.6,76.10000000000001,2017-04-02 12:00:27.000
1,139501.0,1395.0,1.0,Fategharh,Punjab,30.6,76.2,30.6,76.10000000000001,2017-04-05 11:34:01.000
1,139501.0,1395.0,1.0,Fategharh,Punjab,30.6,76.2,30.6,76.10000000000001,2017-01-30 13:17:36.999
1,139503.0,1395.0,1.0,Fategharh,Punjab,30.6,76.2,,,2017-04-05 01:12:07.424
1,139503.0,1395.0,1.0,Fategharh,Punjab,30.6,76.2,30.6,76.10000000000001,2017-04-05 00:02:33.000
1,139503.0,1395.0,1.0,Fategharh,Punjab,30.6,76.2,,,2017-04-05 01:12:07.424
1,139503.0,1395.0,1.0,Fategharh,Punjab,30.6,76.2,30.6,76.10000000000001,2016-12-16 23:37:00.000
2,139505.0,1395.0,1.0,Fategharh,Punjab,30.6,76.2,30.6,76.10000000000001,2017-01-02 01:29:42.000
2,139505.0,1395.0,1.0,Fategharh,Punjab,30.6,76.2,30.6,76.10000000000001,2017-01-02 01:33:32.000
2,139505.0,1395.0,1.0,Fategharh,Punjab,30.6,76.2,30.6,76.10000000000001,2016-11-30 23:54:00.000
2,139505.0,1395.0,1.0,Fategharh,Punjab,30.6,76.2,30.6,76.10000000000001,2016-12-22 02:06:59.999
2,139505.0,1395.0,1.0,Fategharh,Punjab,30.6,76.2,,,2017-04-05 01:40:31.360
2,139505.0,1395.0,1.0,Fategharh,Punjab,30.6,76.2,,,2017-04-05 01:40:31.360
2,139505.0,1395.0,1.0,Fategharh,Punjab,30.6,76.2,30.6,76.10000000000001,2017-04-05 00:43:43.999
2,139505.0,1395.0,1.0,Fategharh,Punjab,30.6,76.2,30.6,76.10000000000001,2016-12-22 02:09:00.000
2,139505.0,1395.0,1.0,Fategharh,Punjab,30.6,76.2,30.6,76.10000000000001,2017-04-03 01:34:03.000
1,139506.0,1395.0,1.0,Fategharh,Punjab,30.6,76.2,30.6,76.10000000000001,2017-01-08 00:04:35.999
1,139506.0,1395.0,1.0,Fategharh,Punjab,30.6,76.2,30.6,76.10000000000001,2016-11-24 02:10:00.000
1,139506.0,1395.0,1.0,Fategharh,Punjab,30.6,76.2,30.6,76.10000000000001,2017-02-23 23:24:04.999
1,139506.0,1395.0,1.0,Fategharh,Punjab,30.6,76.2,30.6,76.10000000000001,2016-12-22 23:23:59.999
1,139506.0,1395.0,1.0,Fategharh,Punjab,30.6,76.2,30.6,76.10000000000001,2017-03-10 23:07:51.000
1,139506.0,1395.0,1.0,Fategharh,Punjab,30.6,76.2,30.6,76.10000000000001,2016-11-24 02:05:00.000
1,139506.0,1395.0,1.0,Fategharh,Punjab,30.6,76.2,30.6,76.10000000000001,2017-02-11 22:37:29.000
1,139506.0,1395.0,1.0,Fategharh,Punjab,30.6,76.2,30.6,76.10000000000001,2016-12-22 23:29:00.000
1,139506.0,1395.0,1.0,Fategharh,Punjab,30.6,76.2,30.6,76.10000000000001,2017-01-21 23:46:42.999
1,139506.0,1395.0,1.0,Fategharh,Punjab,30.6,76.2,30.6,76.10000000000001,2016-12-16 02:26:59.999
1,139506.0,1395.0,1.0,Fategharh,Punjab,30.6,76.2,30.6,76.10000000000001,2017-01-15 00:32:28.999
1,139506.0,1395.0,1.0,Fategharh,Punjab,30.6,76.2,30.6,76.10000000000001,2017-02-15 02:05:19.000
1,139506.0,1395.0,1.0,Fategharh,Punjab,30.6,76.2,30.6,76.10000000000001,2017-02-11 22:38:55.000
1,139506.0,1395.0,1.0,Fategharh,Punjab,30.6,76.2,30.6,76.10000000000001,2017-02-11 22:42:41.000
1,139506.0,1395.0,1.0,Fategharh,Punjab,30.6,76.2,30.6,76.10000000000001,2017-02-07 01:34:19.000
1,139506.0,1395.0,1.0,Fategharh,Punjab,30.6,76.2,,,2017-04-05 02:35:08.160
1,139506.0,1395.0,1.0,Fategharh,Punjab,30.6,76.2,30.6,76.10000000000001,2016-12-30 22:43:00.000
1,139506.0,1395.0,1.0,Fategharh,Punjab,30.6,76.2,30.6,76.10000000000001,2017-01-15 00:35:36.999
1,139506.0,1395.0,1.0,Fategharh,Punjab,30.6,76.2,30.6,76.10000000000001,2017-01-19 01:02:27.999
1,139506.0,1395.0,1.0,Fategharh,Punjab,30.6,76.2,30.6,76.10000000000001,2016-11-28 00:38:00.000
1,139506.0,1395.0,1.0,Fategharh,Punjab,30.6,76.2,30.6,76.10000000000001,2017-01-02 22:57:56.000
1,139506.0,1395.0,1.0,Fategharh,Punjab,30.6,76.2,30.6,76.10000000000001,2017-01-02 22:56:54.999
1,139506.0,1395.0,1.0,Fategharh,Punjab,30.6,76.2,30.6,76.10000000000001,2017-02-09 20:52:09.000
1,139506.0,1395.0,1.0,Fategharh,Punjab,30.6,76.2,30.6,76.10000000000001,2016-12-20 22:18:59.999
1,139506.0,1395.0,1.0,Fategharh,Punjab,30.6,76.2,30.6,76.10000000000001,2017-01-25 02:05:47.999
1,139506.0,1395.0,1.0,Fategharh,Punjab,30.6,76.2,30.6,76.10000000000001,2016-12-01 00:49:59.999
1,139506.0,1395.0,1.0,Fategharh,Punjab,30.6,76.2,30.6,76.10000000000001,2017-01-11 00:16:44.000
1,139506.0,1395.0,1.0,Fategharh,Punjab,30.6,76.2,30.6,76.10000000000001,2016-12-13 02:15:00.000
1,139506.0,1395.0,1.0,Fategharh,Punjab,30.6,76.2,30.6,76.10000000000001,2016-12-30 22:40:00.000
1,139506.0,1395.0,1.0,Fategharh,Punjab,30.6,76.2,30.6,76.10000000000001,2016-12-22 23:25:00.000
1,139506.0,1395.0,1.0,Fategharh,Punjab,30.6,76.2,30.6,76.10000000000001,2016-11-28 01:09:00.000
1,139506.0,1395.0,1.0,Fategharh,Punjab,30.6,76.2,30.6,76.10000000000001,2017-01-25 22:28:26.000
1,139506.0,1395.0,1.0,Fategharh,Punjab,30.6,76.2,30.6,76.10000000000001,2016-11-28 01:14:00.000
1,139506.0,1395.0,1.0,Fategharh,Punjab,30.6,76.2,30.6,76.10000000000001,2016-12-10 23:09:00.000
1,139506.0,1395.0,1.0,Fategharh,Punjab,30.6,76.2,30.6,76.10000000000001,2017-01-25 02:08:55.000
1,139506.0,1395.0,1.0,Fategharh,Punjab,30.6,76.2,30.6,76.10000000000001,2017-02-09 20:50:41.999
1,139506.0,1395.0,1.0,Fategharh,Punjab,30.6,76.2,30.6,76.10000000000001,2016-12-20 22:31:59.999
1,139506.0,1395.0,1.0,Fategharh,Punjab,30.6,76.2,30.6,76.10000000000001,2016-12-21 23:22:00.000
1,139506.0,1395.0,1.0,Fategharh,Punjab,30.6,76.2,30.6,76.10000000000001,2017-02-07 01:35:50.000
1,139506.0,1395.0,1.0,Fategharh,Punjab,30.6,76.2,30.6,76.10000000000001,2016-12-22 23:26:59.999
1,139506.0,1395.0,1.0,Fategharh,Punjab,30.6,76.2,30.6,76.10000000000001,2017-01-19 01:03:55.000
1,139506.0,1395.0,1.0,Fategharh,Punjab,30.6,76.2,30.6,76.10000000000001,2017-01-08 00:03:20.999
1,139506.0,1395.0,1.0,Fategharh,Punjab,30.6,76.2,30.6,76.10000000000001,2016-12-26 22:34:00.000
1,139506.0,1395.0,1.0,Fategharh,Punjab,30.6,76.2,30.6,76.10000000000001,2017-03-24 01:46:41.999
1,139506.0,1395.0,1.0,Fategharh,Punjab,30.6,76.2,30.6,76.10000000000001,2017-01-28 00:02:37.000
1,139506.0,1395.0,1.0,Fategharh,Punjab,30.6,76.2,30.6,76.10000000000001,2017-01-11 00:18:33.000
1,139506.0,1395.0,1.0,Fategharh,Punjab,30.6,76.2,30.6,76.10000000000001,2017-01-08 00:06:28.999
1,139506.0,1395.0,1.0,Fategharh,Punjab,30.6,76.2,30.6,76.10000000000001,2016-12-30 22:41:59.999
1,139506.0,1395.0,1.0,Fategharh,Punjab,30.6,76.2,30.6,76.10000000000001,2017-02-16 00:38:15.000
1,139506.0,1395.0,1.0,Fategharh,Punjab,30.6,76.2,30.6,76.10000000000001,2017-01-19 00:57:31.999
1,139506.0,1395.0,1.0,Fategharh,Punjab,30.6,76.2,30.6,76.10000000000001,2017-01-21 23:50:06.000
1,139506.0,1395.0,1.0,Fategharh,Punjab,30.6,76.2,30.6,76.10000000000001,2016-12-26 22:31:00.000
1,139506.0,1395.0,1.0,Fategharh,Punjab,30.6,76.2,30.6,76.10000000000001,2016-12-26 22:31:59.999
1,139506.0,1395.0,1.0,Fategharh,Punjab,30.6,76.2,30.6,76.10000000000001,2017-03-15 01:55:33.000
1,139506.0,1395.0,1.0,Fategharh,Punjab,30.6,76.2,30.6,76.10000000000001,2017-02-07 01:40:57.000
1,139506.0,1395.0,1.0,Fategharh,Punjab,30.6,76.2,,,2017-04-05 02:35:08.160
1,139506.0,1395.0,1.0,Fategharh,Punjab,30.6,76.2,,,2017-04-05 02:35:08.160
1,139506.0,1395.0,1.0,Fategharh,Punjab,30.6,76.2,30.6,76.10000000000001,2017-01-25 22:26:38.000
1,139506.0,1395.0,1.0,Fategharh,Punjab,30.6,76.2,30.6,76.10000000000001,2017-01-02 22:55:39.999
1,139506.0,1395.0,1.0,Fategharh,Punjab,30.6,76.2,30.6,76.10000000000001,2017-02-07 01:38:18.000
1,139506.0,1395.0,1.0,Fategharh,Punjab,30.6,76.2,30.6,76.10000000000001,2017-02-09 20:49:18.000
1,139506.0,1395.0,1.0,Fategharh,Punjab,30.6,76.2,,,2017-04-05 02:35:08.160
1,139506.0,1395.0,1.0,Fategharh,Punjab,30.6,76.2,30.6,76.10000000000001,2017-01-25 22:31:58.000
1,139506.0,1395.0,1.0,Fategharh,Punjab,30.6,76.2,30.6,76.10000000000001,2017-01-25 02:04:45.999
1,139507.0,1395.0,1.0,Fategharh,Punjab,30.6,76.2,30.6,76.10000000000001,2017-04-21 01:14:32.000
1,139507.0,1395.0,1.0,Fategharh,Punjab,30.6,76.2,30.6,76.10000000000001,2016-11-11 23:09:00.000
1,139507.0,1395.0,1.0,Fategharh,Punjab,30.6,76.2,30.6,76.10000000000001,2017-01-17 00:57:58.999
1,139507.0,1395.0,1.0,Fategharh,Punjab,30.6,76.2,30.6,76.10000000000001,2016-11-27 01:07:00.000
1,139507.0,1395.0,1.0,Fategharh,Punjab,30.6,76.2,30.6,76.10000000000001,2016-12-28 23:22:00.000
1,139507.0,1395.0,1.0,Fategharh,Punjab,30.6,76.2,30.6,76.10000000000001,2017-01-14 22:28:32.999
1,139507.0,1395.0,1.0,Fategharh,Punjab,30.6,76.2,30.6,76.10000000000001,2016-12-03 01:54:00.000
1,139507.0,1395.0,1.0,Fategharh,Punjab,30.6,76.2,30.6,76.10000000000001,2016-12-22 23:32:59.999
1,139507.0,1395.0,1.0,Fategharh,Punjab,30.6,76.2,30.6,76.10000000000001,2016-12-20 23:13:00.000
1,139507.0,1395.0,1.0,Fategharh,Punjab,30.6,76.2,30.6,76.10000000000001,2016-11-18 23:32:59.999
1,139507.0,1395.0,1.0,Fategharh,Punjab,30.6,76.2,30.6,76.10000000000001,2017-02-03 22:20:50.000
1,139507.0,1395.0,1.0,Fategharh,Punjab,30.6,76.2,30.6,76.10000000000001,2016-12-01 00:26:00.000
1,139507.0,1395.0,1.0,Fategharh,Punjab,30.6,76.2,30.6,76.10000000000001,2016-12-10 23:28:00.000
1,139507.0,1395.0,1.0,Fategharh,Punjab,30.6,76.2,30.6,76.10000000000001,2017-03-16 02:10:43.999
1,139507.0,1395.0,1.0,Fategharh,Punjab,30.6,76.2,30.6,76.10000000000001,2017-04-05 00:25:07.000
1,139507.0,1395.0,1.0,Fategharh,Punjab,30.6,76.2,30.6,76.10000000000001,2016-12-24 01:38:00.000
1,139507.0,1395.0,1.0,Fategharh,Punjab,30.6,76.2,30.6,76.10000000000001,2017-04-05 00:19:00.000
1,139507.0,1395.0,1.0,Fategharh,Punjab,30.6,76.2,30.6,76.10000000000001,2016-12-03 23:45:00.000
1,139507.0,1395.0,1.0,Fategharh,Punjab,30.6,76.2,30.6,76.10000000000001,2017-01-01 23:51:14.999
1,139507.0,1395.0,1.0,Fategharh,Punjab,30.6,76.2,30.6,76.10000000000001,2017-01-22 01:04:28.000
1,139507.0,1395.0,1.0,Fategharh,Punjab,30.6,76.2,,,2017-04-05 01:31:47.072
1,139507.0,1395.0,1.0,Fategharh,Punjab,30.6,76.2,30.6,76.10000000000001,2017-01-13 01:37:17.000
1,139507.0,1395.0,1.0,Fategharh,Punjab,30.6,76.2,30.6,76.10000000000001,2017-03-18 23:06:34.000
1,139507.0,1395.0,1.0,Fategharh,Punjab,30.6,76.2,30.6,76.10000000000001,2016-12-27 01:11:00.000
1,139507.0,1395.0,1.0,Fategharh,Punjab,30.6,76.2,30.6,76.10000000000001,2017-01-30 23:58:35.000
1,139507.0,1395.0,1.0,Fategharh,Punjab,30.6,76.2,30.6,76.10000000000001,2016-12-28 00:03:00.000
1,139507.0,1395.0,1.0,Fategharh,Punjab,30.6,76.2,30.6,76.10000000000001,2017-03-23 00:56:02.999
1,139507.0,1395.0,1.0,Fategharh,Punjab,30.6,76.2,30.6,76.10000000000001,2017-03-24 01:44:43.999
1,139507.0,1395.0,1.0,Fategharh,Punjab,30.6,76.2,30.6,76.10000000000001,2016-12-26 00:33:59.999
1,139507.0,1395.0,1.0,Fategharh,Punjab,30.6,76.2,30.6,76.10000000000001,2017-02-02 02:14:02.000
1,139507.0,1395.0,1.0,Fategharh,Punjab,30.6,76.2,30.6,76.10000000000001,2017-01-21 01:07:11.000
1,139507.0,1395.0,1.0,Fategharh,Punjab,30.6,76.2,30.6,76.10000000000001,2016-12-22 23:34:00.000
1,139507.0,1395.0,1.0,Fategharh,Punjab,30.6,76.2,30.6,76.10000000000001,2017-01-26 22:44:59.000
1,139507.0,1395.0,1.0,Fategharh,Punjab,30.6,76.2,30.6,76.10000000000001,2017-01-21 01:05:48.000
1,139507.0,1395.0,1.0,Fategharh,Punjab,30.6,76.2,30.6,76.10000000000001,2016-12-03 01:54:59.999
1,139507.0,1395.0,1.0,Fategharh,Punjab,30.6,76.2,30.6,76.10000000000001,2017-03-10 22:52:33.000
1,139507.0,1395.0,1.0,Fategharh,Punjab,30.6,76.2,30.6,76.10000000000001,2017-01-07 00:01:45.000
1,139507.0,1395.0,1.0,Fategharh,Punjab,30.6,76.2,30.6,76.10000000000001,2017-02-04 22:27:11.000
1,139507.0,1395.0,1.0,Fategharh,Punjab,30.6,76.2,30.6,76.10000000000001,2016-11-12 23:23:00.000
1,139507.0,1395.0,1.0,Fategharh,Punjab,30.6,76.2,30.6,76.10000000000001,2016-11-25 23:39:00.000
1,139507.0,1395.0,1.0,Fategharh,Punjab,30.6,76.2,30.6,76.10000000000001,2017-03-15 01:58:07.000
1,139507.0,1395.0,1.0,Fategharh,Punjab,30.6,76.2,30.6,76.10000000000001,2017-01-15 23:55:36.000
1,139507.0,1395.0,1.0,Fategharh,Punjab,30.6,76.2,30.6,76.10000000000001,2017-02-25 23:28:01.999
1,139507.0,1395.0,1.0,Fategharh,Punjab,30.6,76.2,30.6,76.10000000000001,2016-12-31 00:14:48.999
1,139507.0,1395.0,1.0,Fategharh,Punjab,30.6,76.2,,,2017-04-05 01:31:47.072
1,139507.0,1395.0,1.0,Fategharh,Punjab,30.6,76.2,30.6,76.10000000000001,2016-11-19 23:28:00.000
1,139510.0,1395.0,1.0,Fategharh,Punjab,30.6,76.2,,,2017-04-05 03:10:05.312
1,139510.0,1395.0,1.0,Fategharh,Punjab,30.6,76.2,,,2017-04-05 03:10:05.312
1,139510.0,1395.0,1.0,Fategharh,Punjab,30.6,76.2,,,2017-04-05 03:10:05.312
1,139510.0,1395.0,1.0,Fategharh,Punjab,30.6,76.2,30.6,76.10000000000001,2016-11-10 00:42:00.000
1,139510.0,1395.0,1.0,Fategharh,Punjab,30.6,76.2,30.6,76.10000000000001,2016-11-29 00:38:00.000
1,139510.0,1395.0,1.0,Fategharh,Punjab,30.6,76.2,30.6,76.10000000000001,2016-11-03 23:03:59.999
1,139510.0,1395.0,1.0,Fategharh,Punjab,30.6,76.2,30.6,76.10000000000001,2016-11-18 23:48:59.999
1,139510.0,1395.0,1.0,Fategharh,Punjab,30.6,76.2,,,2017-04-05 03:10:05.312
1,139512.0,1395.0,1.0,Fategharh,Punjab,30.6,76.2,,,2017-04-05 02:54:47.808
1,139512.0,1395.0,1.0,Fategharh,Punjab,30.6,76.2,30.6,76.10000000000001,2017-01-15 22:46:20.999
1,139512.0,1395.0,1.0,Fategharh,Punjab,30.6,76.2,30.6,76.10000000000001,2017-02-10 20:12:43.000
1,139512.0,1395.0,1.0,Fategharh,Punjab,30.6,76.2,30.6,76.10000000000001,2016-11-30 01:15:59.999
1,139512.0,1395.0,1.0,Fategharh,Punjab,30.6,76.2,30.6,76.10000000000001,2017-01-22 05:22:27.999
1,139512.0,1395.0,1.0,Fategharh,Punjab,30.6,76.2,30.6,76.10000000000001,2017-02-21 21:12:44.000
1,139512.0,1395.0,1.0,Fategharh,Punjab,30.6,76.2,30.6,76.10000000000001,2016-12-15 01:52:00.000
1,139512.0,1395.0,1.0,Fategharh,Punjab,30.6,76.2,30.6,76.10000000000001,2016-11-15 02:42:00.000
1,139512.0,1395.0,1.0,Fategharh,Punjab,30.6,76.2,30.6,76.10000000000001,2017-04-09 21:17:16.999
1,139512.0,1395.0,1.0,Fategharh,Punjab,30.6,76.2,30.6,76.10000000000001,2017-04-09 06:59:19.999
1,139512.0,1395.0,1.0,Fategharh,Punjab,30.6,76.2,30.6,76.10000000000001,2016-12-09 03:27:00.000
1,139512.0,1395.0,1.0,Fategharh,Punjab,30.6,76.2,30.6,76.10000000000001,2017-04-19 20:20:33.000
1,139512.0,1395.0,1.0,Fategharh,Punjab,30.6,76.2,30.6,76.10000000000001,2016-12-01 23:35:00.000
1,139512.0,1395.0,1.0,Fategharh,Punjab,30.6,76.2,30.6,76.10000000000001,2016-12-06 00:07:00.000
1,139512.0,1395.0,1.0,Fategharh,Punjab,30.6,76.2,30.6,76.10000000000001,2016-12-07 01:54:59.999
1,139512.0,1395.0,1.0,Fategharh,Punjab,30.6,76.2,30.6,76.10000000000001,2017-01-07 00:08:32.999
1,139512.0,1395.0,1.0,Fategharh,Punjab,30.6,76.2,30.6,76.10000000000001,2016-12-05 00:53:59.999
1,139512.0,1395.0,1.0,Fategharh,Punjab,30.6,76.2,30.6,76.10000000000001,2016-11-23 02:05:00.000
1,139512.0,1395.0,1.0,Fategharh,Punjab,30.6,76.2,30.6,76.10000000000001,2016-11-10 01:49:00.000
1,139512.0,1395.0,1.0,Fategharh,Punjab,30.6,76.2,30.6,76.10000000000001,2017-01-10 00:37:52.000
1,139512.0,1395.0,1.0,Fategharh,Punjab,30.6,76.2,30.6,76.10000000000001,2017-04-02 21:33:40.000
1,139512.0,1395.0,1.0,Fategharh,Punjab,30.6,76.2,30.6,76.10000000000001,2017-02-03 23:46:48.000
1,139512.0,1395.0,1.0,Fategharh,Punjab,30.6,76.2,30.6,76.10000000000001,2017-01-01 05:25:54.999
1,139512.0,1395.0,1.0,Fategharh,Punjab,30.6,76.2,30.6,76.10000000000001,2017-01-02 05:31:16.000
1,139512.0,1395.0,1.0,Fategharh,Punjab,30.6,76.2,30.6,76.10000000000001,2017-03-21 20:40:23.999
1,139512.0,1395.0,1.0,Fategharh,Punjab,30.6,76.2,30.6,76.10000000000001,2017-03-07 21:04:07.000
1,139512.0,1395.0,1.0,Fategharh,Punjab,30.6,76.2,30.6,76.10000000000001,2017-01-28 23:47:05.000
1,139512.0,1395.0,1.0,Fategharh,Punjab,30.6,76.2,30.6,76.10000000000001,2017-03-11 21:37:32.999
1,139512.0,1395.0,1.0,Fategharh,Punjab,30.6,76.2,,,2017-04-05 02:54:47.808
1,139512.0,1395.0,1.0,Fategharh,Punjab,30.6,76.2,30.6,76.10000000000001,2016-11-28 22:47:59.999
1,139512.0,1395.0,1.0,Fategharh,Punjab,30.6,76.2,30.6,76.10000000000001,2017-03-03 20:23:05.999
1,139512.0,1395.0,1.0,Fategharh,Punjab,30.6,76.2,30.6,76.10000000000001,2017-01-03 05:29:59.999
1,139512.0,1395.0,1.0,Fategharh,Punjab,30.6,76.2,30.6,76.10000000000001,2017-03-14 22:05:48.000
1,139512.0,1395.0,1.0,Fategharh,Punjab,30.6,76.2,30.6,76.10000000000001,2017-03-04 20:04:44.000
1,139512.0,1395.0,1.0,Fategharh,Punjab,30.6,76.2,30.6,76.10000000000001,2017-02-26 04:31:46.000
1,139512.0,1395.0,1.0,Fategharh,Punjab,30.6,76.2,30.6,76.10000000000001,2017-03-02 20:20:39.000
1,139512.0,1395.0,1.0,Fategharh,Punjab,30.6,76.2,30.6,76.10000000000001,2016-11-24 05:32:59.999
1,139512.0,1395.0,1.0,Fategharh,Punjab,30.6,76.2,30.6,76.10000000000001,2017-01-10 22:04:46.000
1,139512.0,1395.0,1.0,Fategharh,Punjab,30.6,76.2,30.6,76.10000000000001,2017-02-27 00:34:45.000
1,139512.0,1395.0,1.0,Fategharh,Punjab,30.6,76.2,30.6,76.10000000000001,2017-01-20 21:06:20.999
1,139512.0,1395.0,1.0,Fategharh,Punjab,30.6,76.2,,,2017-04-05 02:54:47.808
1,139512.0,1395.0,1.0,Fategharh,Punjab,30.6,76.2,30.6,76.10000000000001,2017-02-05 03:23:11.999
1,139512.0,1395.0,1.0,Fategharh,Punjab,30.6,76.2,30.6,76.10000000000001,2017-03-29 20:51:42.000
1,139512.0,1395.0,1.0,Fategharh,Punjab,30.6,76.2,,,2017-04-05 02:54:47.808
1,139514.0,1395.0,1.0,Fategharh,Punjab,30.6,76.2,30.6,76.10000000000001,2016-12-01 23:06:00.000
1,139514.0,1395.0,1.0,Fategharh,Punjab,30.6,76.2,30.6,76.10000000000001,2016-12-30 00:04:00.000
1,139514.0,1395.0,1.0,Fategharh,Punjab,30.6,76.2,30.6,76.10000000000001,2017-01-02 22:47:29.000
1,139514.0,1395.0,1.0,Fategharh,Punjab,30.6,76.2,30.6,76.10000000000001,2017-01-20 22:51:21.999
1,139514.0,1395.0,1.0,Fategharh,Punjab,30.6,76.2,30.6,76.10000000000001,2016-12-11 00:14:00.000
1,139514.0,1395.0,1.0,Fategharh,Punjab,30.6,76.2,30.6,76.10000000000001,2016-12-21 23:48:59.999
1,139514.0,1395.0,1.0,Fategharh,Punjab,30.6,76.2,30.6,76.10000000000001,2017-01-27 23:26:07.000
1,139514.0,1395.0,1.0,Fategharh,Punjab,30.6,76.2,30.6,76.10000000000001,2016-12-12 23:32:59.999
1,139514.0,1395.0,1.0,Fategharh,Punjab,30.6,76.2,30.6,76.10000000000001,2016-11-19 23:00:59.999
1,139514.0,1395.0,1.0,Fategharh,Punjab,30.6,76.2,30.6,76.10000000000001,2016-11-17 22:38:59.999
1,139514.0,1395.0,1.0,Fategharh,Punjab,30.6,76.2,30.6,76.10000000000001,2016-11-25 22:47:00.000
1,139514.0,1395.0,1.0,Fategharh,Punjab,30.6,76.2,30.700000000000003,76.2,2016-12-20 00:49:59.999
1,139514.0,1395.0,1.0,Fategharh,Punjab,30.6,76.2,30.6,76.10000000000001,2016-11-11 22:54:00.000
1,139514.0,1395.0,1.0,Fategharh,Punjab,30.6,76.2,30.6,76.10000000000001,2016-11-16 01:52:00.000
1,139514.0,1395.0,1.0,Fategharh,Punjab,30.6,76.2,30.6,76.10000000000001,2016-11-29 22:57:00.000
1,139514.0,1395.0,1.0,Fategharh,Punjab,30.6,76.2,30.6,76.10000000000001,2017-01-07 22:39:12.999
1,139514.0,1395.0,1.0,Fategharh,Punjab,30.6,76.2,30.6,76.10000000000001,2017-01-16 22:54:37.999
1,139514.0,1395.0,1.0,Fategharh,Punjab,30.6,76.2,30.6,76.10000000000001,2016-11-07 06:16:00.000
1,139514.0,1395.0,1.0,Fategharh,Punjab,30.6,76.2,30.6,76.10000000000001,2016-11-04 04:44:59.999
1,139514.0,1395.0,1.0,Fategharh,Punjab,30.6,76.2,30.6,76.10000000000001,2016-11-07 22:38:00.000
1,139514.0,1395.0,1.0,Fategharh,Punjab,30.6,76.2,30.6,76.10000000000001,2016-11-23 23:13:59.999
1,139514.0,1395.0,1.0,Fategharh,Punjab,30.6,76.2,30.6,76.10000000000001,2016-12-16 02:15:00.000
1,139514.0,1395.0,1.0,Fategharh,Punjab,30.6,76.2,30.6,76.10000000000001,2017-01-12 22:25:08.999
1,139514.0,1395.0,1.0,Fategharh,Punjab,30.6,76.2,30.6,76.10000000000001,2016-11-21 23:03:00.000
1,139514.0,1395.0,1.0,Fategharh,Punjab,30.6,76.2,30.6,76.10000000000001,2016-12-28 01:09:59.999
1,139514.0,1395.0,1.0,Fategharh,Punjab,30.6,76.2,30.6,76.10000000000001,2016-12-31 23:35:30.000
1,139514.0,1395.0,1.0,Fategharh,Punjab,30.6,76.2,30.6,76.10000000000001,2016-12-23 23:42:00.000
1,139514.0,1395.0,1.0,Fategharh,Punjab,30.6,76.2,30.6,76.10000000000001,2016-11-09 23:44:00.000
1,139514.0,1395.0,1.0,Fategharh,Punjab,30.6,76.2,30.6,76.10000000000001,2017-01-22 22:31:37.000
1,139514.0,1395.0,1.0,Fategharh,Punjab,30.6,76.2,30.6,76.10000000000001,2017-01-14 22:10:25.000
1,139517.0,1395.0,1.0,Fategharh,Punjab,30.6,76.2,30.6,76.10000000000001,2017-01-29 00:27:37.000
1,139517.0,1395.0,1.0,Fategharh,Punjab,30.6,76.2,30.6,76.10000000000001,2017-03-07 21:01:08.999
1,139517.0,1395.0,1.0,Fategharh,Punjab,30.6,76.2,30.6,76.10000000000001,2017-03-02 20:11:54.000
1,139517.0,1395.0,1.0,Fategharh,Punjab,30.6,76.2,,,2017-04-05 02:41:41.376
1,139517.0,1395.0,1.0,Fategharh,Punjab,30.6,76.2,30.6,76.10000000000001,2017-02-26 04:27:14.000
1,139517.0,1395.0,1.0,Fategharh,Punjab,30.6,76.2,30.6,76.10000000000001,2017-04-05 01:41:40.999
1,139517.0,1395.0,1.0,Fategharh,Punjab,30.6,76.2,30.6,76.10000000000001,2017-03-11 21:34:09.000
1,139517.0,1395.0,1.0,Fategharh,Punjab,30.6,76.2,,,2017-04-05 02:41:41.376
1,139517.0,1395.0,1.0,Fategharh,Punjab,30.6,76.2,30.6,76.10000000000001,2017-02-14 20:52:02.999
1,139517.0,1395.0,1.0,Fategharh,Punjab,30.6,76.2,30.6,76.10000000000001,2017-02-21 20:49:13.999
1,139517.0,1395.0,1.0,Fategharh,Punjab,30.6,76.2,30.6,76.10000000000001,2017-03-19 23:26:32.000
1,139517.0,1395.0,1.0,Fategharh,Punjab,30.6,76.2,,,2017-04-05 02:41:41.376
1,139517.0,1395.0,1.0,Fategharh,Punjab,30.6,76.2,30.6,76.10000000000001,2017-04-09 21:15:17.000
1,139517.0,1395.0,1.0,Fategharh,Punjab,30.6,76.2,30.6,76.10000000000001,2017-03-14 22:03:36.000
1,139517.0,1395.0,1.0,Fategharh,Punjab,30.6,76.2,30.6,76.10000000000001,2017-04-19 20:16:03.000
1,139517.0,1395.0,1.0,Fategharh,Punjab,30.6,76.2,30.6,76.10000000000001,2017-04-02 21:30:58.000
1,139517.0,1395.0,1.0,Fategharh,Punjab,30.6,76.2,30.6,76.10000000000001,2017-04-05 01:41:08.000
1,139517.0,1395.0,1.0,Fategharh,Punjab,30.6,76.2,30.6,76.10000000000001,2017-02-03 23:43:47.999
1,139517.0,1395.0,1.0,Fategharh,Punjab,30.6,76.2,30.6,76.10000000000001,2017-03-25 20:58:32.999
1,139518.0,1395.0,1.0,Fategharh,Punjab,30.6,76.2,30.6,76.10000000000001,2017-04-05 00:02:29.999
1,139518.0,1395.0,1.0,Fategharh,Punjab,30.6,76.2,30.6,76.10000000000001,2017-04-03 02:09:37.000
1,139518.0,1395.0,1.0,Fategharh,Punjab,30.6,76.2,30.6,76.10000000000001,2016-12-17 01:33:00.000
1,139518.0,1395.0,1.0,Fategharh,Punjab,30.6,76.2,30.6,76.10000000000001,2017-03-18 00:23:46.000
1,139518.0,1395.0,1.0,Fategharh,Punjab,30.6,76.2,,,2017-04-05 01:09:56.352
1,139518.0,1395.0,1.0,Fategharh,Punjab,30.6,76.2,,,2017-04-05 01:09:56.352
1,139518.0,1395.0,1.0,Fategharh,Punjab,30.6,76.2,30.6,76.10000000000001,2017-02-16 00:27:27.000
1,139519.0,1395.0,1.0,Fategharh,Punjab,30.6,76.2,,,2017-04-05 02:06:44.224
1,139519.0,1395.0,1.0,Fategharh,Punjab,30.6,76.2,,,2017-04-05 02:06:44.224
1,139519.0,1395.0,1.0,Fategharh,Punjab,30.6,76.2,30.6,76.10000000000001,2016-12-16 00:10:00.000
1,139519.0,1395.0,1.0,Fategharh,Punjab,30.6,76.2,,,2017-04-05 02:06:44.224
1,139519.0,1395.0,1.0,Fategharh,Punjab,30.6,76.2,,,2017-04-05 02:06:44.224
1,139524.0,1395.0,1.0,Fategharh,Punjab,30.6,76.2,30.6,76.10000000000001,2016-12-15 02:06:59.999
1,139524.0,1395.0,1.0,Fategharh,Punjab,30.6,76.2,30.6,76.10000000000001,2016-12-21 01:44:00.000
1,139524.0,1395.0,1.0,Fategharh,Punjab,30.6,76.2,30.6,76.10000000000001,2017-01-24 02:11:22.000
1,139524.0,1395.0,1.0,Fategharh,Punjab,30.6,76.2,30.6,76.10000000000001,2017-02-16 02:32:48.999
1,139524.0,1395.0,1.0,Fategharh,Punjab,30.6,76.2,30.6,76.10000000000001,2016-12-11 00:48:00.000
1,139524.0,1395.0,1.0,Fategharh,Punjab,30.6,76.2,30.6,76.10000000000001,2017-03-10 01:28:32.999
1,139524.0,1395.0,1.0,Fategharh,Punjab,30.6,76.2,30.6,76.10000000000001,2016-11-23 02:05:00.000
1,139524.0,1395.0,1.0,Fategharh,Punjab,30.6,76.2,30.6,76.10000000000001,2016-11-27 01:08:00.000
1,139524.0,1395.0,1.0,Fategharh,Punjab,30.6,76.2,30.6,76.10000000000001,2017-03-01 01:10:50.000
1,139524.0,1395.0,1.0,Fategharh,Punjab,30.6,76.2,30.6,76.10000000000001,2016-12-27 02:50:00.000
1,139524.0,1395.0,1.0,Fategharh,Punjab,30.6,76.2,30.6,76.10000000000001,2017-03-17 02:06:41.000
1,139524.0,1395.0,1.0,Fategharh,Punjab,30.6,76.2,30.6,76.10000000000001,2017-01-24 02:10:21.999
1,139524.0,1395.0,1.0,Fategharh,Punjab,30.6,76.2,30.6,76.10000000000001,2016-12-05 00:59:59.999
1,139524.0,1395.0,1.0,Fategharh,Punjab,30.6,76.2,30.6,76.10000000000001,2016-11-29 01:52:00.000
1,139524.0,1395.0,1.0,Fategharh,Punjab,30.6,76.2,30.6,76.10000000000001,2016-11-15 02:32:00.000
1,139524.0,1395.0,1.0,Fategharh,Punjab,30.6,76.2,30.6,76.10000000000001,2017-01-10 01:18:21.000
1,139524.0,1395.0,1.0,Fategharh,Punjab,30.6,76.2,30.6,76.10000000000001,2017-02-09 02:16:08.000
1,139524.0,1395.0,1.0,Fategharh,Punjab,30.6,76.2,,,2017-04-05 02:37:19.232
1,139524.0,1395.0,1.0,Fategharh,Punjab,30.6,76.2,,,2017-04-05 02:37:19.232
1,139524.0,1395.0,1.0,Fategharh,Punjab,30.6,76.2,,,2017-04-05 02:37:19.232
1,139524.0,1395.0,1.0,Fategharh,Punjab,30.6,76.2,30.6,76.10000000000001,2017-03-05 02:42:47.000
1,139524.0,1395.0,1.0,Fategharh,Punjab,30.6,76.2,,,2017-04-05 02:37:19.232
1,147301.0,1473.0,34.0,Fategharh,Punjab,30.5,76.5,30.5,76.5,2017-02-25 03:27:45.999
1,147301.0,1473.0,34.0,Fategharh,Punjab,30.5,76.5,30.5,76.5,2017-02-05 01:06:42.999
1,147301.0,1473.0,34.0,Fategharh,Punjab,30.5,76.5,30.5,76.5,2017-02-14 04:19:21.999
1,147301.0,1473.0,34.0,Fategharh,Punjab,30.5,76.5,30.5,76.5,2017-01-28 22:40:29.000
1,147301.0,1473.0,34.0,Fategharh,Punjab,30.5,76.5,30.5,76.5,2017-03-23 06:46:50.000
1,147301.0,1473.0,34.0,Fategharh,Punjab,30.5,76.5,30.5,76.5,2017-04-04 02:05:09.000
1,147301.0,1473.0,34.0,Fategharh,Punjab,30.5,76.5,30.5,76.5,2017-04-06 23:39:07.000
1,147301.0,1473.0,34.0,Fategharh,Punjab,30.5,76.5,30.5,76.5,2017-01-16 04:20:57.000
1,147301.0,1473.0,34.0,Fategharh,Punjab,30.5,76.5,30.5,76.5,2017-03-24 23:48:50.000
1,147301.0,1473.0,34.0,Fategharh,Punjab,30.5,76.5,30.5,76.5,2017-04-10 02:01:39.000
1,147301.0,1473.0,34.0,Fategharh,Punjab,30.5,76.5,30.5,76.5,2017-01-27 00:22:14.000
1,147301.0,1473.0,34.0,Fategharh,Punjab,30.5,76.5,30.5,76.5,2016-12-12 23:06:00.000
1,147301.0,1473.0,34.0,Fategharh,Punjab,30.5,76.5,30.5,76.5,2016-12-06 02:29:59.999
1,147301.0,1473.0,34.0,Fategharh,Punjab,30.5,76.5,30.5,76.5,2017-02-10 23:04:34.000
1,147301.0,1473.0,34.0,Fategharh,Punjab,30.5,76.5,30.5,76.5,2016-12-25 04:47:00.000
1,147301.0,1473.0,34.0,Fategharh,Punjab,30.5,76.5,30.5,76.5,2016-12-21 00:14:00.000
1,147301.0,1473.0,34.0,Fategharh,Punjab,30.5,76.5,30.5,76.5,2017-02-22 23:50:58.000
1,147301.0,1473.0,34.0,Fategharh,Punjab,30.5,76.5,30.5,76.5,2017-02-09 03:24:39.000
1,147301.0,1473.0,34.0,Fategharh,Punjab,30.5,76.5,30.5,76.5,2017-01-06 23:35:14.000
1,147301.0,1473.0,34.0,Fategharh,Punjab,30.5,76.5,30.5,76.5,2017-02-02 03:13:06.999
1,147301.0,1473.0,34.0,Fategharh,Punjab,30.5,76.5,30.5,76.5,2017-02-17 03:25:47.999
1,147301.0,1473.0,34.0,Fategharh,Punjab,30.5,76.5,30.5,76.5,2017-02-07 03:48:01.999
1,147301.0,1473.0,34.0,Fategharh,Punjab,30.5,76.5,30.5,76.5,2017-02-21 04:22:04.000
1,147301.0,1473.0,34.0,Fategharh,Punjab,30.5,76.5,30.5,76.5,2017-03-02 03:57:18.000
1,147301.0,1473.0,34.0,Fategharh,Punjab,30.5,76.5,30.5,76.5,2017-04-06 03:12:11.000
1,147301.0,1473.0,34.0,Fategharh,Punjab,30.5,76.5,30.5,76.5,2017-03-12 23:47:11.000
1,147301.0,1473.0,34.0,Fategharh,Punjab,30.5,76.5,30.5,76.5,2017-03-05 02:14:39.000
1,147301.0,1473.0,34.0,Fategharh,Punjab,30.5,76.5,30.5,76.5,2017-01-02 23:28:03.999
1,147301.0,1473.0,34.0,Fategharh,Punjab,30.5,76.5,30.5,76.5,2017-03-06 22:20:55.000
1,147301.0,1473.0,34.0,Fategharh,Punjab,30.5,76.5,30.5,76.5,2017-03-31 23:00:27.999
1,147301.0,1473.0,34.0,Fategharh,Punjab,30.5,76.5,30.5,76.5,2017-03-09 03:06:36.000
1,147301.0,1473.0,34.0,Fategharh,Punjab,30.5,76.5,30.5,76.5,2017-04-06 23:42:32.000
1,147301.0,1473.0,34.0,Fategharh,Punjab,30.5,76.5,30.5,76.5,2017-03-28 03:51:15.000
1,147301.0,1473.0,34.0,Fategharh,Punjab,30.5,76.5,30.5,76.5,2016-12-29 23:03:00.000
1,147301.0,1473.0,34.0,Fategharh,Punjab,30.5,76.5,,,2017-04-07 00:42:56.384
1,147301.0,1473.0,34.0,Fategharh,Punjab,30.5,76.5,,,2017-04-07 00:42:56.384
1,147301.0,1473.0,34.0,Fategharh,Punjab,30.5,76.5,30.5,76.5,2017-03-21 00:14:34.000
1,147301.0,1473.0,34.0,Fategharh,Punjab,30.5,76.5,30.5,76.5,2017-01-18 04:07:04.000
1,147301.0,1473.0,34.0,Fategharh,Punjab,30.5,76.5,30.5,76.5,2017-02-27 03:02:31.000
1,147301.0,1473.0,34.0,Fategharh,Punjab,30.5,76.5,30.5,76.5,2017-03-18 05:05:01.000
1,147303.0,1473.0,34.0,Fategharh,Punjab,30.5,76.5,30.5,76.5,2017-03-02 23:00:48.999
1,147303.0,1473.0,34.0,Fategharh,Punjab,30.5,76.5,30.5,76.5,2016-12-26 00:14:59.999
1,147303.0,1473.0,34.0,Fategharh,Punjab,30.5,76.5,30.5,76.5,2016-12-05 04:49:00.000
1,147303.0,1473.0,34.0,Fategharh,Punjab,30.5,76.5,,,2017-04-07 00:18:54.592
1,147303.0,1473.0,34.0,Fategharh,Punjab,30.5,76.5,30.5,76.5,2017-01-24 01:36:27.000
1,147303.0,1473.0,34.0,Fategharh,Punjab,30.5,76.5,30.5,76.5,2017-01-04 04:02:18.000
1,147303.0,1473.0,34.0,Fategharh,Punjab,30.5,76.5,30.5,76.5,2017-03-21 00:21:36.000
1,147303.0,1473.0,34.0,Fategharh,Punjab,30.5,76.5,30.5,76.5,2017-02-28 05:59:17.000
1,147303.0,1473.0,34.0,Fategharh,Punjab,30.5,76.5,30.5,76.5,2017-03-07 00:25:12.999
1,147303.0,1473.0,34.0,Fategharh,Punjab,30.5,76.5,30.5,76.5,2016-12-19 23:39:00.000
1,147303.0,1473.0,34.0,Fategharh,Punjab,30.5,76.5,30.5,76.5,2017-02-17 01:04:23.000
1,147303.0,1473.0,34.0,Fategharh,Punjab,30.5,76.5,,,2017-04-07 00:18:54.592
1,147303.0,1473.0,34.0,Fategharh,Punjab,30.5,76.5,30.5,76.5,2017-03-08 23:56:26.000
1,147303.0,1473.0,34.0,Fategharh,Punjab,30.5,76.5,30.5,76.5,2016-12-23 23:23:59.999
1,147303.0,1473.0,34.0,Fategharh,Punjab,30.5,76.5,30.5,76.5,2017-03-19 22:41:53.000
1,147303.0,1473.0,34.0,Fategharh,Punjab,30.5,76.5,30.5,76.5,2017-02-02 01:57:24.000
1,147303.0,1473.0,34.0,Fategharh,Punjab,30.5,76.5,30.5,76.5,2017-03-25 00:04:30.000
1,147303.0,1473.0,34.0,Fategharh,Punjab,30.5,76.5,30.5,76.5,2017-02-03 23:15:36.999
1,147303.0,1473.0,34.0,Fategharh,Punjab,30.5,76.5,30.5,76.5,2017-01-26 03:11:53.999
1,147303.0,1473.0,34.0,Fategharh,Punjab,30.5,76.5,30.5,76.5,2016-12-27 23:35:00.000
1,147303.0,1473.0,34.0,Fategharh,Punjab,30.5,76.5,30.5,76.5,2017-01-11 23:55:13.000
1,147303.0,1473.0,34.0,Fategharh,Punjab,30.5,76.5,,,2017-04-07 00:18:54.592
1,147303.0,1473.0,34.0,Fategharh,Punjab,30.5,76.5,30.5,76.5,2017-02-08 01:56:21.000
1,147303.0,1473.0,34.0,Fategharh,Punjab,30.5,76.5,30.5,76.5,2016-12-30 01:15:59.999
1,147303.0,1473.0,34.0,Fategharh,Punjab,30.5,76.5,30.5,76.5,2017-02-05 23:10:12.000
1,147303.0,1473.0,34.0,Fategharh,Punjab,30.5,76.5,30.5,76.5,2017-01-15 23:26:32.999
1,147303.0,1473.0,34.0,Fategharh,Punjab,30.5,76.5,30.5,76.5,2017-01-29 02:52:07.000
1,147303.0,1473.0,34.0,Fategharh,Punjab,30.5,76.5,30.5,76.5,2017-01-19 04:45:53.000
1,147303.0,1473.0,34.0,Fategharh,Punjab,30.5,76.5,30.5,76.5,2017-03-21 22:53:41.000
1,147303.0,1473.0,34.0,Fategharh,Punjab,30.5,76.5,30.5,76.5,2017-01-14 03:28:50.000
1,147303.0,1473.0,34.0,Fategharh,Punjab,30.5,76.5,30.5,76.5,2017-03-28 22:27:09.000
1,147303.0,1473.0,34.0,Fategharh,Punjab,30.5,76.5,30.5,76.5,2017-03-23 23:03:08.999
1,147303.0,1473.0,34.0,Fategharh,Punjab,30.5,76.5,30.5,76.5,2016-12-05 04:53:00.000
1,147303.0,1473.0,34.0,Fategharh,Punjab,30.5,76.5,30.5,76.5,2017-01-18 05:47:03.000
1,147303.0,1473.0,34.0,Fategharh,Punjab,30.5,76.5,30.5,76.5,2017-01-10 03:35:52.999
1,147303.0,1473.0,34.0,Fategharh,Punjab,30.5,76.5,,,2017-04-07 00:18:54.592
1,147303.0,1473.0,34.0,Fategharh,Punjab,30.5,76.5,30.5,76.5,2017-03-18 22:58:30.000
1,147303.0,1473.0,34.0,Fategharh,Punjab,30.5,76.5,30.5,76.5,2017-01-28 05:49:52.000
1,147303.0,1473.0,34.0,Fategharh,Punjab,30.5,76.5,30.5,76.5,2017-02-25 22:58:18.999
1,147303.0,1473.0,34.0,Fategharh,Punjab,30.5,76.5,30.5,76.5,2016-12-22 01:52:00.000
1,147303.0,1473.0,34.0,Fategharh,Punjab,30.5,76.5,30.5,76.5,2017-03-26 22:36:14.000
1,147305.0,1473.0,34.0,Fategharh,Punjab,30.5,76.5,30.5,76.5,2016-12-09 00:56:00.000
1,147305.0,1473.0,34.0,Fategharh,Punjab,30.5,76.5,30.5,76.5,2016-12-09 00:53:00.000
1,147305.0,1473.0,34.0,Fategharh,Punjab,30.5,76.5,30.5,76.5,2016-12-02 23:23:59.999
1,147305.0,1473.0,34.0,Fategharh,Punjab,30.5,76.5,30.5,76.5,2016-11-23 22:54:00.000
1,147305.0,1473.0,34.0,Fategharh,Punjab,30.5,76.5,,,2017-04-06 23:52:41.728
1,147305.0,1473.0,34.0,Fategharh,Punjab,30.5,76.5,30.5,76.5,2016-12-02 23:06:59.999
1,147305.0,1473.0,34.0,Fategharh,Punjab,30.5,76.5,30.5,76.5,2016-11-23 23:03:00.000
1,147305.0,1473.0,34.0,Fategharh,Punjab,30.5,76.5,,,2017-04-06 23:52:41.728
1,147307.0,1473.0,34.0,Fategharh,Punjab,30.5,76.5,30.5,76.5,2017-01-27 19:44:13.999
1,147307.0,1473.0,34.0,Fategharh,Punjab,30.5,76.5,,,2017-04-06 22:58:04.928
1,147307.0,1473.0,34.0,Fategharh,Punjab,30.5,76.5,30.5,76.5,2017-01-17 01:26:52.000
1,147307.0,1473.0,34.0,Fategharh,Punjab,30.5,76.5,30.5,76.5,2017-02-25 22:00:26.000
1,147307.0,1473.0,34.0,Fategharh,Punjab,30.5,76.5,30.5,76.5,2017-01-23 21:09:35.000
1,147307.0,1473.0,34.0,Fategharh,Punjab,30.5,76.5,30.5,76.5,2017-03-13 18:45:17.000
1,147307.0,1473.0,34.0,Fategharh,Punjab,30.5,76.5,30.5,76.5,2017-03-11 17:12:06.999
1,147307.0,1473.0,34.0,Fategharh,Punjab,30.5,76.5,30.5,76.5,2017-02-13 18:39:30.000
1,147307.0,1473.0,34.0,Fategharh,Punjab,30.5,76.5,30.5,76.5,2017-02-08 18:09:57.000
1,147307.0,1473.0,34.0,Fategharh,Punjab,30.5,76.5,30.5,76.5,2017-01-11 00:32:17.999
1,147307.0,1473.0,34.0,Fategharh,Punjab,30.5,76.5,30.5,76.5,2017-04-06 15:25:23.999
1,147307.0,1473.0,34.0,Fategharh,Punjab,30.5,76.5,30.5,76.5,2017-03-06 22:38:18.999
1,147307.0,1473.0,34.0,Fategharh,Punjab,30.5,76.5,,,2017-04-06 22:58:04.928
1,147311.0,1473.0,34.0,Fategharh,Punjab,30.5,76.5,30.5,76.5,2017-01-28 00:52:38.000
1,147311.0,1473.0,34.0,Fategharh,Punjab,30.5,76.5,30.5,76.5,2017-01-05 01:15:16.000
1,147311.0,1473.0,34.0,Fategharh,Punjab,30.5,76.5,30.5,76.5,2017-01-09 00:39:51.000
1,147311.0,1473.0,34.0,Fategharh,Punjab,30.5,76.5,30.5,76.5,2016-12-01 23:50:00.000
1,147311.0,1473.0,34.0,Fategharh,Punjab,30.5,76.5,30.5,76.5,2017-01-19 22:38:32.000
1,147311.0,1473.0,34.0,Fategharh,Punjab,30.5,76.5,30.5,76.5,2016-12-07 00:24:00.000
1,147311.0,1473.0,34.0,Fategharh,Punjab,30.5,76.5,30.5,76.5,2017-02-19 01:06:10.999
1,147311.0,1473.0,34.0,Fategharh,Punjab,30.5,76.5,30.5,76.5,2017-03-02 21:52:38.999
1,147311.0,1473.0,34.0,Fategharh,Punjab,30.5,76.5,30.5,76.5,2017-01-06 00:25:04.999
1,147311.0,1473.0,34.0,Fategharh,Punjab,30.5,76.5,30.5,76.5,2017-02-22 01:12:05.999
1,147311.0,1473.0,34.0,Fategharh,Punjab,30.5,76.5,30.5,76.5,2017-03-06 02:15:41.000
1,147311.0,1473.0,34.0,Fategharh,Punjab,30.5,76.5,30.5,76.5,2017-01-17 22:57:04.000
1,147311.0,1473.0,34.0,Fategharh,Punjab,30.5,76.5,,,2017-04-06 23:52:41.728
1,147311.0,1473.0,34.0,Fategharh,Punjab,30.5,76.5,30.5,76.5,2017-01-07 23:14:07.999
1,147311.0,1473.0,34.0,Fategharh,Punjab,30.5,76.5,30.5,76.5,2017-03-24 23:40:55.999
1,147311.0,1473.0,34.0,Fategharh,Punjab,30.5,76.5,30.5,76.5,2017-01-03 23:54:21.000
1,147311.0,1473.0,34.0,Fategharh,Punjab,30.5,76.5,30.5,76.5,2017-01-30 01:59:49.999
1,147311.0,1473.0,34.0,Fategharh,Punjab,30.5,76.5,30.5,76.5,2017-01-02 00:22:44.000
1,147311.0,1473.0,34.0,Fategharh,Punjab,30.5,76.5,30.5,76.5,2017-02-11 01:18:05.000
1,147311.0,1473.0,34.0,Fategharh,Punjab,30.5,76.5,30.5,76.5,2017-02-02 01:35:15.999
1,147311.0,1473.0,34.0,Fategharh,Punjab,30.5,76.5,30.5,76.5,2016-12-23 02:26:59.999
1,147311.0,1473.0,34.0,Fategharh,Punjab,30.5,76.5,30.5,76.5,2016-12-16 01:47:00.000
1,147311.0,1473.0,34.0,Fategharh,Punjab,30.5,76.5,30.5,76.5,2017-04-04 00:59:19.000
1,147311.0,1473.0,34.0,Fategharh,Punjab,30.5,76.5,30.5,76.5,2017-01-07 01:17:46.000
1,147311.0,1473.0,34.0,Fategharh,Punjab,30.5,76.5,30.5,76.5,2017-02-12 00:40:21.999
1,147311.0,1473.0,34.0,Fategharh,Punjab,30.5,76.5,30.5,76.60000000000001,2016-11-23 01:53:00.000
1,147311.0,1473.0,34.0,Fategharh,Punjab,30.5,76.5,30.5,76.5,2016-12-14 01:02:00.000
1,147311.0,1473.0,34.0,Fategharh,Punjab,30.5,76.5,30.5,76.5,2017-01-17 01:33:14.999
1,147311.0,1473.0,34.0,Fategharh,Punjab,30.5,76.5,30.5,76.5,2017-03-13 01:10:36.999
1,147311.0,1473.0,34.0,Fategharh,Punjab,30.5,76.5,30.5,76.5,2016-12-09 01:49:00.000
1,147311.0,1473.0,34.0,Fategharh,Punjab,30.5,76.5,30.5,76.5,2017-03-16 00:11:21.000
1,147311.0,1473.0,34.0,Fategharh,Punjab,30.5,76.5,30.5,76.5,2017-02-17 01:28:05.000
1,147311.0,1473.0,34.0,Fategharh,Punjab,30.5,76.5,30.5,76.5,2016-12-05 01:07:00.000
1,147311.0,1473.0,34.0,Fategharh,Punjab,30.5,76.5,30.5,76.5,2016-12-30 00:01:59.999
1,147311.0,1473.0,34.0,Fategharh,Punjab,30.5,76.5,30.5,76.5,2017-03-17 23:38:03.999
1,147311.0,1473.0,34.0,Fategharh,Punjab,30.5,76.5,30.5,76.5,2017-03-23 23:58:24.999
1,147311.0,1473.0,34.0,Fategharh,Punjab,30.5,76.5,30.5,76.5,2017-02-18 02:03:40.999
1,147311.0,1473.0,34.0,Fategharh,Punjab,30.5,76.5,30.5,76.5,2017-04-11 02:48:59.000
1,147311.0,1473.0,34.0,Fategharh,Punjab,30.5,76.5,30.5,76.5,2017-01-15 23:14:07.000
1,147311.0,1473.0,34.0,Fategharh,Punjab,30.5,76.5,,,2017-04-06 23:52:41.728
1,147311.0,1473.0,34.0,Fategharh,Punjab,30.5,76.5,30.5,76.5,2016-11-27 00:43:00.000
1,147311.0,1473.0,34.0,Fategharh,Punjab,30.5,76.5,30.5,76.5,2017-04-12 02:22:34.000
1,147311.0,1473.0,34.0,Fategharh,Punjab,30.5,76.5,30.5,76.5,2017-01-23 01:50:00.000
1,147311.0,1473.0,34.0,Fategharh,Punjab,30.5,76.5,30.5,76.5,2016-12-22 00:32:00.000
1,147311.0,1473.0,34.0,Fategharh,Punjab,30.5,76.5,30.5,76.5,2017-03-08 22:29:01.000
1,147311.0,1473.0,34.0,Fategharh,Punjab,30.5,76.5,30.5,76.5,2016-12-02 00:00:00.000
1,147311.0,1473.0,34.0,Fategharh,Punjab,30.5,76.5,30.5,76.5,2017-01-13 01:51:42.999
1,147311.0,1473.0,34.0,Fategharh,Punjab,30.5,76.5,30.5,76.5,2017-01-03 00:17:51.999
1,147311.0,1473.0,34.0,Fategharh,Punjab,30.5,76.5,30.5,76.5,2017-04-06 22:47:27.000
1,147311.0,1473.0,34.0,Fategharh,Punjab,30.5,76.5,30.5,76.5,2016-12-25 02:26:00.000
1,147311.0,1473.0,34.0,Fategharh,Punjab,30.5,76.5,30.5,76.5,2017-03-23 00:06:11.000
1,147311.0,1473.0,34.0,Fategharh,Punjab,30.5,76.5,30.5,76.5,2017-02-04 01:44:35.999
1,147311.0,1473.0,34.0,Fategharh,Punjab,30.5,76.5,30.5,76.5,2016-12-18 00:30:59.999
1,147311.0,1473.0,34.0,Fategharh,Punjab,30.5,76.5,30.5,76.5,2016-12-11 01:18:00.000
1,147311.0,1473.0,34.0,Fategharh,Punjab,30.5,76.5,30.5,76.5,2017-04-02 23:31:51.000
1,147311.0,1473.0,34.0,Fategharh,Punjab,30.5,76.5,30.5,76.5,2017-01-21 22:35:33.000
1,147311.0,1473.0,34.0,Fategharh,Punjab,30.5,76.5,30.5,76.5,2017-04-06 22:51:24.000
1,147311.0,1473.0,34.0,Fategharh,Punjab,30.5,76.5,30.5,76.5,2017-01-11 00:20:38.999
1,147315.0,1473.0,34.0,Fategharh,Punjab,30.5,76.5,30.5,76.5,2016-11-07 19:53:00.000
1,147315.0,1473.0,34.0,Fategharh,Punjab,30.5,76.5,,,2017-04-07 00:29:49.952
1,147315.0,1473.0,34.0,Fategharh,Punjab,30.5,76.5,30.5,76.5,2016-12-13 01:33:00.000
1,147315.0,1473.0,34.0,Fategharh,Punjab,30.5,76.5,30.5,76.5,2017-01-30 05:42:18.000
1,147315.0,1473.0,34.0,Fategharh,Punjab,30.5,76.5,30.5,76.5,2016-11-28 03:53:00.000
1,147315.0,1473.0,34.0,Fategharh,Punjab,30.5,76.5,30.5,76.5,2017-01-23 03:34:36.000
1,147315.0,1473.0,34.0,Fategharh,Punjab,30.5,76.5,30.5,76.5,2016-12-16 03:43:59.999
1,147315.0,1473.0,34.0,Fategharh,Punjab,30.5,76.5,,,2017-04-07 00:29:49.952
1,147315.0,1473.0,34.0,Fategharh,Punjab,30.5,76.5,30.5,76.5,2016-12-09 23:55:00.000
1,147315.0,1473.0,34.0,Fategharh,Punjab,30.5,76.5,30.5,76.5,2016-12-18 02:12:00.000
1,147315.0,1473.0,34.0,Fategharh,Punjab,30.5,76.5,30.5,76.5,2016-12-04 21:03:00.000
1,147315.0,1473.0,34.0,Fategharh,Punjab,30.5,76.5,30.5,76.5,2017-01-09 04:29:57.000
1,147315.0,1473.0,34.0,Fategharh,Punjab,30.5,76.5,30.5,76.5,2016-11-25 23:12:00.000
1,147315.0,1473.0,34.0,Fategharh,Punjab,30.5,76.5,,,2017-04-07 00:29:49.952
1,147315.0,1473.0,34.0,Fategharh,Punjab,30.5,76.5,30.5,76.5,2017-02-04 05:52:37.000
1,147315.0,1473.0,34.0,Fategharh,Punjab,30.5,76.5,30.5,76.5,2017-02-06 04:20:14.000
1,147315.0,1473.0,34.0,Fategharh,Punjab,30.5,76.5,30.5,76.5,2016-12-17 23:37:00.000
1,147315.0,1473.0,34.0,Fategharh,Punjab,30.5,76.5,30.5,76.5,2016-12-12 04:47:00.000
1,147315.0,1473.0,34.0,Fategharh,Punjab,30.5,76.5,30.5,76.5,2017-01-23 23:23:51.000
1,147315.0,1473.0,34.0,Fategharh,Punjab,30.5,76.5,,,2017-04-07 00:29:49.952
1,147315.0,1473.0,34.0,Fategharh,Punjab,30.5,76.5,30.5,76.5,2017-01-01 03:19:11.000
1,147315.0,1473.0,34.0,Fategharh,Punjab,30.5,76.5,30.5,76.5,2016-12-03 01:59:00.000
1,147315.0,1473.0,34.0,Fategharh,Punjab,30.5,76.5,30.5,76.5,2016-11-10 00:56:59.999
1,147315.0,1473.0,34.0,Fategharh,Punjab,30.5,76.5,30.5,76.5,2016-12-19 03:33:59.999
1,147315.0,1473.0,34.0,Fategharh,Punjab,30.5,76.5,30.5,76.5,2017-01-05 03:30:13.000
1,147316.0,1473.0,34.0,Fategharh,Punjab,30.5,76.5,30.5,76.5,2016-12-16 01:07:00.000
1,147316.0,1473.0,34.0,Fategharh,Punjab,30.5,76.5,30.5,76.5,2016-12-07 00:07:00.000
1,147316.0,1473.0,34.0,Fategharh,Punjab,30.5,76.5,,,2017-04-07 00:03:37.088
1,147316.0,1473.0,34.0,Fategharh,Punjab,30.5,76.5,30.5,76.5,2016-12-09 02:23:00.000
1,147316.0,1473.0,34.0,Fategharh,Punjab,30.5,76.5,30.5,76.5,2016-12-18 00:32:00.000
1,147316.0,1473.0,34.0,Fategharh,Punjab,30.5,76.5,,,2017-04-07 00:03:37.088
1,147316.0,1473.0,34.0,Fategharh,Punjab,30.5,76.5,30.5,76.5,2016-12-14 00:29:00.000
1,147316.0,1473.0,34.0,Fategharh,Punjab,30.5,76.5,30.5,76.5,2016-12-29 23:47:00.000
1,147316.0,1473.0,34.0,Fategharh,Punjab,30.5,76.5,30.5,76.5,2016-12-11 01:02:59.999
1,147329.0,1473.0,34.0,Fategharh,Punjab,30.5,76.5,30.5,76.5,2017-02-10 01:33:57.000
1,147329.0,1473.0,34.0,Fategharh,Punjab,30.5,76.5,30.5,76.5,2016-12-23 00:40:59.999
1,147329.0,1473.0,34.0,Fategharh,Punjab,30.5,76.5,30.5,76.5,2017-04-04 23:29:05.999
1,147329.0,1473.0,34.0,Fategharh,Punjab,30.5,76.5,30.5,76.5,2016-12-18 23:08:00.000
1,147329.0,1473.0,34.0,Fategharh,Punjab,30.5,76.5,30.5,76.5,2016-12-02 00:11:59.999
1,147329.0,1473.0,34.0,Fategharh,Punjab,30.5,76.5,30.5,76.5,2016-12-15 00:32:00.000
1,147329.0,1473.0,34.0,Fategharh,Punjab,30.5,76.5,30.5,76.5,2016-12-24 23:23:59.999
1,147329.0,1473.0,34.0,Fategharh,Punjab,30.5,76.5,30.5,76.5,2017-02-21 05:31:25.999
1,147329.0,1473.0,34.0,Fategharh,Punjab,30.5,76.5,30.5,76.5,2017-03-08 01:43:16.000
1,147329.0,1473.0,34.0,Fategharh,Punjab,30.5,76.5,30.5,76.5,2017-01-17 05:13:20.000
1,147329.0,1473.0,34.0,Fategharh,Punjab,30.5,76.5,30.5,76.5,2017-01-19 01:01:27.000
1,147329.0,1473.0,34.0,Fategharh,Punjab,30.5,76.5,30.5,76.5,2016-12-15 00:27:00.000
1,147329.0,1473.0,34.0,Fategharh,Punjab,30.5,76.5,30.5,76.5,2016-12-23 00:42:00.000
1,147329.0,1473.0,34.0,Fategharh,Punjab,30.5,76.5,30.5,76.5,2017-03-02 05:24:23.999
1,147329.0,1473.0,34.0,Fategharh,Punjab,30.5,76.5,30.5,76.5,2016-12-20 22:21:59.999
1,147329.0,1473.0,34.0,Fategharh,Punjab,30.5,76.5,30.5,76.5,2016-12-20 22:21:59.999
1,147329.0,1473.0,34.0,Fategharh,Punjab,30.5,76.5,30.5,76.5,2017-03-06 05:29:26.000
1,147329.0,1473.0,34.0,Fategharh,Punjab,30.5,76.5,30.5,76.5,2016-12-15 02:54:00.000
1,147329.0,1473.0,34.0,Fategharh,Punjab,30.5,76.5,30.5,76.5,2017-04-06 22:33:36.000
1,147329.0,1473.0,34.0,Fategharh,Punjab,30.5,76.5,,,2017-04-06 23:35:13.152
1,147329.0,1473.0,34.0,Fategharh,Punjab,30.5,76.5,30.5,76.5,2017-03-20 06:48:00.000
1,147329.0,1473.0,34.0,Fategharh,Punjab,30.5,76.5,30.5,76.5,2017-02-14 01:28:29.999
1,147329.0,1473.0,34.0,Fategharh,Punjab,30.5,76.5,30.5,76.5,2016-12-18 23:06:59.999
1,147329.0,1473.0,34.0,Fategharh,Punjab,30.5,76.5,30.5,76.5,2017-02-26 05:22:35.999
1,147329.0,1473.0,34.0,Fategharh,Punjab,30.5,76.5,30.5,76.5,2017-01-21 05:11:12.999
1,147329.0,1473.0,34.0,Fategharh,Punjab,30.5,76.5,30.5,76.5,2017-03-06 05:30:25.000
1,147329.0,1473.0,34.0,Fategharh,Punjab,30.5,76.5,30.5,76.5,2017-03-13 04:35:53.000
1,147329.0,1473.0,34.0,Fategharh,Punjab,30.5,76.5,30.5,76.5,2017-04-06 22:24:27.999
1,147329.0,1473.0,34.0,Fategharh,Punjab,30.5,76.5,,,2017-04-06 23:35:13.152
1,147329.0,1473.0,34.0,Fategharh,Punjab,30.5,76.5,30.5,76.5,2017-02-08 00:51:06.000
1,147329.0,1473.0,34.0,Fategharh,Punjab,30.5,76.5,30.5,76.5,2017-03-13 04:34:11.000
1,147333.0,1473.0,34.0,Fategharh,Punjab,30.5,76.5,30.5,76.5,2017-01-08 00:00:20.999
1,147333.0,1473.0,34.0,Fategharh,Punjab,30.5,76.5,30.5,76.5,2017-01-04 01:46:57.000
1,147333.0,1473.0,34.0,Fategharh,Punjab,30.5,76.5,30.5,76.5,2016-12-09 01:01:00.000
1,147333.0,1473.0,34.0,Fategharh,Punjab,30.5,76.5,30.5,76.5,2017-01-10 22:07:50.999
1,147333.0,1473.0,34.0,Fategharh,Punjab,30.5,76.5,30.5,76.5,2016-11-29 00:39:00.000
1,147333.0,1473.0,34.0,Fategharh,Punjab,30.5,76.5,30.5,76.5,2017-01-18 01:35:12.000
1,147333.0,1473.0,34.0,Fategharh,Punjab,30.5,76.5,30.5,76.5,2017-01-18 01:29:31.000
1,147333.0,1473.0,34.0,Fategharh,Punjab,30.5,76.5,30.5,76.5,2016-12-03 22:47:59.999
1,147333.0,1473.0,34.0,Fategharh,Punjab,30.5,76.5,,,2017-04-07 00:07:59.232
1,147333.0,1473.0,34.0,Fategharh,Punjab,30.5,76.5,30.5,76.5,2016-12-24 23:29:59.999
1,147333.0,1473.0,34.0,Fategharh,Punjab,30.5,76.5,30.5,76.5,2016-12-09 00:59:59.999
1,147333.0,1473.0,34.0,Fategharh,Punjab,30.5,76.5,30.5,76.5,2016-12-07 01:11:00.000
1,147333.0,1473.0,34.0,Fategharh,Punjab,30.5,76.5,30.5,76.5,2016-11-30 00:46:59.999
1,147333.0,1473.0,34.0,Fategharh,Punjab,30.5,76.5,30.5,76.5,2017-03-27 23:22:41.000
1,147333.0,1473.0,34.0,Fategharh,Punjab,30.5,76.5,30.5,76.5,2017-01-18 01:34:15.000
1,147333.0,1473.0,34.0,Fategharh,Punjab,30.5,76.5,30.5,76.5,2016-12-02 02:45:00.000
1,147333.0,1473.0,34.0,Fategharh,Punjab,30.5,76.5,30.5,76.5,2017-01-05 23:41:05.000
1,147333.0,1473.0,34.0,Fategharh,Punjab,30.5,76.5,30.5,76.5,2016-12-16 00:23:00.000
1,147333.0,1473.0,34.0,Fategharh,Punjab,30.5,76.5,30.5,76.5,2016-11-26 23:13:00.000
1,147333.0,1473.0,34.0,Fategharh,Punjab,30.5,76.5,30.5,76.5,2017-03-30 21:34:37.999
1,147333.0,1473.0,34.0,Fategharh,Punjab,30.5,76.5,30.5,76.5,2017-01-05 23:41:52.999
1,147333.0,1473.0,34.0,Fategharh,Punjab,30.5,76.5,30.5,76.5,2016-11-26 23:09:00.000
1,147333.0,1473.0,34.0,Fategharh,Punjab,30.5,76.5,30.5,76.5,2016-12-11 00:39:00.000
1,147333.0,1473.0,34.0,Fategharh,Punjab,30.5,76.5,30.5,76.5,2016-12-14 00:39:00.000
1,147333.0,1473.0,34.0,Fategharh,Punjab,30.5,76.5,,,2017-04-07 00:07:59.232
1,147333.0,1473.0,34.0,Fategharh,Punjab,30.5,76.5,30.5,76.5,2016-12-23 00:00:00.000
1,147333.0,1473.0,34.0,Fategharh,Punjab,30.5,76.5,30.5,76.5,2016-12-11 00:38:00.000
1,147333.0,1473.0,34.0,Fategharh,Punjab,30.5,76.5,30.5,76.5,2016-12-14 00:38:00.000
1,147333.0,1473.0,34.0,Fategharh,Punjab,30.5,76.5,30.5,76.5,2017-04-03 21:59:38.000
1,147333.0,1473.0,34.0,Fategharh,Punjab,30.5,76.5,30.5,76.5,2017-01-04 01:48:21.999
1,147333.0,1473.0,34.0,Fategharh,Punjab,30.5,76.5,30.5,76.5,2016-12-17 22:50:00.000
1,147333.0,1473.0,34.0,Fategharh,Punjab,30.5,76.5,30.5,76.5,2017-04-06 22:47:30.000
1,147333.0,1473.0,34.0,Fategharh,Punjab,30.5,76.5,30.5,76.5,2017-01-05 23:39:16.000
1,147333.0,1473.0,34.0,Fategharh,Punjab,30.5,76.5,30.5,76.5,2017-04-06 22:09:42.000
1,147333.0,1473.0,34.0,Fategharh,Punjab,30.5,76.5,30.5,76.5,2016-12-23 00:01:00.000
1,147333.0,1473.0,34.0,Fategharh,Punjab,30.5,76.5,30.5,76.5,2017-03-11 23:01:23.000
1,147333.0,1473.0,34.0,Fategharh,Punjab,30.5,76.5,30.5,76.5,2017-01-05 23:38:30.000
1,147333.0,1473.0,34.0,Fategharh,Punjab,30.5,76.5,30.5,76.5,2016-12-03 23:12:00.000
1,147333.0,1473.0,34.0,Fategharh,Punjab,30.5,76.5,30.5,76.5,2017-02-01 01:16:23.999
1,147334.0,1473.0,34.0,Fategharh,Punjab,30.5,76.5,,,2017-04-06 22:44:58.496
1,147334.0,1473.0,34.0,Fategharh,Punjab,30.5,76.5,30.5,76.5,2017-01-11 00:19:41.999
1,147334.0,1473.0,34.0,Fategharh,Punjab,30.5,76.5,,,2017-04-06 22:44:58.496
1,147334.0,1473.0,34.0,Fategharh,Punjab,30.5,76.5,,,2017-04-06 22:44:58.496
1,147334.0,1473.0,34.0,Fategharh,Punjab,30.5,76.5,,,2017-04-06 22:44:58.496
1,147336.0,1473.0,34.0,Fategharh,Punjab,30.5,76.5,30.5,76.5,2016-12-29 02:15:00.000
1,147336.0,1473.0,34.0,Fategharh,Punjab,30.5,76.5,30.5,76.5,2017-01-04 23:49:48.999
1,147336.0,1473.0,34.0,Fategharh,Punjab,30.5,76.5,30.5,76.5,2017-01-15 22:36:04.999
1,147336.0,1473.0,34.0,Fategharh,Punjab,30.5,76.5,,,2017-04-07 00:42:56.384
1,147336.0,1473.0,34.0,Fategharh,Punjab,30.5,76.5,30.5,76.5,2016-12-08 03:52:00.000
1,147336.0,1473.0,34.0,Fategharh,Punjab,30.5,76.5,30.5,76.5,2017-03-18 02:44:40.000
1,147336.0,1473.0,34.0,Fategharh,Punjab,30.5,76.5,30.5,76.5,2017-03-02 00:02:47.000
1,147336.0,1473.0,34.0,Fategharh,Punjab,30.5,76.5,30.5,76.5,2017-03-12 01:27:03.000
1,147336.0,1473.0,34.0,Fategharh,Punjab,30.5,76.5,30.5,76.5,2017-01-02 23:34:51.000
1,147336.0,1473.0,34.0,Fategharh,Punjab,30.5,76.5,30.5,76.5,2016-12-31 00:00:30.000
1,147336.0,1473.0,34.0,Fategharh,Punjab,30.5,76.5,30.5,76.5,2016-12-23 00:36:00.000
1,147336.0,1473.0,34.0,Fategharh,Punjab,30.5,76.5,30.5,76.5,2017-02-14 05:29:13.000
1,147336.0,1473.0,34.0,Fategharh,Punjab,30.5,76.5,30.5,76.5,2017-04-06 23:41:54.999
1,147336.0,1473.0,34.0,Fategharh,Punjab,30.5,76.5,30.5,76.5,2016-12-22 02:51:59.999
1,147336.0,1473.0,34.0,Fategharh,Punjab,30.5,76.5,30.5,76.5,2016-12-20 02:12:00.000
1,147336.0,1473.0,34.0,Fategharh,Punjab,30.5,76.5,30.5,76.5,2017-03-25 00:37:15.000
1,147336.0,1473.0,34.0,Fategharh,Punjab,30.5,76.5,30.5,76.5,2017-01-14 02:45:13.000
1,147336.0,1473.0,34.0,Fategharh,Punjab,30.5,76.5,30.5,76.5,2017-04-05 04:22:52.000
1,147336.0,1473.0,34.0,Fategharh,Punjab,30.5,76.5,30.5,76.5,2016-12-26 00:10:00.000
1,147336.0,1473.0,34.0,Fategharh,Punjab,30.5,76.5,30.5,76.5,2016-12-15 02:58:00.000
1,147336.0,1473.0,34.0,Fategharh,Punjab,30.5,76.5,30.5,76.5,2017-02-28 01:16:47.000
1,147336.0,1473.0,34.0,Fategharh,Punjab,30.5,76.5,30.5,76.5,2017-02-09 01:18:13.000
1,147336.0,1473.0,34.0,Fategharh,Punjab,30.5,76.5,30.5,76.5,2017-04-06 23:38:16.000
1,147336.0,1473.0,34.0,Fategharh,Punjab,30.5,76.5,30.5,76.5,2017-02-12 01:34:22.000
1,147336.0,1473.0,34.0,Fategharh,Punjab,30.5,76.5,30.5,76.5,2017-03-21 00:26:05.000
1,147336.0,1473.0,34.0,Fategharh,Punjab,30.5,76.5,,,2017-04-07 00:42:56.384
1,147336.0,1473.0,34.0,Fategharh,Punjab,30.5,76.5,30.5,76.5,2017-02-06 22:58:10.999
1,147336.0,1473.0,34.0,Fategharh,Punjab,30.5,76.5,30.5,76.5,2017-02-02 01:45:49.000
1,147336.0,1473.0,34.0,Fategharh,Punjab,30.5,76.5,30.5,76.5,2017-02-26 05:21:08.000
1,147336.0,1473.0,34.0,Fategharh,Punjab,30.5,76.5,30.5,76.5,2017-01-09 01:10:07.999
1,147336.0,1473.0,34.0,Fategharh,Punjab,30.5,76.5,30.5,76.5,2017-03-06 02:47:54.000
1,147336.0,1473.0,34.0,Fategharh,Punjab,30.5,76.5,30.5,76.5,2016-12-11 02:38:00.000
1,147336.0,1473.0,34.0,Fategharh,Punjab,30.5,76.5,30.5,76.5,2017-02-18 01:55:50.000
1,147336.0,1473.0,34.0,Fategharh,Punjab,30.5,76.5,30.5,76.5,2017-01-29 22:57:16.999
1,147337.0,1473.0,34.0,Fategharh,Punjab,30.5,76.5,30.5,76.5,2017-01-24 22:41:42.000
1,147337.0,1473.0,34.0,Fategharh,Punjab,30.5,76.5,30.5,76.5,2016-12-21 03:56:59.999
1,147337.0,1473.0,34.0,Fategharh,Punjab,30.5,76.5,30.5,76.5,2016-12-27 01:23:00.000
1,147337.0,1473.0,34.0,Fategharh,Punjab,30.5,76.5,30.5,76.5,2016-12-05 23:29:59.999
1,147337.0,1473.0,34.0,Fategharh,Punjab,30.5,76.5,30.5,76.5,2017-02-25 23:03:32.999
1,147337.0,1473.0,34.0,Fategharh,Punjab,30.5,76.5,30.5,76.5,2017-01-28 23:17:14.000
1,147337.0,1473.0,34.0,Fategharh,Punjab,30.5,76.5,30.5,76.5,2017-02-11 01:31:50.000
1,147337.0,1473.0,34.0,Fategharh,Punjab,30.5,76.5,30.5,76.5,2017-01-08 00:35:12.000
1,147337.0,1473.0,34.0,Fategharh,Punjab,30.5,76.5,30.5,76.5,2017-01-21 23:27:55.999
1,147337.0,1473.0,34.0,Fategharh,Punjab,30.5,76.5,30.5,76.5,2017-03-30 02:59:26.000
1,147337.0,1473.0,34.0,Fategharh,Punjab,30.5,76.5,30.5,76.5,2017-03-09 00:16:55.000
1,147337.0,1473.0,34.0,Fategharh,Punjab,30.5,76.5,30.5,76.5,2017-02-03 00:46:16.999
1,147337.0,1473.0,34.0,Fategharh,Punjab,30.5,76.5,30.5,76.5,2016-12-21 03:58:00.000
1,147337.0,1473.0,34.0,Fategharh,Punjab,30.5,76.5,30.5,76.5,2017-02-14 01:12:07.000
1,147337.0,1473.0,34.0,Fategharh,Punjab,30.5,76.5,30.5,76.5,2016-12-22 23:29:59.999
1,147337.0,1473.0,34.0,Fategharh,Punjab,30.5,76.5,30.5,76.5,2017-01-09 00:14:18.000
1,147337.0,1473.0,34.0,Fategharh,Punjab,30.5,76.5,30.5,76.5,2017-02-20 23:19:00.999
1,147337.0,1473.0,34.0,Fategharh,Punjab,30.5,76.5,30.5,76.5,2017-01-01 22:41:10.000
1,147337.0,1473.0,34.0,Fategharh,Punjab,30.5,76.5,30.5,76.5,2017-03-20 00:44:04.000
1,147337.0,1473.0,34.0,Fategharh,Punjab,30.5,76.5,30.5,76.5,2017-02-08 22:42:18.000
1,147337.0,1473.0,34.0,Fategharh,Punjab,30.5,76.5,30.5,76.5,2016-12-27 23:00:00.000
1,147337.0,1473.0,34.0,Fategharh,Punjab,30.5,76.5,30.5,76.5,2017-01-05 00:07:46.999
1,147337.0,1473.0,34.0,Fategharh,Punjab,30.5,76.5,30.5,76.5,2016-12-21 23:35:59.999
1,147337.0,1473.0,34.0,Fategharh,Punjab,30.5,76.5,30.5,76.5,2017-03-29 07:21:19.000
1,147337.0,1473.0,34.0,Fategharh,Punjab,30.5,76.5,30.5,76.5,2017-01-13 02:05:47.000
1,147337.0,1473.0,34.0,Fategharh,Punjab,30.5,76.5,,,2017-04-06 23:39:35.296
1,147337.0,1473.0,34.0,Fategharh,Punjab,30.5,76.5,30.5,76.5,2017-03-22 00:09:50.000
1,147337.0,1473.0,34.0,Fategharh,Punjab,30.5,76.5,30.5,76.5,2017-02-01 00:14:05.000
1,147337.0,1473.0,34.0,Fategharh,Punjab,30.5,76.5,30.5,76.5,2016-12-29 00:27:00.000
1,147337.0,1473.0,34.0,Fategharh,Punjab,30.5,76.5,30.5,76.5,2017-01-20 02:38:48.000
1,147337.0,1473.0,34.0,Fategharh,Punjab,30.5,76.5,,,2017-04-06 23:39:35.296
1,147337.0,1473.0,34.0,Fategharh,Punjab,30.5,76.5,30.5,76.5,2016-11-23 23:32:59.999
1,147337.0,1473.0,34.0,Fategharh,Punjab,30.5,76.5,30.5,76.5,2016-11-23 23:38:00.000
1,147337.0,1473.0,34.0,Fategharh,Punjab,30.5,76.5,30.5,76.5,2017-03-17 00:32:57.999
1,147337.0,1473.0,34.0,Fategharh,Punjab,30.5,76.5,30.5,76.5,2017-03-27 00:29:36.999
1,147337.0,1473.0,34.0,Fategharh,Punjab,30.5,76.5,30.5,76.5,2017-01-06 23:09:25.999
1,147337.0,1473.0,34.0,Fategharh,Punjab,30.5,76.5,30.5,76.5,2017-03-10 01:54:13.000
1,147337.0,1473.0,34.0,Fategharh,Punjab,30.5,76.5,30.5,76.5,2017-02-27 23:27:39.999
1,147337.0,1473.0,34.0,Fategharh,Punjab,30.5,76.5,30.5,76.5,2017-02-18 00:01:27.000
1,147337.0,1473.0,34.0,Fategharh,Punjab,30.5,76.5,30.5,76.5,2016-12-29 22:57:59.999
1,147337.0,1473.0,34.0,Fategharh,Punjab,30.5,76.5,30.5,76.5,2017-03-14 00:25:58.000
1,147337.0,1473.0,34.0,Fategharh,Punjab,30.5,76.5,30.5,76.5,2017-03-12 23:23:48.999
1,147337.0,1473.0,34.0,Fategharh,Punjab,30.5,76.5,30.5,76.5,2017-01-16 23:51:24.000
1,147337.0,1473.0,34.0,Fategharh,Punjab,30.5,76.5,30.5,76.5,2017-01-15 00:19:19.000
1,147337.0,1473.0,34.0,Fategharh,Punjab,30.5,76.5,30.5,76.5,2017-02-12 23:05:12.000
1,147337.0,1473.0,34.0,Fategharh,Punjab,30.5,76.5,30.5,76.5,2017-04-06 22:30:17.999
1,151701.0,1517.0,16.0,Fategharh,Punjab,30.900000000000002,76.3,30.900000000000002,76.3,2016-11-25 01:11:00.000
1,151701.0,1517.0,16.0,Fategharh,Punjab,30.900000000000002,76.3,30.900000000000002,76.3,2017-01-19 23:08:04.000
1,151701.0,1517.0,16.0,Fategharh,Punjab,30.900000000000002,76.3,30.900000000000002,76.3,2016-12-05 23:51:59.999
1,151701.0,1517.0,16.0,Fategharh,Punjab,30.900000000000002,76.3,30.900000000000002,76.3,2017-01-16 02:09:30.999
1,151701.0,1517.0,16.0,Fategharh,Punjab,30.900000000000002,76.3,30.900000000000002,76.3,2016-11-29 01:54:00.000
1,151702.0,1517.0,16.0,Fategharh,Punjab,30.900000000000002,76.3,30.900000000000002,76.3,2016-11-27 02:16:00.000
1,151702.0,1517.0,16.0,Fategharh,Punjab,30.900000000000002,76.3,30.900000000000002,76.3,2016-12-24 04:38:59.999
1,151702.0,1517.0,16.0,Fategharh,Punjab,30.900000000000002,76.3,30.900000000000002,76.3,2017-03-07 02:14:09.000
1,151702.0,1517.0,16.0,Fategharh,Punjab,30.900000000000002,76.3,30.900000000000002,76.3,2017-02-11 01:53:29.000
1,151702.0,1517.0,16.0,Fategharh,Punjab,30.900000000000002,76.3,30.900000000000002,76.3,2017-03-20 02:53:25.000
1,151702.0,1517.0,16.0,Fategharh,Punjab,30.900000000000002,76.3,30.900000000000002,76.3,2016-11-24 00:17:00.000
1,151702.0,1517.0,16.0,Fategharh,Punjab,30.900000000000002,76.3,30.900000000000002,76.3,2016-11-20 01:23:00.000
1,151702.0,1517.0,16.0,Fategharh,Punjab,30.900000000000002,76.3,30.900000000000002,76.3,2017-02-24 01:53:46.000
1,151702.0,1517.0,16.0,Fategharh,Punjab,30.900000000000002,76.3,30.900000000000002,76.3,2016-12-25 02:23:59.999
1,151706.0,1517.0,16.0,Fategharh,Punjab,30.900000000000002,76.3,,,2017-04-04 02:42:04.928
1,151706.0,1517.0,16.0,Fategharh,Punjab,30.900000000000002,76.3,,,2017-04-04 02:42:04.928
1,151706.0,1517.0,16.0,Fategharh,Punjab,30.900000000000002,76.3,,,2017-04-04 02:42:04.928
1,151706.0,1517.0,16.0,Fategharh,Punjab,30.900000000000002,76.3,30.900000000000002,76.3,2016-12-11 01:40:00.000
1,151706.0,1517.0,16.0,Fategharh,Punjab,30.900000000000002,76.3,,,2017-04-04 02:42:04.928
1,151706.0,1517.0,16.0,Fategharh,Punjab,30.900000000000002,76.3,30.900000000000002,76.3,2017-02-23 02:04:44.000
1,151706.0,1517.0,16.0,Fategharh,Punjab,30.900000000000002,76.3,30.900000000000002,76.3,2017-02-03 02:05:38.000
1,151708.0,1517.0,16.0,Fategharh,Punjab,30.900000000000002,76.3,30.900000000000002,76.3,2017-04-04 02:10:45.999
1,151708.0,1517.0,16.0,Fategharh,Punjab,30.900000000000002,76.3,30.900000000000002,76.3,2016-11-29 19:53:00.000
1,151708.0,1517.0,16.0,Fategharh,Punjab,30.900000000000002,76.3,30.900000000000002,76.3,2017-04-04 02:06:08.999
1,151708.0,1517.0,16.0,Fategharh,Punjab,30.900000000000002,76.3,30.900000000000002,76.3,2016-12-03 05:47:00.000
1,151708.0,1517.0,16.0,Fategharh,Punjab,30.900000000000002,76.3,30.900000000000002,76.3,2016-11-16 22:24:00.000
1,151708.0,1517.0,16.0,Fategharh,Punjab,30.900000000000002,76.3,30.900000000000002,76.3,2016-11-09 20:45:00.000
1,151708.0,1517.0,16.0,Fategharh,Punjab,30.900000000000002,76.3,30.900000000000002,76.3,2016-11-20 00:49:59.999
1,151708.0,1517.0,16.0,Fategharh,Punjab,30.900000000000002,76.3,,,2017-04-04 03:08:17.792
1,151708.0,1517.0,16.0,Fategharh,Punjab,30.900000000000002,76.3,,,2017-04-04 03:08:17.792
1,151720.0,1517.0,16.0,Fategharh,Punjab,30.900000000000002,76.3,30.900000000000002,76.3,2016-12-10 01:18:00.000
1,151720.0,1517.0,16.0,Fategharh,Punjab,30.900000000000002,76.3,,,2017-04-04 02:42:04.928
1,151720.0,1517.0,16.0,Fategharh,Punjab,30.900000000000002,76.3,30.900000000000002,76.3,2016-12-12 01:36:00.000
1,151720.0,1517.0,16.0,Fategharh,Punjab,30.900000000000002,76.3,,,2017-04-04 02:42:04.928
1,151720.0,1517.0,16.0,Fategharh,Punjab,30.900000000000002,76.3,30.900000000000002,76.3,2016-12-10 01:12:59.999
1,151720.0,1517.0,16.0,Fategharh,Punjab,30.900000000000002,76.3,,,2017-04-04 02:42:04.928
1,151720.0,1517.0,16.0,Fategharh,Punjab,30.900000000000002,76.3,,,2017-04-04 02:42:04.928
1,151726.0,1517.0,16.0,Fategharh,Punjab,30.900000000000002,76.3,30.900000000000002,76.3,2017-03-08 03:59:16.000
1,151726.0,1517.0,16.0,Fategharh,Punjab,30.900000000000002,76.3,,,2017-04-04 01:03:46.688
1,151726.0,1517.0,16.0,Fategharh,Punjab,30.900000000000002,76.3,30.900000000000002,76.3,2017-04-04 00:06:23.000
1,151726.0,1517.0,16.0,Fategharh,Punjab,30.900000000000002,76.3,30.900000000000002,76.3,2017-03-23 21:10:22.000
1,151726.0,1517.0,16.0,Fategharh,Punjab,30.900000000000002,76.3,30.900000000000002,76.3,2017-04-03 23:59:04.000
1,151726.0,1517.0,16.0,Fategharh,Punjab,30.900000000000002,76.3,,,2017-04-04 01:03:46.688
1,151726.0,1517.0,16.0,Fategharh,Punjab,30.900000000000002,76.3,30.900000000000002,76.3,2017-03-02 23:37:39.999
1,151726.0,1517.0,16.0,Fategharh,Punjab,30.900000000000002,76.3,30.900000000000002,76.3,2017-03-02 23:39:26.000
1,151727.0,1517.0,16.0,Fategharh,Punjab,30.900000000000002,76.3,30.900000000000002,76.3,2016-12-22 23:32:59.999
1,151727.0,1517.0,16.0,Fategharh,Punjab,30.900000000000002,76.3,30.900000000000002,76.3,2016-12-17 23:16:00.000
1,151727.0,1517.0,16.0,Fategharh,Punjab,30.900000000000002,76.3,30.900000000000002,76.3,2016-11-15 02:48:00.000
1,151727.0,1517.0,16.0,Fategharh,Punjab,30.900000000000002,76.3,30.900000000000002,76.3,2017-02-05 01:17:01.000
1,151727.0,1517.0,16.0,Fategharh,Punjab,30.900000000000002,76.3,,,2017-04-04 01:27:48.480
1,151727.0,1517.0,16.0,Fategharh,Punjab,30.900000000000002,76.3,,,2017-04-04 01:27:48.480
1,151727.0,1517.0,16.0,Fategharh,Punjab,30.900000000000002,76.3,,,2017-04-04 01:27:48.480
1,151727.0,1517.0,16.0,Fategharh,Punjab,30.900000000000002,76.3,30.900000000000002,76.3,2016-11-15 02:45:59.999
1,151727.0,1517.0,16.0,Fategharh,Punjab,30.900000000000002,76.3,30.900000000000002,76.3,2016-11-25 22:09:59.999
1,151727.0,1517.0,16.0,Fategharh,Punjab,30.900000000000002,76.3,,,2017-04-04 01:27:48.480
1,151727.0,1517.0,16.0,Fategharh,Punjab,30.900000000000002,76.3,30.900000000000002,76.3,2017-01-13 02:07:05.000
1,151738.0,1517.0,16.0,Fategharh,Punjab,30.900000000000002,76.3,,,2017-04-04 01:29:59.552
1,151738.0,1517.0,16.0,Fategharh,Punjab,30.900000000000002,76.3,30.900000000000002,76.3,2017-02-22 21:32:52.000
1,151738.0,1517.0,16.0,Fategharh,Punjab,30.900000000000002,76.3,,,2017-04-04 01:29:59.552
1,161802.0,1618.0,1.0,Fategharh,Punjab,30.6,76.2,,,2017-04-04 22:52:18.816
1,161802.0,1618.0,1.0,Fategharh,Punjab,30.6,76.2,30.6,76.2,2016-11-19 04:30:00.000
1,161802.0,1618.0,1.0,Fategharh,Punjab,30.6,76.2,30.6,76.2,2017-04-04 21:52:32.000
1,161802.0,1618.0,1.0,Fategharh,Punjab,30.6,76.2,,,2017-04-04 22:52:18.816
1,161802.0,1618.0,1.0,Fategharh,Punjab,30.6,76.2,30.6,76.2,2017-04-04 21:44:47.000
1,161803.0,1618.0,1.0,Fategharh,Punjab,30.6,76.2,30.700000000000003,76.2,2017-04-02 05:54:24.000
1,161803.0,1618.0,1.0,Fategharh,Punjab,30.6,76.2,30.700000000000003,76.2,2016-11-18 02:03:00.000
1,161803.0,1618.0,1.0,Fategharh,Punjab,30.6,76.2,30.700000000000003,76.2,2017-01-24 01:18:03.000
1,161803.0,1618.0,1.0,Fategharh,Punjab,30.6,76.2,30.700000000000003,76.2,2017-03-13 04:28:08.000
1,161803.0,1618.0,1.0,Fategharh,Punjab,30.6,76.2,30.700000000000003,76.2,2017-03-03 06:18:56.000
1,161803.0,1618.0,1.0,Fategharh,Punjab,30.6,76.2,30.700000000000003,76.2,2016-12-23 02:06:59.999
1,161803.0,1618.0,1.0,Fategharh,Punjab,30.6,76.2,30.700000000000003,76.2,2016-11-18 02:06:59.999
1,161803.0,1618.0,1.0,Fategharh,Punjab,30.6,76.2,30.700000000000003,76.2,2017-02-04 23:56:01.000
1,161803.0,1618.0,1.0,Fategharh,Punjab,30.6,76.2,30.700000000000003,76.2,2016-12-03 04:25:00.000
1,161803.0,1618.0,1.0,Fategharh,Punjab,30.6,76.2,30.700000000000003,76.2,2017-02-06 01:03:56.000
1,161803.0,1618.0,1.0,Fategharh,Punjab,30.6,76.2,30.700000000000003,76.2,2016-11-27 03:14:59.999
1,161803.0,1618.0,1.0,Fategharh,Punjab,30.6,76.2,30.700000000000003,76.2,2016-12-08 03:51:00.000
1,161803.0,1618.0,1.0,Fategharh,Punjab,30.6,76.2,30.700000000000003,76.2,2017-01-12 02:02:06.999
1,161803.0,1618.0,1.0,Fategharh,Punjab,30.6,76.2,30.700000000000003,76.2,2017-01-16 00:24:18.000
1,161803.0,1618.0,1.0,Fategharh,Punjab,30.6,76.2,30.700000000000003,76.2,2017-01-20 01:57:02.999
1,161803.0,1618.0,1.0,Fategharh,Punjab,30.6,76.2,30.700000000000003,76.2,2016-12-16 04:11:00.000
1,161803.0,1618.0,1.0,Fategharh,Punjab,30.6,76.2,30.700000000000003,76.2,2017-02-19 03:19:12.999
1,161803.0,1618.0,1.0,Fategharh,Punjab,30.6,76.2,30.700000000000003,76.2,2017-03-25 04:52:55.999
1,161803.0,1618.0,1.0,Fategharh,Punjab,30.6,76.2,30.700000000000003,76.2,2017-02-01 01:18:07.000
1,161803.0,1618.0,1.0,Fategharh,Punjab,30.6,76.2,30.700000000000003,76.2,2017-03-18 05:36:02.999
1,161803.0,1618.0,1.0,Fategharh,Punjab,30.6,76.2,30.700000000000003,76.2,2016-11-24 03:59:00.000
1,161803.0,1618.0,1.0,Fategharh,Punjab,30.6,76.2,30.700000000000003,76.2,2017-02-23 03:58:11.999
1,161803.0,1618.0,1.0,Fategharh,Punjab,30.6,76.2,30.700000000000003,76.2,2016-11-21 04:33:00.000
1,161803.0,1618.0,1.0,Fategharh,Punjab,30.6,76.2,30.700000000000003,76.2,2017-02-14 01:04:00.000
1,161807.0,1618.0,1.0,Fategharh,Punjab,30.6,76.2,30.700000000000003,76.2,2016-12-02 03:49:59.999
1,161807.0,1618.0,1.0,Fategharh,Punjab,30.6,76.2,,,2017-04-04 23:36:00.256
1,161807.0,1618.0,1.0,Fategharh,Punjab,30.6,76.2,30.700000000000003,76.2,2016-11-30 03:52:00.000
1,161807.0,1618.0,1.0,Fategharh,Punjab,30.6,76.2,,,2017-04-04 23:36:00.256
1,161814.0,1618.0,1.0,Fategharh,Punjab,30.6,76.2,,,2017-04-04 22:58:52.032
1,161814.0,1618.0,1.0,Fategharh,Punjab,30.6,76.2,30.700000000000003,76.2,2017-04-04 21:55:05.000
1,161814.0,1618.0,1.0,Fategharh,Punjab,30.6,76.2,,,2017-04-04 22:58:52.032
1,161824.0,1618.0,1.0,Fategharh,Punjab,30.6,76.2,30.700000000000003,76.2,2017-03-26 00:50:07.000
1,161824.0,1618.0,1.0,Fategharh,Punjab,30.6,76.2,30.700000000000003,76.2,2016-12-24 00:26:00.000
1,161824.0,1618.0,1.0,Fategharh,Punjab,30.6,76.2,,,2017-04-04 23:57:50.976
1,161824.0,1618.0,1.0,Fategharh,Punjab,30.6,76.2,30.700000000000003,76.2,2017-02-26 01:33:44.000
1,161824.0,1618.0,1.0,Fategharh,Punjab,30.6,76.2,30.700000000000003,76.2,2017-01-12 02:29:02.000
1,161824.0,1618.0,1.0,Fategharh,Punjab,30.6,76.2,30.700000000000003,76.2,2017-02-24 05:26:07.000
1,161824.0,1618.0,1.0,Fategharh,Punjab,30.6,76.2,30.700000000000003,76.2,2017-03-15 06:33:45.000
1,161824.0,1618.0,1.0,Fategharh,Punjab,30.6,76.2,30.700000000000003,76.2,2016-12-22 00:32:00.000
1,161824.0,1618.0,1.0,Fategharh,Punjab,30.6,76.2,30.700000000000003,76.2,2017-01-19 03:01:03.000
1,161824.0,1618.0,1.0,Fategharh,Punjab,30.6,76.2,30.700000000000003,76.2,2017-03-26 00:51:09.000
1,161824.0,1618.0,1.0,Fategharh,Punjab,30.6,76.2,30.700000000000003,76.2,2017-04-04 22:49:55.999
1,161824.0,1618.0,1.0,Fategharh,Punjab,30.6,76.2,30.700000000000003,76.2,2017-02-02 02:29:16.999
1,161824.0,1618.0,1.0,Fategharh,Punjab,30.6,76.2,30.700000000000003,76.2,2017-01-05 01:37:41.999
1,161824.0,1618.0,1.0,Fategharh,Punjab,30.6,76.2,,,2017-04-04 23:57:50.976
1,161828.0,1618.0,1.0,Fategharh,Punjab,30.6,76.2,,,2017-04-04 22:37:01.312
1,161828.0,1618.0,1.0,Fategharh,Punjab,30.6,76.2,30.700000000000003,76.2,2016-12-16 05:44:00.000
1,161828.0,1618.0,1.0,Fategharh,Punjab,30.6,76.2,,,2017-04-04 22:37:01.312
1,161828.0,1618.0,1.0,Fategharh,Punjab,30.6,76.2,30.700000000000003,76.2,2017-04-04 21:34:15.999
1,161828.0,1618.0,1.0,Fategharh,Punjab,30.6,76.2,30.700000000000003,76.2,2017-04-04 21:28:18.999
1,161830.0,1618.0,1.0,Fategharh,Punjab,30.6,76.2,30.700000000000003,76.2,2017-04-11 21:42:06.999
1,161830.0,1618.0,1.0,Fategharh,Punjab,30.6,76.2,,,2017-04-04 23:09:47.392
1,161830.0,1618.0,1.0,Fategharh,Punjab,30.6,76.2,30.700000000000003,76.2,2016-12-30 05:23:00.000
1,161830.0,1618.0,1.0,Fategharh,Punjab,30.6,76.2,,,2017-04-04 23:09:47.392
1,161830.0,1618.0,1.0,Fategharh,Punjab,30.6,76.2,30.700000000000003,76.2,2017-02-06 22:36:58.000
1,161830.0,1618.0,1.0,Fategharh,Punjab,30.6,76.2,30.700000000000003,76.2,2017-04-04 22:01:30.999
1,161830.0,1618.0,1.0,Fategharh,Punjab,30.6,76.2,30.700000000000003,76.2,2017-02-10 00:42:51.000
1,161830.0,1618.0,1.0,Fategharh,Punjab,30.6,76.2,30.700000000000003,76.2,2017-03-20 02:07:29.999
1,161830.0,1618.0,1.0,Fategharh,Punjab,30.6,76.2,30.700000000000003,76.2,2017-01-18 02:47:43.000
1,164502.0,1645.0,16.0,Fategharh,Punjab,30.700000000000003,76.5,30.700000000000003,76.4,2017-01-14 02:16:32.999
1,164502.0,1645.0,16.0,Fategharh,Punjab,30.700000000000003,76.5,30.700000000000003,76.4,2016-11-16 01:30:00.000
1,164502.0,1645.0,16.0,Fategharh,Punjab,30.700000000000003,76.5,,,2017-04-06 08:39:33.632
1,164502.0,1645.0,16.0,Fategharh,Punjab,30.700000000000003,76.5,30.700000000000003,76.4,2017-03-06 00:34:05.000
1,164502.0,1645.0,16.0,Fategharh,Punjab,30.700000000000003,76.5,30.700000000000003,76.4,2017-02-14 01:12:42.000
1,164502.0,1645.0,16.0,Fategharh,Punjab,30.700000000000003,76.5,30.700000000000003,76.4,2017-03-15 02:41:13.000
1,164502.0,1645.0,16.0,Fategharh,Punjab,30.700000000000003,76.5,30.700000000000003,76.4,2016-11-30 01:50:59.999
1,164502.0,1645.0,16.0,Fategharh,Punjab,30.700000000000003,76.5,30.700000000000003,76.4,2017-01-30 02:16:07.000
1,164502.0,1645.0,16.0,Fategharh,Punjab,30.700000000000003,76.5,30.700000000000003,76.4,2017-01-02 00:44:10.000
1,164502.0,1645.0,16.0,Fategharh,Punjab,30.700000000000003,76.5,30.700000000000003,76.4,2017-01-19 02:22:11.000
1,164502.0,1645.0,16.0,Fategharh,Punjab,30.700000000000003,76.5,30.700000000000003,76.4,2017-01-23 00:44:02.000
1,164502.0,1645.0,16.0,Fategharh,Punjab,30.700000000000003,76.5,30.700000000000003,76.4,2017-02-02 01:47:22.000
1,164502.0,1645.0,16.0,Fategharh,Punjab,30.700000000000003,76.5,30.700000000000003,76.4,2016-11-18 02:05:00.000
1,164502.0,1645.0,16.0,Fategharh,Punjab,30.700000000000003,76.5,30.700000000000003,76.4,2016-12-02 01:41:00.000
1,164502.0,1645.0,16.0,Fategharh,Punjab,30.700000000000003,76.5,30.700000000000003,76.4,2016-11-12 01:41:59.999
1,164502.0,1645.0,16.0,Fategharh,Punjab,30.700000000000003,76.5,30.700000000000003,76.4,2016-12-20 01:18:59.999
1,164502.0,1645.0,16.0,Fategharh,Punjab,30.700000000000003,76.5,30.700000000000003,76.4,2016-12-01 02:02:00.000
1,164502.0,1645.0,16.0,Fategharh,Punjab,30.700000000000003,76.5,30.700000000000003,76.4,2016-11-13 02:21:00.000
1,164502.0,1645.0,16.0,Fategharh,Punjab,30.700000000000003,76.5,30.700000000000003,76.4,2016-11-23 02:09:00.000
1,164502.0,1645.0,16.0,Fategharh,Punjab,30.700000000000003,76.5,30.700000000000003,76.4,2017-04-06 07:35:23.000
1,164502.0,1645.0,16.0,Fategharh,Punjab,30.700000000000003,76.5,30.700000000000003,76.4,2017-01-15 01:02:51.999
1,164502.0,1645.0,16.0,Fategharh,Punjab,30.700000000000003,76.5,30.700000000000003,76.4,2017-03-18 03:02:01.000
1,164502.0,1645.0,16.0,Fategharh,Punjab,30.700000000000003,76.5,30.700000000000003,76.4,2017-01-04 01:20:31.000
1,164502.0,1645.0,16.0,Fategharh,Punjab,30.700000000000003,76.5,30.700000000000003,76.4,2017-02-24 02:05:11.000
1,164502.0,1645.0,16.0,Fategharh,Punjab,30.700000000000003,76.5,30.700000000000003,76.4,2016-12-23 01:14:00.000
1,164502.0,1645.0,16.0,Fategharh,Punjab,30.700000000000003,76.5,30.700000000000003,76.4,2017-02-16 00:49:57.000
1,164502.0,1645.0,16.0,Fategharh,Punjab,30.700000000000003,76.5,30.700000000000003,76.4,2017-03-15 02:44:24.000
1,164502.0,1645.0,16.0,Fategharh,Punjab,30.700000000000003,76.5,30.700000000000003,76.4,2017-02-22 01:16:15.000
1,164502.0,1645.0,16.0,Fategharh,Punjab,30.700000000000003,76.5,30.700000000000003,76.4,2016-11-14 01:41:59.999
1,164502.0,1645.0,16.0,Fategharh,Punjab,30.700000000000003,76.5,30.700000000000003,76.4,2017-04-04 03:06:39.000
1,164502.0,1645.0,16.0,Fategharh,Punjab,30.700000000000003,76.5,30.700000000000003,76.4,2017-02-13 00:22:38.000
1,164502.0,1645.0,16.0,Fategharh,Punjab,30.700000000000003,76.5,30.700000000000003,76.4,2016-12-14 01:41:59.999
1,164502.0,1645.0,16.0,Fategharh,Punjab,30.700000000000003,76.5,30.700000000000003,76.4,2017-04-03 05:25:27.999
1,164502.0,1645.0,16.0,Fategharh,Punjab,30.700000000000003,76.5,30.700000000000003,76.4,2017-01-08 01:50:30.000
1,164502.0,1645.0,16.0,Fategharh,Punjab,30.700000000000003,76.5,30.700000000000003,76.4,2016-11-11 01:31:00.000
1,164502.0,1645.0,16.0,Fategharh,Punjab,30.700000000000003,76.5,30.700000000000003,76.4,2017-04-06 07:28:48.999
1,164502.0,1645.0,16.0,Fategharh,Punjab,30.700000000000003,76.5,,,2017-04-06 08:39:33.632
1,164502.0,1645.0,16.0,Fategharh,Punjab,30.700000000000003,76.5,30.700000000000003,76.4,2017-02-04 01:57:28.000
1,164502.0,1645.0,16.0,Fategharh,Punjab,30.700000000000003,76.5,30.700000000000003,76.4,2016-11-11 01:40:00.000
1,164502.0,1645.0,16.0,Fategharh,Punjab,30.700000000000003,76.5,30.700000000000003,76.4,2017-03-21 02:59:04.999
1,164502.0,1645.0,16.0,Fategharh,Punjab,30.700000000000003,76.5,30.700000000000003,76.4,2017-02-19 02:01:23.000
1,164502.0,1645.0,16.0,Fategharh,Punjab,30.700000000000003,76.5,30.700000000000003,76.4,2016-12-18 02:09:00.000
1,164502.0,1645.0,16.0,Fategharh,Punjab,30.700000000000003,76.5,30.700000000000003,76.4,2017-01-12 00:15:09.000
1,164502.0,1645.0,16.0,Fategharh,Punjab,30.700000000000003,76.5,30.700000000000003,76.4,2016-11-08 01:46:00.000
1,164502.0,1645.0,16.0,Fategharh,Punjab,30.700000000000003,76.5,30.700000000000003,76.4,2017-02-18 01:06:10.999
1,164502.0,1645.0,16.0,Fategharh,Punjab,30.700000000000003,76.5,30.700000000000003,76.4,2016-11-11 01:25:59.999
1,164504.0,1645.0,16.0,Fategharh,Punjab,30.700000000000003,76.5,30.700000000000003,76.4,2017-03-28 00:33:51.999
1,164504.0,1645.0,16.0,Fategharh,Punjab,30.700000000000003,76.5,30.8,76.4,2017-04-02 22:25:51.000
1,164504.0,1645.0,16.0,Fategharh,Punjab,30.700000000000003,76.5,30.8,76.4,2017-03-27 02:59:42.999
1,164504.0,1645.0,16.0,Fategharh,Punjab,30.700000000000003,76.5,30.700000000000003,76.4,2017-01-15 22:30:36.999
1,164504.0,1645.0,16.0,Fategharh,Punjab,30.700000000000003,76.5,30.8,76.4,2017-02-07 01:00:02.999
1,164504.0,1645.0,16.0,Fategharh,Punjab,30.700000000000003,76.5,30.8,76.4,2017-01-09 22:43:30.999
1,164504.0,1645.0,16.0,Fategharh,Punjab,30.700000000000003,76.5,30.8,76.4,2017-02-02 00:35:39.999
1,164504.0,1645.0,16.0,Fategharh,Punjab,30.700000000000003,76.5,30.8,76.4,2017-04-05 21:14:53.000
1,164504.0,1645.0,16.0,Fategharh,Punjab,30.700000000000003,76.5,30.8,76.4,2017-02-26 00:42:46.000
1,164504.0,1645.0,16.0,Fategharh,Punjab,30.700000000000003,76.5,30.8,76.4,2017-02-19 23:36:52.000
1,164504.0,1645.0,16.0,Fategharh,Punjab,30.700000000000003,76.5,30.700000000000003,76.4,2017-03-13 23:54:00.000
1,164504.0,1645.0,16.0,Fategharh,Punjab,30.700000000000003,76.5,30.8,76.4,2017-02-25 00:52:00.000
1,164504.0,1645.0,16.0,Fategharh,Punjab,30.700000000000003,76.5,30.8,76.4,2017-04-07 01:02:57.000
1,164504.0,1645.0,16.0,Fategharh,Punjab,30.700000000000003,76.5,30.8,76.4,2017-03-22 23:39:01.000
1,164505.0,1645.0,16.0,Fategharh,Punjab,30.700000000000003,76.5,30.8,76.4,2016-11-23 00:36:00.000
1,164505.0,1645.0,16.0,Fategharh,Punjab,30.700000000000003,76.5,,,2017-04-06 08:30:49.344
1,164505.0,1645.0,16.0,Fategharh,Punjab,30.700000000000003,76.5,,,2017-04-06 08:30:49.344
1,164505.0,1645.0,16.0,Fategharh,Punjab,30.700000000000003,76.5,,,2017-04-06 08:30:49.344
1,164505.0,1645.0,16.0,Fategharh,Punjab,30.700000000000003,76.5,,,2017-04-06 08:30:49.344
1,164506.0,1645.0,16.0,Fategharh,Punjab,30.700000000000003,76.5,30.8,76.4,2017-03-14 05:41:56.000
1,164506.0,1645.0,16.0,Fategharh,Punjab,30.700000000000003,76.5,30.8,76.4,2016-12-14 00:14:59.999
1,164506.0,1645.0,16.0,Fategharh,Punjab,30.700000000000003,76.5,30.700000000000003,76.4,2016-11-25 00:30:00.000
1,164506.0,1645.0,16.0,Fategharh,Punjab,30.700000000000003,76.5,30.700000000000003,76.4,2017-03-17 00:43:29.999
1,164506.0,1645.0,16.0,Fategharh,Punjab,30.700000000000003,76.5,30.8,76.4,2016-12-21 00:30:59.999
1,164506.0,1645.0,16.0,Fategharh,Punjab,30.700000000000003,76.5,30.8,76.4,2016-12-09 01:14:00.000
1,164506.0,1645.0,16.0,Fategharh,Punjab,30.700000000000003,76.5,,,2017-04-06 08:11:09.696
1,164506.0,1645.0,16.0,Fategharh,Punjab,30.700000000000003,76.5,,,2017-04-06 08:11:09.696
1,164506.0,1645.0,16.0,Fategharh,Punjab,30.700000000000003,76.5,30.8,76.4,2017-03-14 05:42:48.999
1,164506.0,1645.0,16.0,Fategharh,Punjab,30.700000000000003,76.5,30.8,76.4,2016-12-22 02:06:59.999
1,164506.0,1645.0,16.0,Fategharh,Punjab,30.700000000000003,76.5,30.8,76.4,2016-12-16 01:44:00.000
1,164506.0,1645.0,16.0,Fategharh,Punjab,30.700000000000003,76.5,30.8,76.4,2017-03-11 22:42:15.000
1,164506.0,1645.0,16.0,Fategharh,Punjab,30.700000000000003,76.5,30.700000000000003,76.4,2017-04-06 06:58:44.999
1,164506.0,1645.0,16.0,Fategharh,Punjab,30.700000000000003,76.5,30.700000000000003,76.4,2016-11-26 02:13:00.000
1,164506.0,1645.0,16.0,Fategharh,Punjab,30.700000000000003,76.5,30.8,76.4,2016-12-24 01:04:00.000
1,164507.0,1645.0,16.0,Fategharh,Punjab,30.700000000000003,76.5,30.700000000000003,76.4,2017-02-20 01:38:52.000
1,164507.0,1645.0,16.0,Fategharh,Punjab,30.700000000000003,76.5,30.700000000000003,76.4,2017-02-01 02:01:23.000
1,164507.0,1645.0,16.0,Fategharh,Punjab,30.700000000000003,76.5,,,2017-04-06 07:31:50.400
1,164507.0,1645.0,16.0,Fategharh,Punjab,30.700000000000003,76.5,30.8,76.4,2017-04-06 06:22:35.000
1,164507.0,1645.0,16.0,Fategharh,Punjab,30.700000000000003,76.5,30.700000000000003,76.4,2016-12-31 01:59:11.000
1,164507.0,1645.0,16.0,Fategharh,Punjab,30.700000000000003,76.5,30.700000000000003,76.4,2017-01-21 23:59:22.000
1,164507.0,1645.0,16.0,Fategharh,Punjab,30.700000000000003,76.5,30.8,76.4,2017-02-07 00:46:51.999
1,164507.0,1645.0,16.0,Fategharh,Punjab,30.700000000000003,76.5,,,2017-04-06 07:31:50.400
1,164509.0,1645.0,16.0,Fategharh,Punjab,30.700000000000003,76.5,,,2017-04-06 07:36:12.544
1,164509.0,1645.0,16.0,Fategharh,Punjab,30.700000000000003,76.5,,,2017-04-06 07:36:12.544
1,164509.0,1645.0,16.0,Fategharh,Punjab,30.700000000000003,76.5,,,2017-04-06 07:36:12.544
1,164509.0,1645.0,16.0,Fategharh,Punjab,30.700000000000003,76.5,30.700000000000003,76.4,2017-01-16 00:56:00.000
1,164509.0,1645.0,16.0,Fategharh,Punjab,30.700000000000003,76.5,,,2017-04-06 07:36:12.544
1,164515.0,1645.0,16.0,Fategharh,Punjab,30.700000000000003,76.5,30.8,76.4,2016-11-23 00:24:59.999
1,164515.0,1645.0,16.0,Fategharh,Punjab,30.700000000000003,76.5,,,2017-04-06 07:53:41.120
1,164515.0,1645.0,16.0,Fategharh,Punjab,30.700000000000003,76.5,30.8,76.4,2016-11-11 00:43:00.000
1,164515.0,1645.0,16.0,Fategharh,Punjab,30.700000000000003,76.5,,,2017-04-06 07:53:41.120
1,164515.0,1645.0,16.0,Fategharh,Punjab,30.700000000000003,76.5,,,2017-04-06 07:53:41.120
1,164515.0,1645.0,16.0,Fategharh,Punjab,30.700000000000003,76.5,30.8,76.4,2016-11-13 01:17:00.000
1,164515.0,1645.0,16.0,Fategharh,Punjab,30.700000000000003,76.5,30.8,76.4,2016-11-24 23:50:00.000
1,164515.0,1645.0,16.0,Fategharh,Punjab,30.700000000000003,76.5,,,2017-04-06 07:53:41.120
1,164516.0,1645.0,16.0,Fategharh,Punjab,30.700000000000003,76.5,30.8,76.4,2016-11-23 00:17:00.000
1,164516.0,1645.0,16.0,Fategharh,Punjab,30.700000000000003,76.5,30.8,76.4,2017-02-02 22:48:47.000
1,164516.0,1645.0,16.0,Fategharh,Punjab,30.700000000000003,76.5,30.8,76.4,2017-03-28 06:19:57.000
1,164516.0,1645.0,16.0,Fategharh,Punjab,30.700000000000003,76.5,30.8,76.4,2017-01-18 05:04:56.999
1,164516.0,1645.0,16.0,Fategharh,Punjab,30.700000000000003,76.5,30.8,76.4,2016-11-16 02:03:00.000
1,164516.0,1645.0,16.0,Fategharh,Punjab,30.700000000000003,76.5,30.8,76.4,2016-12-09 21:56:00.000
1,164516.0,1645.0,16.0,Fategharh,Punjab,30.700000000000003,76.5,30.8,76.4,2016-11-25 22:50:59.999
1,164516.0,1645.0,16.0,Fategharh,Punjab,30.700000000000003,76.5,30.8,76.4,2017-01-01 21:25:33.000
1,164516.0,1645.0,16.0,Fategharh,Punjab,30.700000000000003,76.5,30.8,76.4,2017-01-08 20:38:14.999
1,164516.0,1645.0,16.0,Fategharh,Punjab,30.700000000000003,76.5,30.8,76.4,2016-12-23 23:13:59.999
1,164516.0,1645.0,16.0,Fategharh,Punjab,30.700000000000003,76.5,30.8,76.4,2016-12-02 23:10:59.999
1,164523.0,1645.0,16.0,Fategharh,Punjab,30.700000000000003,76.5,30.8,76.4,2017-03-17 02:36:21.000
1,164523.0,1645.0,16.0,Fategharh,Punjab,30.700000000000003,76.5,30.8,76.4,2016-11-30 21:14:59.999
1,164523.0,1645.0,16.0,Fategharh,Punjab,30.700000000000003,76.5,30.8,76.4,2017-02-05 00:09:47.999
1,164523.0,1645.0,16.0,Fategharh,Punjab,30.700000000000003,76.5,30.8,76.4,2016-11-18 22:52:00.000
1,164523.0,1645.0,16.0,Fategharh,Punjab,30.700000000000003,76.5,30.8,76.4,2017-01-14 22:25:16.000
1,164523.0,1645.0,16.0,Fategharh,Punjab,30.700000000000003,76.5,30.8,76.4,2017-01-08 00:17:11.000
1,164523.0,1645.0,16.0,Fategharh,Punjab,30.700000000000003,76.5,30.8,76.4,2017-02-17 23:31:11.000
1,164523.0,1645.0,16.0,Fategharh,Punjab,30.700000000000003,76.5,30.8,76.4,2016-11-25 20:55:00.000
1,164523.0,1645.0,16.0,Fategharh,Punjab,30.700000000000003,76.5,30.8,76.4,2016-11-18 22:34:00.000
1,164523.0,1645.0,16.0,Fategharh,Punjab,30.700000000000003,76.5,30.8,76.4,2017-01-14 22:26:30.000
1,164523.0,1645.0,16.0,Fategharh,Punjab,30.700000000000003,76.5,30.8,76.4,2017-03-03 02:08:47.999
1,164523.0,1645.0,16.0,Fategharh,Punjab,30.700000000000003,76.5,,,2017-04-06 08:43:55.776
1,164523.0,1645.0,16.0,Fategharh,Punjab,30.700000000000003,76.5,30.8,76.4,2017-04-06 07:38:58.000
1,164523.0,1645.0,16.0,Fategharh,Punjab,30.700000000000003,76.5,30.8,76.4,2017-02-05 00:08:44.000
1,164523.0,1645.0,16.0,Fategharh,Punjab,30.700000000000003,76.5,30.8,76.4,2017-02-03 00:08:13.999
1,164523.0,1645.0,16.0,Fategharh,Punjab,30.700000000000003,76.5,30.8,76.4,2017-01-04 23:04:21.000
1,164523.0,1645.0,16.0,Fategharh,Punjab,30.700000000000003,76.5,30.8,76.4,2017-02-09 22:21:49.999
1,164523.0,1645.0,16.0,Fategharh,Punjab,30.700000000000003,76.5,30.8,76.4,2017-01-02 00:36:16.000
1,164523.0,1645.0,16.0,Fategharh,Punjab,30.700000000000003,76.5,,,2017-04-06 08:43:55.776
1,164523.0,1645.0,16.0,Fategharh,Punjab,30.700000000000003,76.5,30.8,76.4,2017-01-08 00:15:58.000
1,164523.0,1645.0,16.0,Fategharh,Punjab,30.700000000000003,76.5,30.8,76.4,2017-02-22 22:55:34.000
1,164523.0,1645.0,16.0,Fategharh,Punjab,30.700000000000003,76.5,30.8,76.4,2017-01-04 23:10:29.000
1,164523.0,1645.0,16.0,Fategharh,Punjab,30.700000000000003,76.5,30.8,76.4,2016-11-15 21:23:00.000
1,164523.0,1645.0,16.0,Fategharh,Punjab,30.700000000000003,76.5,30.8,76.4,2016-11-25 20:57:00.000
1,164523.0,1645.0,16.0,Fategharh,Punjab,30.700000000000003,76.5,30.8,76.4,2016-12-15 00:11:00.000
1,164526.0,1645.0,16.0,Fategharh,Punjab,30.700000000000003,76.5,,,2017-04-06 08:30:49.344
1,164526.0,1645.0,16.0,Fategharh,Punjab,30.700000000000003,76.5,30.700000000000003,76.4,2016-11-22 00:11:59.999
1,164526.0,1645.0,16.0,Fategharh,Punjab,30.700000000000003,76.5,,,2017-04-06 08:30:49.344
1,164526.0,1645.0,16.0,Fategharh,Punjab,30.700000000000003,76.5,30.8,76.4,2016-11-17 00:42:00.000
2,164530.0,1645.0,16.0,Fategharh,Punjab,30.700000000000003,76.5,30.8,76.4,2017-01-18 02:05:12.000
2,164530.0,1645.0,16.0,Fategharh,Punjab,30.700000000000003,76.5,,,2017-04-06 09:03:35.424
2,164530.0,1645.0,16.0,Fategharh,Punjab,30.700000000000003,76.5,30.8,76.4,2017-04-06 08:01:17.000
2,164530.0,1645.0,16.0,Fategharh,Punjab,30.700000000000003,76.5,30.8,76.4,2017-01-15 21:30:18.000
2,164530.0,1645.0,16.0,Fategharh,Punjab,30.700000000000003,76.5,,,2017-04-06 09:03:35.424
2,164530.0,1645.0,16.0,Fategharh,Punjab,30.700000000000003,76.5,30.8,76.4,2017-04-06 07:58:31.000
1,164531.0,1645.0,16.0,Fategharh,Punjab,30.700000000000003,76.5,30.8,76.4,2017-02-05 23:01:45.999
1,164531.0,1645.0,16.0,Fategharh,Punjab,30.700000000000003,76.5,30.8,76.4,2017-01-26 22:21:33.000
1,164531.0,1645.0,16.0,Fategharh,Punjab,30.700000000000003,76.5,30.8,76.4,2017-04-09 10:08:19.999
1,164531.0,1645.0,16.0,Fategharh,Punjab,30.700000000000003,76.5,30.8,76.4,2017-01-16 23:48:38.999
1,164531.0,1645.0,16.0,Fategharh,Punjab,30.700000000000003,76.5,30.8,76.4,2017-03-07 03:21:10.000
1,164531.0,1645.0,16.0,Fategharh,Punjab,30.700000000000003,76.5,30.8,76.4,2017-04-06 18:47:48.000
1,164531.0,1645.0,16.0,Fategharh,Punjab,30.700000000000003,76.5,30.8,76.4,2017-03-11 10:33:09.000
1,164531.0,1645.0,16.0,Fategharh,Punjab,30.700000000000003,76.5,30.8,76.4,2017-01-12 23:34:00.000
1,164531.0,1645.0,16.0,Fategharh,Punjab,30.700000000000003,76.5,30.8,76.4,2017-03-27 10:46:30.000
1,164531.0,1645.0,16.0,Fategharh,Punjab,30.700000000000003,76.5,,,2017-04-06 07:53:41.120
1,164531.0,1645.0,16.0,Fategharh,Punjab,30.700000000000003,76.5,30.8,76.4,2017-03-03 21:55:44.000
1,164531.0,1645.0,16.0,Fategharh,Punjab,30.700000000000003,76.5,30.8,76.4,2017-01-21 22:45:06.000
1,164531.0,1645.0,16.0,Fategharh,Punjab,30.700000000000003,76.5,30.8,76.4,2017-04-07 10:50:18.000
1,164531.0,1645.0,16.0,Fategharh,Punjab,30.700000000000003,76.5,30.8,76.4,2017-01-11 22:30:52.999
1,164531.0,1645.0,16.0,Fategharh,Punjab,30.700000000000003,76.5,30.8,76.4,2017-03-06 01:13:46.000
1,164531.0,1645.0,16.0,Fategharh,Punjab,30.700000000000003,76.5,30.8,76.4,2017-04-06 18:43:26.000
1,164531.0,1645.0,16.0,Fategharh,Punjab,30.700000000000003,76.5,30.8,76.4,2017-04-02 10:56:11.999
1,164531.0,1645.0,16.0,Fategharh,Punjab,30.700000000000003,76.5,30.8,76.4,2017-02-15 00:30:13.000
1,164531.0,1645.0,16.0,Fategharh,Punjab,30.700000000000003,76.5,30.8,76.4,2017-02-09 22:47:48.999
1,164531.0,1645.0,16.0,Fategharh,Punjab,30.700000000000003,76.5,30.8,76.4,2017-01-23 22:05:41.000
1,164531.0,1645.0,16.0,Fategharh,Punjab,30.700000000000003,76.5,30.700000000000003,76.4,2017-03-30 10:48:34.999
1,164531.0,1645.0,16.0,Fategharh,Punjab,30.700000000000003,76.5,30.8,76.4,2017-01-19 23:36:04.000
1,164531.0,1645.0,16.0,Fategharh,Punjab,30.700000000000003,76.5,30.8,76.4,2017-02-01 22:41:28.000
1,164531.0,1645.0,16.0,Fategharh,Punjab,30.700000000000003,76.5,30.8,76.4,2017-03-17 16:12:37.000
1,164531.0,1645.0,16.0,Fategharh,Punjab,30.700000000000003,76.5,,,2017-04-06 07:53:41.120
1,164531.0,1645.0,16.0,Fategharh,Punjab,30.700000000000003,76.5,30.8,76.4,2017-02-21 23:29:02.000
1,164531.0,1645.0,16.0,Fategharh,Punjab,30.700000000000003,76.5,30.700000000000003,76.4,2017-01-08 00:37:50.000
1,164531.0,1645.0,16.0,Fategharh,Punjab,30.700000000000003,76.5,30.700000000000003,76.4,2017-03-26 10:07:39.999
1,164531.0,1645.0,16.0,Fategharh,Punjab,30.700000000000003,76.5,30.700000000000003,76.4,2017-03-19 17:52:34.000
1,164531.0,1645.0,16.0,Fategharh,Punjab,30.700000000000003,76.5,30.8,76.4,2017-03-23 11:50:00.000
1,164531.0,1645.0,16.0,Fategharh,Punjab,30.700000000000003,76.5,30.8,76.4,2017-01-17 23:54:41.999
1,164531.0,1645.0,16.0,Fategharh,Punjab,30.700000000000003,76.5,30.8,76.4,2017-01-19 00:28:44.000
1,164531.0,1645.0,16.0,Fategharh,Punjab,30.700000000000003,76.5,30.8,76.4,2017-01-14 00:09:07.999
1,164531.0,1645.0,16.0,Fategharh,Punjab,30.700000000000003,76.5,30.8,76.4,2017-02-20 23:45:10.000
1,164531.0,1645.0,16.0,Fategharh,Punjab,30.700000000000003,76.5,30.700000000000003,76.4,2017-03-25 09:46:30.000
1,164531.0,1645.0,16.0,Fategharh,Punjab,30.700000000000003,76.5,30.8,76.4,2017-02-24 22:11:24.000
1,164531.0,1645.0,16.0,Fategharh,Punjab,30.700000000000003,76.5,30.8,76.4,2017-03-14 04:16:53.000
1,164531.0,1645.0,16.0,Fategharh,Punjab,30.700000000000003,76.5,30.8,76.4,2017-03-24 10:31:45.000
1,164531.0,1645.0,16.0,Fategharh,Punjab,30.700000000000003,76.5,30.700000000000003,76.4,2017-03-22 10:19:55.000
1,164531.0,1645.0,16.0,Fategharh,Punjab,30.700000000000003,76.5,30.8,76.4,2017-01-19 23:14:15.999
1,164531.0,1645.0,16.0,Fategharh,Punjab,30.700000000000003,76.5,30.700000000000003,76.4,2017-02-06 22:12:20.000
1,205401.0,2054.0,11.0,Fatehabad,Haryana,29.5,75.4,29.5,75.4,2017-01-28 05:33:13.000
1,205401.0,2054.0,11.0,Fatehabad,Haryana,29.5,75.4,29.5,75.4,2017-03-26 07:48:55.000
1,205401.0,2054.0,11.0,Fatehabad,Haryana,29.5,75.4,29.5,75.4,2016-12-14 03:59:00.000
1,205401.0,2054.0,11.0,Fatehabad,Haryana,29.5,75.4,29.5,75.4,2017-04-07 03:22:31.999
1,205401.0,2054.0,11.0,Fatehabad,Haryana,29.5,75.4,29.5,75.4,2016-12-03 04:34:59.999
1,205401.0,2054.0,11.0,Fatehabad,Haryana,29.5,75.4,,,2017-04-07 04:14:50.368
1,205401.0,2054.0,11.0,Fatehabad,Haryana,29.5,75.4,29.5,75.4,2017-03-18 07:53:45.000
1,205401.0,2054.0,11.0,Fatehabad,Haryana,29.5,75.4,29.5,75.4,2017-01-10 04:41:02.000
1,205401.0,2054.0,11.0,Fatehabad,Haryana,29.5,75.4,29.5,75.4,2016-12-20 04:07:00.000
1,205401.0,2054.0,11.0,Fatehabad,Haryana,29.5,75.4,,,2017-04-07 04:14:50.368
1,205401.0,2054.0,11.0,Fatehabad,Haryana,29.5,75.4,29.5,75.4,2017-01-09 04:24:14.999
1,205401.0,2054.0,11.0,Fatehabad,Haryana,29.5,75.4,29.5,75.4,2017-03-01 05:07:23.000
1,205401.0,2054.0,11.0,Fatehabad,Haryana,29.5,75.4,29.5,75.4,2016-11-28 02:48:59.999
1,205401.0,2054.0,11.0,Fatehabad,Haryana,29.5,75.4,29.5,75.4,2017-01-14 03:11:48.999
1,205401.0,2054.0,11.0,Fatehabad,Haryana,29.5,75.4,29.5,75.4,2017-02-04 04:52:14.000
1,205406.0,2054.0,11.0,Fatehabad,Haryana,29.5,75.4,29.400000000000002,75.4,2017-01-06 00:39:38.000
1,205406.0,2054.0,11.0,Fatehabad,Haryana,29.5,75.4,29.400000000000002,75.4,2016-12-20 00:14:59.999
1,205406.0,2054.0,11.0,Fatehabad,Haryana,29.5,75.4,29.400000000000002,75.4,2017-04-07 04:35:26.999
1,205406.0,2054.0,11.0,Fatehabad,Haryana,29.5,75.4,29.400000000000002,75.4,2016-12-21 23:26:00.000
1,205406.0,2054.0,11.0,Fatehabad,Haryana,29.5,75.4,29.400000000000002,75.4,2017-01-13 00:11:29.999
1,205406.0,2054.0,11.0,Fatehabad,Haryana,29.5,75.4,29.400000000000002,75.4,2016-12-27 01:46:00.000
1,205406.0,2054.0,11.0,Fatehabad,Haryana,29.5,75.4,29.400000000000002,75.4,2017-02-09 01:14:41.999
1,205406.0,2054.0,11.0,Fatehabad,Haryana,29.5,75.4,29.400000000000002,75.4,2017-01-02 01:52:28.000
1,205406.0,2054.0,11.0,Fatehabad,Haryana,29.5,75.4,29.400000000000002,75.4,2017-01-08 00:31:12.000
1,205406.0,2054.0,11.0,Fatehabad,Haryana,29.5,75.4,29.400000000000002,75.4,2017-02-25 01:55:36.000
1,205406.0,2054.0,11.0,Fatehabad,Haryana,29.5,75.4,29.400000000000002,75.4,2017-01-01 03:01:15.000
1,205406.0,2054.0,11.0,Fatehabad,Haryana,29.5,75.4,29.400000000000002,75.4,2016-12-30 02:50:00.000
1,205406.0,2054.0,11.0,Fatehabad,Haryana,29.5,75.4,29.400000000000002,75.4,2017-03-25 23:04:13.999
1,205406.0,2054.0,11.0,Fatehabad,Haryana,29.5,75.4,29.400000000000002,75.4,2017-02-19 00:24:20.000
1,205406.0,2054.0,11.0,Fatehabad,Haryana,29.5,75.4,29.400000000000002,75.4,2017-04-11 21:40:21.999
1,205406.0,2054.0,11.0,Fatehabad,Haryana,29.5,75.4,,,2017-04-07 05:31:17.888
1,205406.0,2054.0,11.0,Fatehabad,Haryana,29.5,75.4,29.400000000000002,75.4,2017-02-22 00:44:01.000
1,205406.0,2054.0,11.0,Fatehabad,Haryana,29.5,75.4,29.400000000000002,75.4,2017-01-04 01:15:18.000
1,205406.0,2054.0,11.0,Fatehabad,Haryana,29.5,75.4,29.400000000000002,75.4,2017-04-09 01:23:15.000
1,205406.0,2054.0,11.0,Fatehabad,Haryana,29.5,75.4,29.400000000000002,75.4,2017-04-07 04:41:45.999
1,205406.0,2054.0,11.0,Fatehabad,Haryana,29.5,75.4,29.400000000000002,75.4,2017-03-21 00:18:58.999
1,205406.0,2054.0,11.0,Fatehabad,Haryana,29.5,75.4,,,2017-04-07 05:31:17.888
1,205406.0,2054.0,11.0,Fatehabad,Haryana,29.5,75.4,29.400000000000002,75.4,2017-03-27 23:24:01.999
1,205411.0,2054.0,11.0,Fatehabad,Haryana,29.5,75.4,29.400000000000002,75.4,2016-11-24 01:44:59.999
1,205411.0,2054.0,11.0,Fatehabad,Haryana,29.5,75.4,29.400000000000002,75.4,2017-03-11 01:25:24.000
1,205411.0,2054.0,11.0,Fatehabad,Haryana,29.5,75.4,29.400000000000002,75.4,2016-11-22 05:51:59.999
1,205411.0,2054.0,11.0,Fatehabad,Haryana,29.5,75.4,29.400000000000002,75.4,2017-03-04 06:56:08.999
1,205411.0,2054.0,11.0,Fatehabad,Haryana,29.5,75.4,29.400000000000002,75.4,2017-03-28 20:59:55.000
1,205411.0,2054.0,11.0,Fatehabad,Haryana,29.5,75.4,29.400000000000002,75.4,2016-12-05 23:00:00.000
1,205411.0,2054.0,11.0,Fatehabad,Haryana,29.5,75.4,29.400000000000002,75.4,2017-03-20 23:47:03.000
1,205411.0,2054.0,11.0,Fatehabad,Haryana,29.5,75.4,,,2017-04-07 04:47:36.448
1,205411.0,2054.0,11.0,Fatehabad,Haryana,29.5,75.4,29.400000000000002,75.4,2016-12-03 01:01:00.000
1,205411.0,2054.0,11.0,Fatehabad,Haryana,29.5,75.4,29.400000000000002,75.4,2017-04-07 03:45:20.999
1,205411.0,2054.0,11.0,Fatehabad,Haryana,29.5,75.4,29.400000000000002,75.4,2017-03-16 00:44:10.999
1,205411.0,2054.0,11.0,Fatehabad,Haryana,29.5,75.4,29.400000000000002,75.4,2017-03-01 00:11:04.000
1,205411.0,2054.0,11.0,Fatehabad,Haryana,29.5,75.4,29.400000000000002,75.4,2017-03-25 00:50:48.999
1,205411.0,2054.0,11.0,Fatehabad,Haryana,29.5,75.4,29.400000000000002,75.4,2017-03-07 02:29:02.000
1,205411.0,2054.0,11.0,Fatehabad,Haryana,29.5,75.4,29.400000000000002,75.4,2017-04-01 07:23:43.000
1,205411.0,2054.0,11.0,Fatehabad,Haryana,29.5,75.4,,,2017-04-07 04:47:36.448
1,205411.0,2054.0,11.0,Fatehabad,Haryana,29.5,75.4,29.400000000000002,75.4,2017-04-07 03:39:22.000
1,205411.0,2054.0,11.0,Fatehabad,Haryana,29.5,75.4,29.400000000000002,75.4,2017-02-21 22:38:01.000
1,205411.0,2054.0,11.0,Fatehabad,Haryana,29.5,75.4,29.400000000000002,75.4,2017-02-26 02:41:19.000
1,205411.0,2054.0,11.0,Fatehabad,Haryana,29.5,75.4,29.400000000000002,75.4,2017-02-17 22:24:38.000
1,205411.0,2054.0,11.0,Fatehabad,Haryana,29.5,75.4,29.400000000000002,75.4,2017-02-15 04:28:51.999
1,205411.0,2054.0,11.0,Fatehabad,Haryana,29.5,75.4,29.400000000000002,75.4,2017-04-05 01:23:31.000
1,205411.0,2054.0,11.0,Fatehabad,Haryana,29.5,75.4,29.400000000000002,75.4,2016-11-29 23:10:00.000
1,205411.0,2054.0,11.0,Fatehabad,Haryana,29.5,75.4,29.400000000000002,75.4,2017-02-01 22:23:23.999
1,205416.0,2054.0,11.0,Fatehabad,Haryana,29.5,75.4,,,2017-04-07 04:30:07.872
1,205416.0,2054.0,11.0,Fatehabad,Haryana,29.5,75.4,,,2017-04-07 04:30:07.872
1,205416.0,2054.0,11.0,Fatehabad,Haryana,29.5,75.4,29.400000000000002,75.4,2016-12-31 03:53:43.000
1,205418.0,2054.0,11.0,Fatehabad,Haryana,29.5,75.4,29.400000000000002,75.4,2017-02-03 05:34:14.000
1,205418.0,2054.0,11.0,Fatehabad,Haryana,29.5,75.4,29.400000000000002,75.4,2017-03-29 06:42:30.000
1,205418.0,2054.0,11.0,Fatehabad,Haryana,29.5,75.4,29.400000000000002,75.4,2017-04-04 08:05:39.999
1,205422.0,2054.0,11.0,Fatehabad,Haryana,29.5,75.4,29.5,75.4,2017-01-12 01:31:22.000
1,205422.0,2054.0,11.0,Fatehabad,Haryana,29.5,75.4,29.5,75.4,2017-02-06 02:46:07.000
1,205422.0,2054.0,11.0,Fatehabad,Haryana,29.5,75.4,29.5,75.4,2017-04-07 03:08:55.000
1,205422.0,2054.0,11.0,Fatehabad,Haryana,29.5,75.4,29.5,75.4,2017-03-12 07:28:37.000
1,205422.0,2054.0,11.0,Fatehabad,Haryana,29.5,75.4,29.5,75.4,2017-02-17 02:13:43.000
1,205422.0,2054.0,11.0,Fatehabad,Haryana,29.5,75.4,,,2017-04-07 03:57:21.792
1,205422.0,2054.0,11.0,Fatehabad,Haryana,29.5,75.4,29.5,75.4,2017-03-06 06:16:22.999
1,205422.0,2054.0,11.0,Fatehabad,Haryana,29.5,75.4,29.5,75.4,2016-12-23 02:31:00.000
1,205422.0,2054.0,11.0,Fatehabad,Haryana,29.5,75.4,,,2017-04-07 03:57:21.792
1,205422.0,2054.0,11.0,Fatehabad,Haryana,29.5,75.4,29.5,75.4,2016-12-26 23:22:00.000
1,205422.0,2054.0,11.0,Fatehabad,Haryana,29.5,75.4,29.5,75.4,2017-02-01 00:50:36.000
1,205422.0,2054.0,11.0,Fatehabad,Haryana,29.5,75.4,29.5,75.5,2016-12-01 23:35:59.999
1,205422.0,2054.0,11.0,Fatehabad,Haryana,29.5,75.4,29.5,75.4,2017-01-14 04:12:16.000
1,205422.0,2054.0,11.0,Fatehabad,Haryana,29.5,75.4,29.5,75.4,2016-12-25 04:44:00.000
1,205422.0,2054.0,11.0,Fatehabad,Haryana,29.5,75.4,29.5,75.4,2017-01-19 02:16:08.999
1,205422.0,2054.0,11.0,Fatehabad,Haryana,29.5,75.4,29.5,75.4,2017-04-07 03:00:54.000
1,205422.0,2054.0,11.0,Fatehabad,Haryana,29.5,75.4,29.5,75.4,2017-02-13 01:53:57.999
1,205422.0,2054.0,11.0,Fatehabad,Haryana,29.5,75.4,29.5,75.4,2017-03-16 23:58:02.000
1,205422.0,2054.0,11.0,Fatehabad,Haryana,29.5,75.4,29.5,75.4,2016-12-24 02:57:00.000
1,205422.0,2054.0,11.0,Fatehabad,Haryana,29.5,75.4,29.5,75.4,2017-01-20 23:01:52.000
1,205422.0,2054.0,11.0,Fatehabad,Haryana,29.5,75.4,29.5,75.4,2017-01-25 01:45:10.999
1,205422.0,2054.0,11.0,Fatehabad,Haryana,29.5,75.4,29.5,75.4,2017-02-16 02:49:18.000
1,205422.0,2054.0,11.0,Fatehabad,Haryana,29.5,75.4,29.5,75.4,2017-01-09 23:29:51.999
1,205422.0,2054.0,11.0,Fatehabad,Haryana,29.5,75.4,29.5,75.4,2017-03-18 07:50:03.999
1,205422.0,2054.0,11.0,Fatehabad,Haryana,29.5,75.4,29.5,75.4,2017-02-10 03:14:11.000
1,205422.0,2054.0,11.0,Fatehabad,Haryana,29.5,75.4,29.5,75.4,2017-01-16 03:01:22.000
1,205422.0,2054.0,11.0,Fatehabad,Haryana,29.5,75.4,29.5,75.4,2016-12-31 02:57:19.999
1,205422.0,2054.0,11.0,Fatehabad,Haryana,29.5,75.4,29.5,75.4,2017-02-11 02:16:05.000
1,205422.0,2054.0,11.0,Fatehabad,Haryana,29.5,75.4,29.5,75.4,2017-02-26 02:47:52.000
1,205422.0,2054.0,11.0,Fatehabad,Haryana,29.5,75.4,29.5,75.4,2017-01-17 00:43:37.000
1,205422.0,2054.0,11.0,Fatehabad,Haryana,29.5,75.4,29.5,75.4,2017-03-25 03:55:43.000
1,205422.0,2054.0,11.0,Fatehabad,Haryana,29.5,75.4,29.5,75.4,2017-03-06 20:44:49.000
1,205422.0,2054.0,11.0,Fatehabad,Haryana,29.5,75.4,29.5,75.4,2017-03-03 05:23:55.000
1,205422.0,2054.0,11.0,Fatehabad,Haryana,29.5,75.4,29.5,75.4,2017-02-03 02:43:34.999
1,205430.0,2054.0,11.0,Fatehabad,Haryana,29.5,75.4,29.5,75.4,2017-03-04 00:28:25.000
1,205430.0,2054.0,11.0,Fatehabad,Haryana,29.5,75.4,,,2017-04-07 04:56:20.736
1,205430.0,2054.0,11.0,Fatehabad,Haryana,29.5,75.4,29.5,75.4,2017-01-09 00:56:18.000
1,205430.0,2054.0,11.0,Fatehabad,Haryana,29.5,75.4,29.5,75.4,2017-01-21 01:49:17.999
1,205430.0,2054.0,11.0,Fatehabad,Haryana,29.5,75.4,29.5,75.4,2017-02-24 00:39:41.999
1,205430.0,2054.0,11.0,Fatehabad,Haryana,29.5,75.4,29.5,75.4,2017-02-07 05:04:42.999
1,205430.0,2054.0,11.0,Fatehabad,Haryana,29.5,75.4,29.5,75.4,2017-03-22 05:11:50.999
1,205430.0,2054.0,11.0,Fatehabad,Haryana,29.5,75.4,29.5,75.4,2017-03-13 04:37:37.000
1,205430.0,2054.0,11.0,Fatehabad,Haryana,29.5,75.4,29.5,75.4,2017-01-19 01:31:54.000
1,205430.0,2054.0,11.0,Fatehabad,Haryana,29.5,75.4,29.5,75.4,2016-11-24 02:29:59.999
1,205430.0,2054.0,11.0,Fatehabad,Haryana,29.5,75.4,29.5,75.4,2017-03-06 05:26:53.000
1,205430.0,2054.0,11.0,Fatehabad,Haryana,29.5,75.4,,,2017-04-07 04:56:20.736
1,205430.0,2054.0,11.0,Fatehabad,Haryana,29.5,75.4,29.5,75.4,2017-01-17 01:00:18.999
1,205430.0,2054.0,11.0,Fatehabad,Haryana,29.5,75.4,29.5,75.4,2017-01-15 00:48:17.999
1,205430.0,2054.0,11.0,Fatehabad,Haryana,29.5,75.4,29.5,75.4,2017-03-29 05:37:47.999
1,205430.0,2054.0,11.0,Fatehabad,Haryana,29.5,75.4,29.5,75.4,2017-03-24 06:57:20.999
1,205430.0,2054.0,11.0,Fatehabad,Haryana,29.5,75.4,29.5,75.4,2017-04-07 04:06:29.999
1,205430.0,2054.0,11.0,Fatehabad,Haryana,29.5,75.4,29.5,75.4,2017-02-12 04:22:50.000
1,205430.0,2054.0,11.0,Fatehabad,Haryana,29.5,75.4,29.5,75.4,2016-12-17 02:06:59.999
1,205430.0,2054.0,11.0,Fatehabad,Haryana,29.5,75.4,29.5,75.4,2016-12-04 23:29:00.000
1,205430.0,2054.0,11.0,Fatehabad,Haryana,29.5,75.4,29.5,75.4,2017-01-11 00:41:31.000
1,205430.0,2054.0,11.0,Fatehabad,Haryana,29.5,75.4,29.5,75.4,2017-02-19 02:47:44.000
1,205430.0,2054.0,11.0,Fatehabad,Haryana,29.5,75.4,29.5,75.4,2017-02-14 04:44:08.000
1,205430.0,2054.0,11.0,Fatehabad,Haryana,29.5,75.4,29.5,75.4,2016-12-25 02:58:59.999
1,205430.0,2054.0,11.0,Fatehabad,Haryana,29.5,75.4,29.5,75.4,2016-11-29 23:23:00.000
1,205441.0,2054.0,11.0,Fatehabad,Haryana,29.5,75.4,29.5,75.4,2017-04-07 03:38:23.000
1,205441.0,2054.0,11.0,Fatehabad,Haryana,29.5,75.4,29.5,75.4,2017-03-12 05:40:11.000
1,205441.0,2054.0,11.0,Fatehabad,Haryana,29.5,75.4,,,2017-04-07 04:34:30.016
1,205441.0,2054.0,11.0,Fatehabad,Haryana,29.5,75.4,29.5,75.4,2017-02-09 02:21:01.000
1,205441.0,2054.0,11.0,Fatehabad,Haryana,29.5,75.4,,,2017-04-07 04:34:30.016
1,205441.0,2054.0,11.0,Fatehabad,Haryana,29.5,75.4,29.5,75.4,2017-02-21 02:05:17.999
1,226106.0,2261.0,28.0,Fatehabad,Haryana,29.6,75.60000000000001,29.6,75.60000000000001,2016-11-30 23:26:59.999
1,226106.0,2261.0,28.0,Fatehabad,Haryana,29.6,75.60000000000001,29.6,75.60000000000001,2017-01-16 23:23:48.000
1,226106.0,2261.0,28.0,Fatehabad,Haryana,29.6,75.60000000000001,29.6,75.60000000000001,2017-01-05 00:38:36.999
1,226106.0,2261.0,28.0,Fatehabad,Haryana,29.6,75.60000000000001,,,2017-04-06 23:37:24.224
1,226106.0,2261.0,28.0,Fatehabad,Haryana,29.6,75.60000000000001,,,2017-04-06 23:37:24.224
1,226106.0,2261.0,28.0,Fatehabad,Haryana,29.6,75.60000000000001,,,2017-04-06 23:37:24.224
1,226106.0,2261.0,28.0,Fatehabad,Haryana,29.6,75.60000000000001,29.6,75.60000000000001,2016-12-21 23:48:59.999
1,226106.0,2261.0,28.0,Fatehabad,Haryana,29.6,75.60000000000001,29.6,75.60000000000001,2017-01-19 01:48:29.000
1,226106.0,2261.0,28.0,Fatehabad,Haryana,29.6,75.60000000000001,,,2017-04-06 23:37:24.224
1,226107.0,2261.0,28.0,Fatehabad,Haryana,29.6,75.60000000000001,29.6,75.60000000000001,2016-11-28 00:06:00.000
1,226107.0,2261.0,28.0,Fatehabad,Haryana,29.6,75.60000000000001,29.6,75.60000000000001,2016-11-26 00:08:59.999
1,226107.0,2261.0,28.0,Fatehabad,Haryana,29.6,75.60000000000001,,,2017-04-06 09:29:48.288
1,226107.0,2261.0,28.0,Fatehabad,Haryana,29.6,75.60000000000001,,,2017-04-06 09:29:48.288
1,226113.0,2261.0,28.0,Fatehabad,Haryana,29.6,75.60000000000001,29.6,75.60000000000001,2017-04-07 00:16:49.000
1,226113.0,2261.0,28.0,Fatehabad,Haryana,29.6,75.60000000000001,29.6,75.60000000000001,2017-03-21 02:09:54.000
1,226113.0,2261.0,28.0,Fatehabad,Haryana,29.6,75.60000000000001,29.6,75.60000000000001,2017-01-17 01:17:33.999
1,226113.0,2261.0,28.0,Fatehabad,Haryana,29.6,75.60000000000001,29.6,75.60000000000001,2016-12-24 23:18:00.000
1,226113.0,2261.0,28.0,Fatehabad,Haryana,29.6,75.60000000000001,29.6,75.60000000000001,2017-01-02 22:56:33.000
1,226113.0,2261.0,28.0,Fatehabad,Haryana,29.6,75.60000000000001,29.6,75.60000000000001,2017-04-07 00:22:57.000
1,226113.0,2261.0,28.0,Fatehabad,Haryana,29.6,75.60000000000001,,,2017-04-07 01:26:37.824
1,226113.0,2261.0,28.0,Fatehabad,Haryana,29.6,75.60000000000001,,,2017-04-07 01:26:37.824
1,226113.0,2261.0,28.0,Fatehabad,Haryana,29.6,75.60000000000001,29.6,75.60000000000001,2016-12-31 22:43:51.000
1,226113.0,2261.0,28.0,Fatehabad,Haryana,29.6,75.60000000000001,29.6,75.60000000000001,2016-12-28 23:16:59.999
1,226115.0,2261.0,28.0,Fatehabad,Haryana,29.6,75.60000000000001,29.6,75.60000000000001,2017-02-21 23:02:30.000
1,226115.0,2261.0,28.0,Fatehabad,Haryana,29.6,75.60000000000001,,,2017-04-06 08:54:51.136
1,226115.0,2261.0,28.0,Fatehabad,Haryana,29.6,75.60000000000001,29.6,75.60000000000001,2016-12-28 00:30:59.999
1,226115.0,2261.0,28.0,Fatehabad,Haryana,29.6,75.60000000000001,29.6,75.60000000000001,2016-12-04 01:14:00.000
1,226115.0,2261.0,28.0,Fatehabad,Haryana,29.6,75.60000000000001,29.6,75.60000000000001,2017-04-07 07:48:05.000
1,226115.0,2261.0,28.0,Fatehabad,Haryana,29.6,75.60000000000001,29.6,75.60000000000001,2017-02-18 01:41:04.000
1,226115.0,2261.0,28.0,Fatehabad,Haryana,29.6,75.60000000000001,29.6,75.60000000000001,2017-03-22 01:11:43.000
1,226115.0,2261.0,28.0,Fatehabad,Haryana,29.6,75.60000000000001,29.6,75.60000000000001,2017-02-06 00:14:07.000
1,226115.0,2261.0,28.0,Fatehabad,Haryana,29.6,75.60000000000001,29.6,75.60000000000001,2017-02-08 02:00:46.000
1,226115.0,2261.0,28.0,Fatehabad,Haryana,29.6,75.60000000000001,,,2017-04-06 08:54:51.136
1,226115.0,2261.0,28.0,Fatehabad,Haryana,29.6,75.60000000000001,29.6,75.60000000000001,2017-04-07 08:04:21.999
1,226115.0,2261.0,28.0,Fatehabad,Haryana,29.6,75.60000000000001,29.6,75.60000000000001,2017-02-12 01:01:19.000
1,226115.0,2261.0,28.0,Fatehabad,Haryana,29.6,75.60000000000001,29.6,75.60000000000001,2016-12-07 01:46:00.000
1,226115.0,2261.0,28.0,Fatehabad,Haryana,29.6,75.60000000000001,29.6,75.60000000000001,2017-02-19 23:51:05.000
1,226115.0,2261.0,28.0,Fatehabad,Haryana,29.6,75.60000000000001,29.6,75.60000000000001,2017-03-28 02:03:46.000
1,226116.0,2261.0,28.0,Fatehabad,Haryana,29.6,75.60000000000001,29.6,75.60000000000001,2017-01-13 22:59:47.000
1,226116.0,2261.0,28.0,Fatehabad,Haryana,29.6,75.60000000000001,29.6,75.60000000000001,2017-02-20 00:29:25.999
1,226116.0,2261.0,28.0,Fatehabad,Haryana,29.6,75.60000000000001,29.6,75.60000000000001,2017-01-15 23:27:58.000
1,226116.0,2261.0,28.0,Fatehabad,Haryana,29.6,75.60000000000001,29.6,75.60000000000001,2016-11-21 23:48:00.000
1,226116.0,2261.0,28.0,Fatehabad,Haryana,29.6,75.60000000000001,29.6,75.60000000000001,2017-01-24 23:34:01.999
1,226116.0,2261.0,28.0,Fatehabad,Haryana,29.6,75.60000000000001,29.6,75.60000000000001,2017-01-11 23:54:13.000
1,226116.0,2261.0,28.0,Fatehabad,Haryana,29.6,75.60000000000001,29.6,75.60000000000001,2017-01-09 22:52:36.000
1,226116.0,2261.0,28.0,Fatehabad,Haryana,29.6,75.60000000000001,29.6,75.60000000000001,2017-02-04 22:35:32.000
1,226116.0,2261.0,28.0,Fatehabad,Haryana,29.6,75.60000000000001,29.6,75.60000000000001,2017-03-06 22:44:15.000
1,226116.0,2261.0,28.0,Fatehabad,Haryana,29.6,75.60000000000001,29.6,75.60000000000001,2017-01-07 23:02:11.000
1,226116.0,2261.0,28.0,Fatehabad,Haryana,29.6,75.60000000000001,29.6,75.60000000000001,2016-12-19 23:02:00.000
1,226116.0,2261.0,28.0,Fatehabad,Haryana,29.6,75.60000000000001,29.6,75.60000000000001,2017-03-11 22:45:45.000
1,226116.0,2261.0,28.0,Fatehabad,Haryana,29.6,75.60000000000001,29.6,75.60000000000001,2016-12-21 22:49:00.000
1,226116.0,2261.0,28.0,Fatehabad,Haryana,29.6,75.60000000000001,,,2017-04-06 09:12:19.712
1,226116.0,2261.0,28.0,Fatehabad,Haryana,29.6,75.60000000000001,29.6,75.60000000000001,2017-03-31 23:57:49.000
1,226116.0,2261.0,28.0,Fatehabad,Haryana,29.6,75.60000000000001,29.6,75.60000000000001,2017-01-17 22:47:10.000
1,226116.0,2261.0,28.0,Fatehabad,Haryana,29.6,75.60000000000001,,,2017-04-06 09:12:19.712
1,226116.0,2261.0,28.0,Fatehabad,Haryana,29.6,75.60000000000001,29.6,75.60000000000001,2017-02-15 23:19:30.000
1,226116.0,2261.0,28.0,Fatehabad,Haryana,29.6,75.60000000000001,29.6,75.60000000000001,2017-04-06 08:15:41.000
1,226116.0,2261.0,28.0,Fatehabad,Haryana,29.6,75.60000000000001,29.6,75.60000000000001,2017-01-03 22:42:31.999
1,226116.0,2261.0,28.0,Fatehabad,Haryana,29.6,75.60000000000001,29.6,75.60000000000001,2017-01-05 22:51:13.999
1,226116.0,2261.0,28.0,Fatehabad,Haryana,29.6,75.60000000000001,29.6,75.60000000000001,2017-01-20 22:44:19.000
1,226117.0,2261.0,28.0,Fatehabad,Haryana,29.6,75.60000000000001,29.6,75.60000000000001,2017-01-16 22:23:28.000
1,226117.0,2261.0,28.0,Fatehabad,Haryana,29.6,75.60000000000001,29.6,75.60000000000001,2017-01-31 00:16:55.000
1,226117.0,2261.0,28.0,Fatehabad,Haryana,29.6,75.60000000000001,29.6,75.60000000000001,2016-12-31 22:51:59.000
1,226117.0,2261.0,28.0,Fatehabad,Haryana,29.6,75.60000000000001,29.6,75.60000000000001,2016-12-23 22:46:00.000
1,226117.0,2261.0,28.0,Fatehabad,Haryana,29.6,75.60000000000001,,,2017-04-07 00:45:07.456
1,226117.0,2261.0,28.0,Fatehabad,Haryana,29.6,75.60000000000001,29.6,75.60000000000001,2017-02-05 01:45:01.000
1,226117.0,2261.0,28.0,Fatehabad,Haryana,29.6,75.60000000000001,29.6,75.60000000000001,2016-12-07 01:07:00.000
1,226117.0,2261.0,28.0,Fatehabad,Haryana,29.6,75.60000000000001,29.5,75.4,2016-12-02 02:10:59.999
1,226117.0,2261.0,28.0,Fatehabad,Haryana,29.6,75.60000000000001,29.6,75.60000000000001,2016-12-22 02:28:00.000
1,226117.0,2261.0,28.0,Fatehabad,Haryana,29.6,75.60000000000001,29.6,75.60000000000001,2016-12-09 01:23:00.000
1,226117.0,2261.0,28.0,Fatehabad,Haryana,29.6,75.60000000000001,29.6,75.60000000000001,2017-03-16 03:08:07.000
1,226117.0,2261.0,28.0,Fatehabad,Haryana,29.6,75.60000000000001,29.6,75.60000000000001,2017-01-03 01:22:48.999
1,226117.0,2261.0,28.0,Fatehabad,Haryana,29.6,75.60000000000001,,,2017-04-07 00:45:07.456
1,226117.0,2261.0,28.0,Fatehabad,Haryana,29.6,75.60000000000001,29.6,75.60000000000001,2017-04-10 00:39:54.999
1,226117.0,2261.0,28.0,Fatehabad,Haryana,29.6,75.60000000000001,29.6,75.60000000000001,2017-01-27 00:58:33.999
1,226117.0,2261.0,28.0,Fatehabad,Haryana,29.6,75.60000000000001,29.6,75.60000000000001,2017-03-13 02:17:39.000
1,226117.0,2261.0,28.0,Fatehabad,Haryana,29.6,75.60000000000001,29.6,75.60000000000001,2017-03-21 01:08:25.000
1,226117.0,2261.0,28.0,Fatehabad,Haryana,29.6,75.60000000000001,29.6,75.60000000000001,2017-03-25 23:49:07.999
1,226117.0,2261.0,28.0,Fatehabad,Haryana,29.6,75.60000000000001,29.6,75.60000000000001,2016-12-16 02:31:00.000
1,226117.0,2261.0,28.0,Fatehabad,Haryana,29.6,75.60000000000001,29.5,75.4,2016-11-30 01:12:00.000
1,226117.0,2261.0,28.0,Fatehabad,Haryana,29.6,75.60000000000001,29.6,75.60000000000001,2017-02-06 02:33:26.999
1,226117.0,2261.0,28.0,Fatehabad,Haryana,29.6,75.60000000000001,29.6,75.60000000000001,2016-12-30 00:53:59.999
1,226117.0,2261.0,28.0,Fatehabad,Haryana,29.6,75.60000000000001,29.6,75.60000000000001,2017-01-10 22:29:07.000
1,226117.0,2261.0,28.0,Fatehabad,Haryana,29.6,75.60000000000001,29.6,75.60000000000001,2016-12-28 02:21:00.000
1,226117.0,2261.0,28.0,Fatehabad,Haryana,29.6,75.60000000000001,29.6,75.60000000000001,2016-12-20 01:57:00.000
1,226119.0,2261.0,28.0,Fatehabad,Haryana,29.6,75.60000000000001,29.6,75.60000000000001,2016-12-14 22:40:00.000
1,226119.0,2261.0,28.0,Fatehabad,Haryana,29.6,75.60000000000001,29.6,75.60000000000001,2017-01-02 22:59:36.000
1,226119.0,2261.0,28.0,Fatehabad,Haryana,29.6,75.60000000000001,29.6,75.60000000000001,2017-03-11 01:10:38.000
1,226119.0,2261.0,28.0,Fatehabad,Haryana,29.6,75.60000000000001,29.6,75.60000000000001,2017-03-30 02:21:25.999
1,226119.0,2261.0,28.0,Fatehabad,Haryana,29.6,75.60000000000001,29.6,75.60000000000001,2017-04-06 07:53:57.999
1,226119.0,2261.0,28.0,Fatehabad,Haryana,29.6,75.60000000000001,29.6,75.60000000000001,2016-12-27 22:41:00.000
1,226119.0,2261.0,28.0,Fatehabad,Haryana,29.6,75.60000000000001,29.6,75.60000000000001,2017-03-23 00:03:43.000
1,226119.0,2261.0,28.0,Fatehabad,Haryana,29.6,75.60000000000001,29.6,75.60000000000001,2017-01-17 00:53:09.000
1,226119.0,2261.0,28.0,Fatehabad,Haryana,29.6,75.60000000000001,29.6,75.60000000000001,2016-12-31 00:12:18.000
1,226119.0,2261.0,28.0,Fatehabad,Haryana,29.6,75.60000000000001,29.6,75.60000000000001,2017-01-05 00:14:53.000
1,226119.0,2261.0,28.0,Fatehabad,Haryana,29.6,75.60000000000001,29.6,75.60000000000001,2017-01-11 23:53:28.000
1,226119.0,2261.0,28.0,Fatehabad,Haryana,29.6,75.60000000000001,29.6,75.60000000000001,2017-02-28 02:25:37.000
1,226119.0,2261.0,28.0,Fatehabad,Haryana,29.6,75.60000000000001,29.6,75.60000000000001,2017-03-14 00:10:06.999
1,226119.0,2261.0,28.0,Fatehabad,Haryana,29.6,75.60000000000001,29.6,75.60000000000001,2016-12-28 22:41:59.999
1,226119.0,2261.0,28.0,Fatehabad,Haryana,29.6,75.60000000000001,,,2017-04-06 09:03:35.424
1,226119.0,2261.0,28.0,Fatehabad,Haryana,29.6,75.60000000000001,29.6,75.60000000000001,2017-03-16 00:52:00.999
1,226119.0,2261.0,28.0,Fatehabad,Haryana,29.6,75.60000000000001,29.6,75.60000000000001,2017-01-21 02:33:41.000
1,226119.0,2261.0,28.0,Fatehabad,Haryana,29.6,75.60000000000001,29.6,75.60000000000001,2017-03-08 22:43:33.999
1,226119.0,2261.0,28.0,Fatehabad,Haryana,29.6,75.60000000000001,29.6,75.60000000000001,2017-04-18 22:43:06.999
1,226119.0,2261.0,28.0,Fatehabad,Haryana,29.6,75.60000000000001,29.6,75.60000000000001,2017-03-04 00:45:22.999
1,226119.0,2261.0,28.0,Fatehabad,Haryana,29.6,75.60000000000001,29.6,75.60000000000001,2016-12-16 23:34:00.000
1,226119.0,2261.0,28.0,Fatehabad,Haryana,29.6,75.60000000000001,29.6,75.60000000000001,2017-04-06 08:01:18.000
1,226119.0,2261.0,28.0,Fatehabad,Haryana,29.6,75.60000000000001,,,2017-04-06 09:03:35.424
1,226119.0,2261.0,28.0,Fatehabad,Haryana,29.6,75.60000000000001,29.6,75.60000000000001,2017-01-14 00:57:18.999
1,226119.0,2261.0,28.0,Fatehabad,Haryana,29.6,75.60000000000001,29.6,75.60000000000001,2017-02-11 00:22:39.000
1,226129.0,2261.0,28.0,Fatehabad,Haryana,29.6,75.60000000000001,29.6,75.60000000000001,2016-12-21 22:31:00.000
1,226129.0,2261.0,28.0,Fatehabad,Haryana,29.6,75.60000000000001,29.6,75.60000000000001,2016-12-02 00:14:00.000
1,226129.0,2261.0,28.0,Fatehabad,Haryana,29.6,75.60000000000001,29.6,75.60000000000001,2017-03-22 01:37:41.000
1,226129.0,2261.0,28.0,Fatehabad,Haryana,29.6,75.60000000000001,29.6,75.60000000000001,2017-03-24 00:13:09.000
1,226129.0,2261.0,28.0,Fatehabad,Haryana,29.6,75.60000000000001,29.6,75.60000000000001,2017-01-08 22:31:32.000
1,226129.0,2261.0,28.0,Fatehabad,Haryana,29.6,75.60000000000001,29.6,75.60000000000001,2017-01-17 22:40:49.000
1,226129.0,2261.0,28.0,Fatehabad,Haryana,29.6,75.60000000000001,,,2017-04-07 01:02:36.032
1,226129.0,2261.0,28.0,Fatehabad,Haryana,29.6,75.60000000000001,29.6,75.60000000000001,2016-12-04 23:00:00.000
1,226129.0,2261.0,28.0,Fatehabad,Haryana,29.6,75.60000000000001,29.6,75.60000000000001,2016-12-25 22:50:59.999
1,226129.0,2261.0,28.0,Fatehabad,Haryana,29.6,75.60000000000001,29.6,75.60000000000001,2017-03-14 00:33:10.000
1,226129.0,2261.0,28.0,Fatehabad,Haryana,29.6,75.60000000000001,29.6,75.60000000000001,2016-12-18 23:13:00.000
1,226129.0,2261.0,28.0,Fatehabad,Haryana,29.6,75.60000000000001,29.6,75.60000000000001,2017-01-02 01:49:25.999
1,226129.0,2261.0,28.0,Fatehabad,Haryana,29.6,75.60000000000001,29.6,75.60000000000001,2017-01-29 23:24:18.000
1,226129.0,2261.0,28.0,Fatehabad,Haryana,29.6,75.60000000000001,29.6,75.60000000000001,2017-02-26 22:34:54.999
1,226129.0,2261.0,28.0,Fatehabad,Haryana,29.6,75.60000000000001,29.6,75.60000000000001,2017-04-12 23:40:03.000
1,226129.0,2261.0,28.0,Fatehabad,Haryana,29.6,75.60000000000001,,,2017-04-07 01:02:36.032
1,226129.0,2261.0,28.0,Fatehabad,Haryana,29.6,75.60000000000001,29.6,75.60000000000001,2016-12-04 01:12:00.000
1,226129.0,2261.0,28.0,Fatehabad,Haryana,29.6,75.60000000000001,29.6,75.60000000000001,2016-12-11 23:42:00.000
1,226129.0,2261.0,28.0,Fatehabad,Haryana,29.6,75.60000000000001,29.6,75.60000000000001,2017-02-10 23:00:08.999
1,226129.0,2261.0,28.0,Fatehabad,Haryana,29.6,75.60000000000001,29.6,75.60000000000001,2017-02-21 23:14:49.000
1,226129.0,2261.0,28.0,Fatehabad,Haryana,29.6,75.60000000000001,29.6,75.60000000000001,2016-12-04 22:57:00.000
1,226129.0,2261.0,28.0,Fatehabad,Haryana,29.6,75.60000000000001,29.6,75.60000000000001,2016-11-30 00:08:59.999
1,226130.0,2261.0,28.0,Fatehabad,Haryana,29.6,75.60000000000001,,,2017-04-17 03:05:22.688
1,226130.0,2261.0,28.0,Fatehabad,Haryana,29.6,75.60000000000001,29.6,75.60000000000001,2017-02-23 00:07:29.000
1,226130.0,2261.0,28.0,Fatehabad,Haryana,29.6,75.60000000000001,29.6,75.60000000000001,2017-02-22 00:20:02.000
1,226130.0,2261.0,28.0,Fatehabad,Haryana,29.6,75.60000000000001,29.6,75.60000000000001,2017-02-08 00:15:12.000
1,226130.0,2261.0,28.0,Fatehabad,Haryana,29.6,75.60000000000001,29.6,75.60000000000001,2017-03-01 01:02:46.000
1,226130.0,2261.0,28.0,Fatehabad,Haryana,29.6,75.60000000000001,,,2017-04-17 03:05:22.688
1,226130.0,2261.0,28.0,Fatehabad,Haryana,29.6,75.60000000000001,29.6,75.60000000000001,2017-02-10 00:25:41.000
1,226130.0,2261.0,28.0,Fatehabad,Haryana,29.6,75.60000000000001,29.6,75.60000000000001,2017-02-09 01:21:14.000
1,226130.0,2261.0,28.0,Fatehabad,Haryana,29.6,75.60000000000001,29.6,75.60000000000001,2017-02-12 01:00:45.999
1,226130.0,2261.0,28.0,Fatehabad,Haryana,29.6,75.60000000000001,29.6,75.60000000000001,2017-04-11 01:28:27.000
1,226130.0,2261.0,28.0,Fatehabad,Haryana,29.6,75.60000000000001,29.5,75.3,2017-02-05 23:12:37.000
1,226130.0,2261.0,28.0,Fatehabad,Haryana,29.6,75.60000000000001,29.6,75.60000000000001,2017-02-17 00:30:15.000
1,226130.0,2261.0,28.0,Fatehabad,Haryana,29.6,75.60000000000001,29.6,75.60000000000001,2017-02-19 23:42:56.999
1,226130.0,2261.0,28.0,Fatehabad,Haryana,29.6,75.60000000000001,,,2017-04-17 03:05:22.688
1,226130.0,2261.0,28.0,Fatehabad,Haryana,29.6,75.60000000000001,29.6,75.60000000000001,2017-02-10 23:17:29.000
1,226130.0,2261.0,28.0,Fatehabad,Haryana,29.6,75.60000000000001,,,2017-04-17 03:05:22.688
1,226135.0,2261.0,28.0,Fatehabad,Haryana,29.6,75.60000000000001,29.6,75.60000000000001,2017-02-16 22:50:57.999
1,226135.0,2261.0,28.0,Fatehabad,Haryana,29.6,75.60000000000001,29.6,75.60000000000001,2017-01-08 00:05:09.000
1,226135.0,2261.0,28.0,Fatehabad,Haryana,29.6,75.60000000000001,29.6,75.60000000000001,2017-01-05 22:54:48.999
1,226135.0,2261.0,28.0,Fatehabad,Haryana,29.6,75.60000000000001,29.6,75.60000000000001,2017-03-22 00:05:37.999
1,226135.0,2261.0,28.0,Fatehabad,Haryana,29.6,75.60000000000001,29.6,75.60000000000001,2017-02-13 00:08:29.999
1,226135.0,2261.0,28.0,Fatehabad,Haryana,29.6,75.60000000000001,29.6,75.60000000000001,2016-12-01 23:09:00.000
1,226135.0,2261.0,28.0,Fatehabad,Haryana,29.6,75.60000000000001,29.6,75.60000000000001,2017-01-30 22:42:23.999
1,226135.0,2261.0,28.0,Fatehabad,Haryana,29.6,75.60000000000001,29.6,75.60000000000001,2016-12-11 23:58:59.999
1,226135.0,2261.0,28.0,Fatehabad,Haryana,29.6,75.60000000000001,29.6,75.60000000000001,2016-12-26 23:21:00.000
1,226135.0,2261.0,28.0,Fatehabad,Haryana,29.6,75.60000000000001,29.6,75.60000000000001,2017-03-14 23:36:36.000
1,226135.0,2261.0,28.0,Fatehabad,Haryana,29.6,75.60000000000001,29.6,75.60000000000001,2016-12-24 23:00:59.999
1,226135.0,2261.0,28.0,Fatehabad,Haryana,29.6,75.60000000000001,29.6,75.60000000000001,2017-01-14 00:16:20.000
1,226135.0,2261.0,28.0,Fatehabad,Haryana,29.6,75.60000000000001,29.6,75.60000000000001,2017-01-26 22:50:07.000
1,226135.0,2261.0,28.0,Fatehabad,Haryana,29.6,75.60000000000001,29.6,75.60000000000001,2017-03-30 23:50:58.000
1,226135.0,2261.0,28.0,Fatehabad,Haryana,29.6,75.60000000000001,29.6,75.60000000000001,2017-04-10 01:21:06.999
1,226135.0,2261.0,28.0,Fatehabad,Haryana,29.6,75.60000000000001,29.6,75.60000000000001,2017-01-23 22:42:52.000
1,226135.0,2261.0,28.0,Fatehabad,Haryana,29.6,75.60000000000001,29.6,75.60000000000001,2017-01-24 22:29:21.000
1,226135.0,2261.0,28.0,Fatehabad,Haryana,29.6,75.60000000000001,29.6,75.60000000000001,2017-01-08 23:34:43.000
1,226135.0,2261.0,28.0,Fatehabad,Haryana,29.6,75.60000000000001,29.6,75.60000000000001,2016-12-14 22:50:00.000
1,226135.0,2261.0,28.0,Fatehabad,Haryana,29.6,75.60000000000001,29.6,75.60000000000001,2017-01-11 22:38:50.000
1,226135.0,2261.0,28.0,Fatehabad,Haryana,29.6,75.60000000000001,29.6,75.60000000000001,2016-12-30 22:56:00.000
1,226135.0,2261.0,28.0,Fatehabad,Haryana,29.6,75.60000000000001,29.6,75.60000000000001,2017-03-07 22:33:17.000
1,226135.0,2261.0,28.0,Fatehabad,Haryana,29.6,75.60000000000001,29.6,75.60000000000001,2017-02-27 01:46:57.999
1,226135.0,2261.0,28.0,Fatehabad,Haryana,29.6,75.60000000000001,29.6,75.60000000000001,2016-12-06 23:34:00.000
1,226135.0,2261.0,28.0,Fatehabad,Haryana,29.6,75.60000000000001,29.6,75.60000000000001,2017-01-09 22:38:50.000
1,226135.0,2261.0,28.0,Fatehabad,Haryana,29.6,75.60000000000001,,,2017-04-17 02:43:31.968
1,226135.0,2261.0,28.0,Fatehabad,Haryana,29.6,75.60000000000001,29.6,75.60000000000001,2017-03-16 23:50:17.000
1,226135.0,2261.0,28.0,Fatehabad,Haryana,29.6,75.60000000000001,29.6,75.60000000000001,2017-01-07 00:46:43.999
1,226135.0,2261.0,28.0,Fatehabad,Haryana,29.6,75.60000000000001,29.6,75.60000000000001,2017-04-11 23:53:55.000
1,226135.0,2261.0,28.0,Fatehabad,Haryana,29.6,75.60000000000001,29.6,75.60000000000001,2017-01-16 00:30:26.000
1,226135.0,2261.0,28.0,Fatehabad,Haryana,29.6,75.60000000000001,29.6,75.60000000000001,2016-12-22 22:53:00.000
1,226135.0,2261.0,28.0,Fatehabad,Haryana,29.6,75.60000000000001,29.6,75.60000000000001,2017-01-03 22:34:42.000
1,226135.0,2261.0,28.0,Fatehabad,Haryana,29.6,75.60000000000001,29.6,75.60000000000001,2017-02-09 23:15:44.000
1,226135.0,2261.0,28.0,Fatehabad,Haryana,29.6,75.60000000000001,29.6,75.60000000000001,2017-03-28 23:45:43.000
1,226135.0,2261.0,28.0,Fatehabad,Haryana,29.6,75.60000000000001,29.6,75.60000000000001,2017-01-10 22:54:26.999
1,226135.0,2261.0,28.0,Fatehabad,Haryana,29.6,75.60000000000001,29.6,75.60000000000001,2017-01-04 23:57:22.999
1,226135.0,2261.0,28.0,Fatehabad,Haryana,29.6,75.60000000000001,29.6,75.60000000000001,2017-02-15 22:32:29.000
1,226135.0,2261.0,28.0,Fatehabad,Haryana,29.6,75.60000000000001,29.6,75.60000000000001,2017-03-09 22:39:11.000
1,226135.0,2261.0,28.0,Fatehabad,Haryana,29.6,75.60000000000001,29.6,75.60000000000001,2017-02-22 22:41:47.000
1,226135.0,2261.0,28.0,Fatehabad,Haryana,29.6,75.60000000000001,29.6,75.60000000000001,2017-04-21 00:32:57.999
1,226135.0,2261.0,28.0,Fatehabad,Haryana,29.6,75.60000000000001,29.6,75.60000000000001,2016-12-09 23:16:59.999
1,226135.0,2261.0,28.0,Fatehabad,Haryana,29.6,75.60000000000001,29.6,75.60000000000001,2017-04-04 23:33:28.000
1,226135.0,2261.0,28.0,Fatehabad,Haryana,29.6,75.60000000000001,,,2017-04-17 02:43:31.968
1,226135.0,2261.0,28.0,Fatehabad,Haryana,29.6,75.60000000000001,29.6,75.60000000000001,2017-03-23 23:32:51.999
1,226135.0,2261.0,28.0,Fatehabad,Haryana,29.6,75.60000000000001,29.6,75.60000000000001,2017-02-07 22:54:15.000
1,226135.0,2261.0,28.0,Fatehabad,Haryana,29.6,75.60000000000001,29.6,75.60000000000001,2017-03-05 22:50:27.999
1,226135.0,2261.0,28.0,Fatehabad,Haryana,29.6,75.60000000000001,29.6,75.60000000000001,2017-02-05 22:46:09.000
1,226135.0,2261.0,28.0,Fatehabad,Haryana,29.6,75.60000000000001,29.6,75.60000000000001,2017-03-12 23:59:55.999
1,226135.0,2261.0,28.0,Fatehabad,Haryana,29.6,75.60000000000001,,,2017-04-17 02:43:31.968
1,226135.0,2261.0,28.0,Fatehabad,Haryana,29.6,75.60000000000001,29.6,75.60000000000001,2017-01-16 22:42:31.000
1,226135.0,2261.0,28.0,Fatehabad,Haryana,29.6,75.60000000000001,29.6,75.60000000000001,2017-01-03 02:09:05.000
1,226135.0,2261.0,28.0,Fatehabad,Haryana,29.6,75.60000000000001,29.6,75.60000000000001,2017-02-06 23:04:58.999
1,226135.0,2261.0,28.0,Fatehabad,Haryana,29.6,75.60000000000001,29.6,75.60000000000001,2017-02-20 23:19:58.000
1,226135.0,2261.0,28.0,Fatehabad,Haryana,29.6,75.60000000000001,29.6,75.60000000000001,2017-02-28 22:42:53.000
1,226135.0,2261.0,28.0,Fatehabad,Haryana,29.6,75.60000000000001,29.6,75.60000000000001,2016-12-05 00:43:00.000
1,226135.0,2261.0,28.0,Fatehabad,Haryana,29.6,75.60000000000001,29.6,75.60000000000001,2017-02-23 23:50:23.000
1,226135.0,2261.0,28.0,Fatehabad,Haryana,29.6,75.60000000000001,29.6,75.60000000000001,2017-01-17 23:17:17.000
1,226135.0,2261.0,28.0,Fatehabad,Haryana,29.6,75.60000000000001,29.6,75.60000000000001,2017-03-02 23:27:50.000
1,226135.0,2261.0,28.0,Fatehabad,Haryana,29.6,75.60000000000001,29.6,75.60000000000001,2017-02-08 22:34:40.000
1,226135.0,2261.0,28.0,Fatehabad,Haryana,29.6,75.60000000000001,29.6,75.60000000000001,2017-03-27 01:32:17.000
1,226135.0,2261.0,28.0,Fatehabad,Haryana,29.6,75.60000000000001,29.6,75.60000000000001,2017-02-11 01:46:48.000
1,226135.0,2261.0,28.0,Fatehabad,Haryana,29.6,75.60000000000001,29.6,75.60000000000001,2017-01-20 22:38:24.000
1,226135.0,2261.0,28.0,Fatehabad,Haryana,29.6,75.60000000000001,29.6,75.60000000000001,2016-12-28 23:08:00.000
1,226135.0,2261.0,28.0,Fatehabad,Haryana,29.6,75.60000000000001,29.6,75.60000000000001,2017-02-11 22:51:58.000
1,226135.0,2261.0,28.0,Fatehabad,Haryana,29.6,75.60000000000001,29.6,75.60000000000001,2017-01-01 22:36:22.000
1,226135.0,2261.0,28.0,Fatehabad,Haryana,29.6,75.60000000000001,,,2017-04-17 02:43:31.968
1,226135.0,2261.0,28.0,Fatehabad,Haryana,29.6,75.60000000000001,29.6,75.60000000000001,2017-02-14 22:35:01.000
1,226136.0,2261.0,28.0,Fatehabad,Haryana,29.6,75.60000000000001,29.6,75.60000000000001,2017-01-10 03:13:22.000
1,226136.0,2261.0,28.0,Fatehabad,Haryana,29.6,75.60000000000001,29.6,75.60000000000001,2017-04-02 01:32:58.999
1,226136.0,2261.0,28.0,Fatehabad,Haryana,29.6,75.60000000000001,29.6,75.60000000000001,2016-12-29 00:52:00.000
1,226136.0,2261.0,28.0,Fatehabad,Haryana,29.6,75.60000000000001,29.6,75.60000000000001,2017-03-21 00:33:11.999
1,226136.0,2261.0,28.0,Fatehabad,Haryana,29.6,75.60000000000001,29.6,75.60000000000001,2017-02-07 03:21:25.000
1,226136.0,2261.0,28.0,Fatehabad,Haryana,29.6,75.60000000000001,29.6,75.60000000000001,2017-01-28 03:54:20.999
1,226136.0,2261.0,28.0,Fatehabad,Haryana,29.6,75.60000000000001,29.6,75.60000000000001,2016-12-12 23:06:59.999
1,226136.0,2261.0,28.0,Fatehabad,Haryana,29.6,75.60000000000001,29.6,75.60000000000001,2017-01-18 23:04:29.999
1,226136.0,2261.0,28.0,Fatehabad,Haryana,29.6,75.60000000000001,29.6,75.60000000000001,2017-02-16 02:09:44.000
1,226136.0,2261.0,28.0,Fatehabad,Haryana,29.6,75.60000000000001,29.6,75.60000000000001,2017-02-17 23:28:38.999
1,226136.0,2261.0,28.0,Fatehabad,Haryana,29.6,75.60000000000001,29.6,75.60000000000001,2017-03-18 02:11:47.999
1,226136.0,2261.0,28.0,Fatehabad,Haryana,29.6,75.60000000000001,29.6,75.60000000000001,2017-01-16 22:10:42.999
1,226136.0,2261.0,28.0,Fatehabad,Haryana,29.6,75.60000000000001,29.6,75.60000000000001,2017-03-25 03:32:06.999
1,226136.0,2261.0,28.0,Fatehabad,Haryana,29.6,75.60000000000001,29.6,75.60000000000001,2017-02-22 22:48:48.000
1,226136.0,2261.0,28.0,Fatehabad,Haryana,29.6,75.60000000000001,29.6,75.60000000000001,2017-01-21 03:26:29.000
1,226136.0,2261.0,28.0,Fatehabad,Haryana,29.6,75.60000000000001,29.6,75.60000000000001,2017-01-26 05:18:27.000
1,226136.0,2261.0,28.0,Fatehabad,Haryana,29.6,75.60000000000001,29.6,75.60000000000001,2016-12-09 23:15:00.000
1,226136.0,2261.0,28.0,Fatehabad,Haryana,29.6,75.60000000000001,29.6,75.60000000000001,2016-12-22 05:37:00.000
1,226136.0,2261.0,28.0,Fatehabad,Haryana,29.6,75.60000000000001,29.6,75.60000000000001,2017-03-16 03:52:49.000
1,226136.0,2261.0,28.0,Fatehabad,Haryana,29.6,75.60000000000001,29.6,75.60000000000001,2017-01-03 01:24:30.999
1,226136.0,2261.0,28.0,Fatehabad,Haryana,29.6,75.60000000000001,29.6,75.60000000000001,2017-01-05 01:21:45.000
1,226136.0,2261.0,28.0,Fatehabad,Haryana,29.6,75.60000000000001,29.6,75.60000000000001,2016-12-05 22:43:00.000
1,226136.0,2261.0,28.0,Fatehabad,Haryana,29.6,75.60000000000001,29.6,75.60000000000001,2017-01-11 23:05:52.000
1,226136.0,2261.0,28.0,Fatehabad,Haryana,29.6,75.60000000000001,29.6,75.60000000000001,2016-12-08 00:46:00.000
1,226136.0,2261.0,28.0,Fatehabad,Haryana,29.6,75.60000000000001,29.6,75.60000000000001,2017-03-22 23:58:46.000
1,226136.0,2261.0,28.0,Fatehabad,Haryana,29.6,75.60000000000001,29.6,75.60000000000001,2017-02-03 22:37:54.999
1,234924.0,2349.0,11.0,Fatehabad,Haryana,29.5,75.4,29.5,75.4,2016-12-05 00:45:00.000
1,234925.0,2349.0,11.0,Fatehabad,Haryana,29.5,75.4,29.5,75.3,2017-01-10 22:35:56.999
1,234925.0,2349.0,11.0,Fatehabad,Haryana,29.5,75.4,29.5,75.3,2017-01-05 02:21:17.999
1,234925.0,2349.0,11.0,Fatehabad,Haryana,29.5,75.4,,,2017-04-17 04:45:52.000
1,234925.0,2349.0,11.0,Fatehabad,Haryana,29.5,75.4,,,2017-04-17 04:45:52.000
1,234925.0,2349.0,11.0,Fatehabad,Haryana,29.5,75.4,,,2017-04-17 04:45:52.000
1,234925.0,2349.0,11.0,Fatehabad,Haryana,29.5,75.4,,,2017-04-17 04:45:52.000
1,234925.0,2349.0,11.0,Fatehabad,Haryana,29.5,75.4,29.5,75.3,2017-01-01 00:21:31.000
1,234929.0,2349.0,11.0,Fatehabad,Haryana,29.5,75.4,29.5,75.3,2017-01-16 23:13:00.000
1,234929.0,2349.0,11.0,Fatehabad,Haryana,29.5,75.4,29.5,75.3,2017-01-19 22:41:40.999
1,234929.0,2349.0,11.0,Fatehabad,Haryana,29.5,75.4,,,2017-04-17 04:52:25.216
1,234929.0,2349.0,11.0,Fatehabad,Haryana,29.5,75.4,,,2017-04-17 04:52:25.216
1,234929.0,2349.0,11.0,Fatehabad,Haryana,29.5,75.4,,,2017-04-17 04:52:25.216
1,234929.0,2349.0,11.0,Fatehabad,Haryana,29.5,75.4,,,2017-04-17 04:52:25.216
1,234931.0,2349.0,11.0,Fatehabad,Haryana,29.5,75.4,,,2017-04-07 07:13:58.272
1,234931.0,2349.0,11.0,Fatehabad,Haryana,29.5,75.4,29.5,75.3,2017-02-20 22:48:36.000
1,234931.0,2349.0,11.0,Fatehabad,Haryana,29.5,75.4,29.5,75.3,2016-11-27 00:11:00.000
1,234931.0,2349.0,11.0,Fatehabad,Haryana,29.5,75.4,29.5,75.3,2017-03-01 22:34:38.999
1,234931.0,2349.0,11.0,Fatehabad,Haryana,29.5,75.4,29.5,75.3,2017-01-12 00:51:36.000
1,234931.0,2349.0,11.0,Fatehabad,Haryana,29.5,75.4,,,2017-04-07 07:13:58.272
1,234931.0,2349.0,11.0,Fatehabad,Haryana,29.5,75.4,29.5,75.3,2017-01-15 02:05:09.999
1,234931.0,2349.0,11.0,Fatehabad,Haryana,29.5,75.4,29.5,75.3,2017-01-29 00:53:16.000
1,234931.0,2349.0,11.0,Fatehabad,Haryana,29.5,75.4,29.5,75.3,2016-12-26 00:42:00.000
1,234931.0,2349.0,11.0,Fatehabad,Haryana,29.5,75.4,29.5,75.3,2017-02-03 23:19:15.000
1,234931.0,2349.0,11.0,Fatehabad,Haryana,29.5,75.4,29.5,75.3,2017-01-22 22:34:00.999
1,234931.0,2349.0,11.0,Fatehabad,Haryana,29.5,75.4,,,2017-04-07 07:13:58.272
1,234931.0,2349.0,11.0,Fatehabad,Haryana,29.5,75.4,29.5,75.3,2017-03-15 23:40:41.000
1,234931.0,2349.0,11.0,Fatehabad,Haryana,29.5,75.4,,,2017-04-07 07:13:58.272
1,234933.0,2349.0,11.0,Fatehabad,Haryana,29.5,75.4,29.5,75.3,2017-01-07 22:37:08.999
1,234933.0,2349.0,11.0,Fatehabad,Haryana,29.5,75.4,,,2017-04-07 07:33:37.920
1,234933.0,2349.0,11.0,Fatehabad,Haryana,29.5,75.4,29.5,75.3,2017-01-07 22:40:17.000
1,234933.0,2349.0,11.0,Fatehabad,Haryana,29.5,75.4,29.5,75.3,2017-01-03 22:18:54.000
1,234933.0,2349.0,11.0,Fatehabad,Haryana,29.5,75.4,29.5,75.3,2017-04-07 06:37:59.000
1,234933.0,2349.0,11.0,Fatehabad,Haryana,29.5,75.4,29.5,75.3,2017-03-17 23:42:58.000
1,234933.0,2349.0,11.0,Fatehabad,Haryana,29.5,75.4,29.5,75.3,2017-01-21 22:39:31.000
1,234933.0,2349.0,11.0,Fatehabad,Haryana,29.5,75.4,,,2017-04-07 07:33:37.920
1,234933.0,2349.0,11.0,Fatehabad,Haryana,29.5,75.4,29.5,75.3,2017-01-05 23:45:56.000
1,234934.0,2349.0,11.0,Fatehabad,Haryana,29.5,75.4,29.5,75.4,2016-12-09 01:12:59.999
1,234934.0,2349.0,11.0,Fatehabad,Haryana,29.5,75.4,29.5,75.4,2017-02-13 00:26:17.999
1,234934.0,2349.0,11.0,Fatehabad,Haryana,29.5,75.4,29.5,75.4,2016-12-13 00:04:59.999
1,234934.0,2349.0,11.0,Fatehabad,Haryana,29.5,75.4,29.5,75.4,2016-12-29 00:04:59.999
1,234934.0,2349.0,11.0,Fatehabad,Haryana,29.5,75.4,29.5,75.4,2016-12-01 00:43:59.999
1,234934.0,2349.0,11.0,Fatehabad,Haryana,29.5,75.4,29.5,75.4,2016-12-25 00:01:00.000
1,234934.0,2349.0,11.0,Fatehabad,Haryana,29.5,75.4,29.5,75.4,2016-12-03 01:47:00.000
1,234934.0,2349.0,11.0,Fatehabad,Haryana,29.5,75.4,29.5,75.4,2016-12-16 00:24:59.999
1,234934.0,2349.0,11.0,Fatehabad,Haryana,29.5,75.4,29.5,75.4,2017-02-07 00:37:48.999
1,234934.0,2349.0,11.0,Fatehabad,Haryana,29.5,75.4,29.5,75.4,2017-02-20 00:41:46.000
1,234934.0,2349.0,11.0,Fatehabad,Haryana,29.5,75.4,29.5,75.4,2017-01-03 23:25:37.000
1,234934.0,2349.0,11.0,Fatehabad,Haryana,29.5,75.4,29.5,75.4,2017-03-07 23:39:40.000
1,234934.0,2349.0,11.0,Fatehabad,Haryana,29.5,75.4,29.5,75.4,2017-03-04 01:39:23.999
1,234934.0,2349.0,11.0,Fatehabad,Haryana,29.5,75.4,29.5,75.4,2016-12-27 01:54:00.000
1,234934.0,2349.0,11.0,Fatehabad,Haryana,29.5,75.4,29.5,75.4,2017-02-24 23:03:38.999
1,234934.0,2349.0,11.0,Fatehabad,Haryana,29.5,75.4,29.5,75.4,2017-01-13 01:38:34.000
1,234934.0,2349.0,11.0,Fatehabad,Haryana,29.5,75.4,29.5,75.4,2017-01-26 23:46:52.000
1,234934.0,2349.0,11.0,Fatehabad,Haryana,29.5,75.4,29.5,75.4,2017-02-04 00:19:47.000
1,234934.0,2349.0,11.0,Fatehabad,Haryana,29.5,75.4,29.5,75.4,2017-01-19 23:07:55.000
1,234934.0,2349.0,11.0,Fatehabad,Haryana,29.5,75.4,,,2017-04-07 08:06:24.000
1,234934.0,2349.0,11.0,Fatehabad,Haryana,29.5,75.4,,,2017-04-07 08:06:24.000
1,234934.0,2349.0,11.0,Fatehabad,Haryana,29.5,75.4,29.5,75.4,2017-02-26 22:40:52.000
1,234934.0,2349.0,11.0,Fatehabad,Haryana,29.5,75.4,29.5,75.4,2017-01-08 00:17:11.999
1,234934.0,2349.0,11.0,Fatehabad,Haryana,29.5,75.4,29.5,75.4,2017-01-11 00:06:08.000
1,234935.0,2349.0,11.0,Fatehabad,Haryana,29.5,75.4,29.5,75.3,2017-01-12 02:18:44.000
1,234935.0,2349.0,11.0,Fatehabad,Haryana,29.5,75.4,29.5,75.3,2017-01-06 00:07:30.000
1,234935.0,2349.0,11.0,Fatehabad,Haryana,29.5,75.4,29.5,75.3,2016-12-26 23:50:00.000
1,234935.0,2349.0,11.0,Fatehabad,Haryana,29.5,75.4,,,2017-04-07 07:27:04.704
1,234935.0,2349.0,11.0,Fatehabad,Haryana,29.5,75.4,29.5,75.3,2017-01-03 22:59:17.000
1,234935.0,2349.0,11.0,Fatehabad,Haryana,29.5,75.4,29.5,75.3,2016-12-18 23:50:00.000
1,234935.0,2349.0,11.0,Fatehabad,Haryana,29.5,75.4,,,2017-04-07 07:27:04.704
1,234935.0,2349.0,11.0,Fatehabad,Haryana,29.5,75.4,29.5,75.3,2016-12-13 23:21:00.000
1,234936.0,2349.0,11.0,Fatehabad,Haryana,29.5,75.4,29.5,75.4,2017-02-07 00:40:56.999
1,234936.0,2349.0,11.0,Fatehabad,Haryana,29.5,75.4,29.5,75.4,2017-03-04 01:42:28.999
1,234936.0,2349.0,11.0,Fatehabad,Haryana,29.5,75.4,29.5,75.4,2017-01-26 23:52:53.999
1,234936.0,2349.0,11.0,Fatehabad,Haryana,29.5,75.4,29.5,75.4,2017-02-22 23:04:36.000
1,234936.0,2349.0,11.0,Fatehabad,Haryana,29.5,75.4,29.5,75.4,2017-01-24 00:21:42.999
1,234936.0,2349.0,11.0,Fatehabad,Haryana,29.5,75.4,29.5,75.4,2017-02-13 00:23:22.999
1,234936.0,2349.0,11.0,Fatehabad,Haryana,29.5,75.4,29.5,75.4,2017-02-24 23:00:16.000
1,234936.0,2349.0,11.0,Fatehabad,Haryana,29.5,75.4,29.5,75.4,2017-02-15 00:15:06.000
1,234936.0,2349.0,11.0,Fatehabad,Haryana,29.5,75.4,,,2017-04-07 08:17:19.360
1,234936.0,2349.0,11.0,Fatehabad,Haryana,29.5,75.4,29.5,75.4,2017-02-02 00:38:07.999
1,234936.0,2349.0,11.0,Fatehabad,Haryana,29.5,75.4,,,2017-04-07 08:17:19.360
1,234936.0,2349.0,11.0,Fatehabad,Haryana,29.5,75.4,29.5,75.4,2017-01-08 00:22:44.000
1,234936.0,2349.0,11.0,Fatehabad,Haryana,29.5,75.4,29.5,75.4,2017-01-22 00:18:58.000
1,234936.0,2349.0,11.0,Fatehabad,Haryana,29.5,75.4,29.5,75.4,2017-01-19 23:04:15.000
1,234936.0,2349.0,11.0,Fatehabad,Haryana,29.5,75.4,29.5,75.4,2017-01-02 01:27:37.000
1,234936.0,2349.0,11.0,Fatehabad,Haryana,29.5,75.4,29.5,75.4,2017-04-07 07:07:33.000
1,234936.0,2349.0,11.0,Fatehabad,Haryana,29.5,75.4,29.5,75.4,2016-12-20 01:31:00.000
1,234936.0,2349.0,11.0,Fatehabad,Haryana,29.5,75.4,29.5,75.4,2017-03-07 23:43:03.000
1,234936.0,2349.0,11.0,Fatehabad,Haryana,29.5,75.4,29.5,75.4,2017-02-26 22:37:06.000
1,234936.0,2349.0,11.0,Fatehabad,Haryana,29.5,75.4,29.5,75.4,2017-02-09 01:52:44.999
1,239102.0,2391.0,36.0,Fatehabad,Haryana,29.6,75.9,29.6,75.9,2017-01-07 23:11:57.000
1,239102.0,2391.0,36.0,Fatehabad,Haryana,29.6,75.9,29.6,75.9,2017-01-05 23:45:11.999
1,239102.0,2391.0,36.0,Fatehabad,Haryana,29.6,75.9,,,2017-04-06 05:49:10.016
1,239102.0,2391.0,36.0,Fatehabad,Haryana,29.6,75.9,,,2017-04-06 05:49:10.016
1,239104.0,2391.0,36.0,Fatehabad,Haryana,29.6,75.9,29.6,75.9,2017-02-19 01:15:34.000
1,239104.0,2391.0,36.0,Fatehabad,Haryana,29.6,75.9,,,2017-04-06 22:10:01.344
1,239104.0,2391.0,36.0,Fatehabad,Haryana,29.6,75.9,29.6,75.9,2017-04-06 04:53:35.999
1,239104.0,2391.0,36.0,Fatehabad,Haryana,29.6,75.9,29.6,75.9,2017-02-12 02:00:19.000
1,239104.0,2391.0,36.0,Fatehabad,Haryana,29.6,75.9,29.6,75.9,2017-02-20 22:41:32.999
1,239104.0,2391.0,36.0,Fatehabad,Haryana,29.6,75.9,,,2017-04-06 22:10:01.344
1,239104.0,2391.0,36.0,Fatehabad,Haryana,29.6,75.9,29.6,75.9,2017-02-12 01:59:38.999
1,239105.0,2391.0,36.0,Fatehabad,Haryana,29.6,75.9,29.6,75.9,2016-10-16 01:38:00.000
1,239119.0,2391.0,36.0,Fatehabad,Haryana,29.6,75.9,29.6,75.9,2017-01-28 01:46:39.000
1,239119.0,2391.0,36.0,Fatehabad,Haryana,29.6,75.9,29.6,75.9,2017-01-22 01:48:23.999
1,239119.0,2391.0,36.0,Fatehabad,Haryana,29.6,75.9,29.6,75.9,2017-01-30 00:28:09.000
1,239119.0,2391.0,36.0,Fatehabad,Haryana,29.6,75.9,29.6,75.9,2017-02-07 01:57:08.999
1,239119.0,2391.0,36.0,Fatehabad,Haryana,29.6,75.9,29.6,75.9,2017-01-06 23:25:09.000
1,239119.0,2391.0,36.0,Fatehabad,Haryana,29.6,75.9,,,2017-04-06 22:03:28.128
1,239119.0,2391.0,36.0,Fatehabad,Haryana,29.6,75.9,29.6,75.9,2017-03-26 01:17:38.000
1,239119.0,2391.0,36.0,Fatehabad,Haryana,29.6,75.9,29.6,75.9,2017-01-23 14:15:08.000
1,239119.0,2391.0,36.0,Fatehabad,Haryana,29.6,75.9,29.6,75.9,2017-03-10 01:48:53.000
1,239119.0,2391.0,36.0,Fatehabad,Haryana,29.6,75.9,29.6,75.9,2017-01-17 01:20:27.000
1,239119.0,2391.0,36.0,Fatehabad,Haryana,29.6,75.9,29.6,75.9,2017-03-09 02:05:03.000
1,239119.0,2391.0,36.0,Fatehabad,Haryana,29.6,75.9,29.6,75.9,2017-02-03 01:32:28.000
1,239119.0,2391.0,36.0,Fatehabad,Haryana,29.6,75.9,,,2017-04-06 22:03:28.128
1,239119.0,2391.0,36.0,Fatehabad,Haryana,29.6,75.9,29.6,75.9,2017-02-05 01:52:25.999
1,239119.0,2391.0,36.0,Fatehabad,Haryana,29.6,75.9,29.6,75.9,2017-01-20 02:10:23.000
1,239119.0,2391.0,36.0,Fatehabad,Haryana,29.6,75.9,29.6,75.9,2017-02-13 01:23:35.000
1,239119.0,2391.0,36.0,Fatehabad,Haryana,29.6,75.9,29.6,75.9,2017-02-11 01:14:57.999
1,239119.0,2391.0,36.0,Fatehabad,Haryana,29.6,75.9,29.6,75.9,2017-02-20 01:26:12.000
1,239119.0,2391.0,36.0,Fatehabad,Haryana,29.6,75.9,29.6,75.9,2017-02-01 02:06:19.999
1,239119.0,2391.0,36.0,Fatehabad,Haryana,29.6,75.9,29.6,75.9,2017-03-14 02:16:40.000
1,239120.0,2391.0,36.0,Fatehabad,Haryana,29.6,75.9,29.6,75.9,2017-01-29 05:19:42.000
1,239120.0,2391.0,36.0,Fatehabad,Haryana,29.6,75.9,29.6,75.9,2017-02-19 22:21:35.000
1,239120.0,2391.0,36.0,Fatehabad,Haryana,29.6,75.9,29.6,75.9,2017-01-18 23:17:53.999
1,239120.0,2391.0,36.0,Fatehabad,Haryana,29.6,75.9,29.6,75.9,2017-02-20 23:39:00.000
1,239120.0,2391.0,36.0,Fatehabad,Haryana,29.6,75.9,29.6,75.9,2017-01-12 23:52:37.999
1,239120.0,2391.0,36.0,Fatehabad,Haryana,29.6,75.9,29.6,75.9,2016-12-15 22:54:59.999
1,239120.0,2391.0,36.0,Fatehabad,Haryana,29.6,75.9,29.6,75.9,2017-01-21 00:57:44.000
1,239120.0,2391.0,36.0,Fatehabad,Haryana,29.6,75.9,29.6,75.9,2016-12-11 03:23:00.000
1,239120.0,2391.0,36.0,Fatehabad,Haryana,29.6,75.9,29.6,75.9,2016-12-15 22:54:00.000
1,239120.0,2391.0,36.0,Fatehabad,Haryana,29.6,75.9,29.6,75.9,2017-01-15 02:25:13.000
1,239120.0,2391.0,36.0,Fatehabad,Haryana,29.6,75.9,29.6,75.9,2017-02-20 23:41:24.000
1,239120.0,2391.0,36.0,Fatehabad,Haryana,29.6,75.9,29.6,75.9,2016-12-24 00:27:00.000
1,239120.0,2391.0,36.0,Fatehabad,Haryana,29.6,75.9,29.6,75.9,2017-04-06 03:39:08.000
1,239120.0,2391.0,36.0,Fatehabad,Haryana,29.6,75.9,29.6,75.9,2016-12-15 00:26:00.000
1,239120.0,2391.0,36.0,Fatehabad,Haryana,29.6,75.9,29.6,75.9,2017-02-27 23:48:38.000
1,239120.0,2391.0,36.0,Fatehabad,Haryana,29.6,75.9,29.6,75.9,2017-04-06 03:27:48.999
1,239120.0,2391.0,36.0,Fatehabad,Haryana,29.6,75.9,29.6,75.9,2016-12-23 03:24:00.000
1,239120.0,2391.0,36.0,Fatehabad,Haryana,29.6,75.9,29.6,75.9,2017-02-22 23:33:45.000
1,239120.0,2391.0,36.0,Fatehabad,Haryana,29.6,75.9,29.6,75.9,2016-12-29 03:13:00.000
1,239120.0,2391.0,36.0,Fatehabad,Haryana,29.6,75.9,29.6,75.9,2017-01-27 02:43:57.000
1,239120.0,2391.0,36.0,Fatehabad,Haryana,29.6,75.9,,,2017-04-06 04:39:15.712
1,239120.0,2391.0,36.0,Fatehabad,Haryana,29.6,75.9,29.6,75.9,2016-12-18 23:22:00.000
1,239120.0,2391.0,36.0,Fatehabad,Haryana,29.6,75.9,29.6,75.9,2017-01-12 23:54:14.999
1,239120.0,2391.0,36.0,Fatehabad,Haryana,29.6,75.9,29.6,75.9,2017-02-22 23:33:23.000
1,239120.0,2391.0,36.0,Fatehabad,Haryana,29.6,75.9,29.6,75.9,2017-02-24 22:34:08.999
1,239120.0,2391.0,36.0,Fatehabad,Haryana,29.6,75.9,29.6,75.9,2017-03-11 23:47:05.000
1,239120.0,2391.0,36.0,Fatehabad,Haryana,29.6,75.9,29.6,75.9,2017-03-05 02:36:34.999
1,239120.0,2391.0,36.0,Fatehabad,Haryana,29.6,75.9,29.6,75.9,2017-03-27 00:07:11.000
1,239120.0,2391.0,36.0,Fatehabad,Haryana,29.6,75.9,29.6,75.9,2017-03-23 22:57:02.000
1,239120.0,2391.0,36.0,Fatehabad,Haryana,29.6,75.9,29.6,75.9,2017-03-23 22:56:16.000
1,239120.0,2391.0,36.0,Fatehabad,Haryana,29.6,75.9,29.700000000000003,75.9,2016-12-23 03:24:59.999
1,239120.0,2391.0,36.0,Fatehabad,Haryana,29.6,75.9,29.6,75.9,2017-02-23 22:51:24.000
1,239120.0,2391.0,36.0,Fatehabad,Haryana,29.6,75.9,29.6,75.9,2017-02-07 23:03:59.999
1,239120.0,2391.0,36.0,Fatehabad,Haryana,29.6,75.9,29.700000000000003,75.9,2016-12-24 00:30:00.000
1,239120.0,2391.0,36.0,Fatehabad,Haryana,29.6,75.9,29.6,75.9,2017-03-05 22:04:59.000
1,239120.0,2391.0,36.0,Fatehabad,Haryana,29.6,75.9,,,2017-04-06 04:39:15.712
1,239120.0,2391.0,36.0,Fatehabad,Haryana,29.6,75.9,29.6,75.9,2016-12-15 00:24:59.999
1,239120.0,2391.0,36.0,Fatehabad,Haryana,29.6,75.9,29.6,75.9,2016-12-15 22:56:00.000
1,239124.0,2391.0,36.0,Fatehabad,Haryana,29.6,75.9,29.6,75.9,2016-12-27 03:14:00.000
1,239124.0,2391.0,36.0,Fatehabad,Haryana,29.6,75.9,29.6,75.9,2017-01-27 00:22:39.999
1,239124.0,2391.0,36.0,Fatehabad,Haryana,29.6,75.9,29.6,75.9,2017-01-22 02:39:26.000
1,239124.0,2391.0,36.0,Fatehabad,Haryana,29.6,75.9,29.6,75.9,2017-01-08 02:06:26.000
1,239124.0,2391.0,36.0,Fatehabad,Haryana,29.6,75.9,,,2017-04-06 22:44:58.496
1,239124.0,2391.0,36.0,Fatehabad,Haryana,29.6,75.9,29.6,75.9,2016-12-30 03:10:00.000
1,239124.0,2391.0,36.0,Fatehabad,Haryana,29.6,75.9,29.6,75.9,2016-12-27 03:13:00.000
1,239124.0,2391.0,36.0,Fatehabad,Haryana,29.6,75.9,29.6,75.9,2016-12-19 02:55:59.999
1,239124.0,2391.0,36.0,Fatehabad,Haryana,29.6,75.9,29.6,75.9,2017-01-18 04:59:33.999
1,239124.0,2391.0,36.0,Fatehabad,Haryana,29.6,75.9,29.6,75.9,2016-12-11 00:23:00.000
1,239124.0,2391.0,36.0,Fatehabad,Haryana,29.6,75.9,29.6,75.9,2016-12-14 03:17:00.000
1,239124.0,2391.0,36.0,Fatehabad,Haryana,29.6,75.9,29.6,75.9,2017-01-18 05:00:08.000
1,239124.0,2391.0,36.0,Fatehabad,Haryana,29.6,75.9,29.6,75.9,2016-12-26 03:30:00.000
1,239124.0,2391.0,36.0,Fatehabad,Haryana,29.6,75.9,29.6,75.9,2016-12-11 00:20:59.999
1,239124.0,2391.0,36.0,Fatehabad,Haryana,29.6,75.9,29.6,75.9,2017-01-14 05:20:02.999
1,239124.0,2391.0,36.0,Fatehabad,Haryana,29.6,75.9,29.6,75.9,2017-01-08 02:05:57.000
1,239124.0,2391.0,36.0,Fatehabad,Haryana,29.6,75.9,29.6,75.9,2017-01-27 00:22:03.000
1,239124.0,2391.0,36.0,Fatehabad,Haryana,29.6,75.9,29.6,75.9,2017-01-14 05:18:20.999
1,239124.0,2391.0,36.0,Fatehabad,Haryana,29.6,75.9,29.6,75.9,2017-01-01 02:23:24.999
1,239124.0,2391.0,36.0,Fatehabad,Haryana,29.6,75.9,29.6,75.9,2016-12-11 00:24:59.999
1,239124.0,2391.0,36.0,Fatehabad,Haryana,29.6,75.9,29.6,75.9,2017-01-01 02:22:48.000
1,239124.0,2391.0,36.0,Fatehabad,Haryana,29.6,75.9,29.6,75.9,2017-01-11 05:22:38.999
1,239124.0,2391.0,36.0,Fatehabad,Haryana,29.6,75.9,29.6,75.9,2016-12-14 03:19:00.000
1,239124.0,2391.0,36.0,Fatehabad,Haryana,29.6,75.9,29.6,75.9,2017-01-06 02:46:06.000
1,239124.0,2391.0,36.0,Fatehabad,Haryana,29.6,75.9,29.6,75.9,2016-12-26 03:30:59.999
1,239124.0,2391.0,36.0,Fatehabad,Haryana,29.6,75.9,29.6,75.9,2017-01-14 05:20:29.000
1,239124.0,2391.0,36.0,Fatehabad,Haryana,29.6,75.9,29.6,75.9,2016-12-27 03:14:00.000
1,239124.0,2391.0,36.0,Fatehabad,Haryana,29.6,75.9,29.6,75.9,2017-01-01 02:24:20.999
1,239124.0,2391.0,36.0,Fatehabad,Haryana,29.6,75.9,29.6,75.9,2017-01-12 00:03:00.000
1,239124.0,2391.0,36.0,Fatehabad,Haryana,29.6,75.9,29.6,75.9,2016-12-30 03:13:00.000
1,239124.0,2391.0,36.0,Fatehabad,Haryana,29.6,75.9,,,2017-04-06 22:44:58.496
1,239124.0,2391.0,36.0,Fatehabad,Haryana,29.6,75.9,29.6,75.9,2017-01-22 02:38:48.000
1,239124.0,2391.0,36.0,Fatehabad,Haryana,29.6,75.9,29.6,75.9,2016-12-19 02:57:00.000
1,239124.0,2391.0,36.0,Fatehabad,Haryana,29.6,75.9,29.6,75.9,2017-01-27 00:23:14.000
1,239124.0,2391.0,36.0,Fatehabad,Haryana,29.6,75.9,29.6,75.9,2016-12-30 03:11:00.000
1,239124.0,2391.0,36.0,Fatehabad,Haryana,29.6,75.9,29.6,75.9,2017-01-12 00:03:51.000
1,239125.0,2391.0,36.0,Fatehabad,Haryana,29.6,75.9,29.6,75.9,2016-12-12 23:18:00.000
1,239125.0,2391.0,36.0,Fatehabad,Haryana,29.6,75.9,29.6,75.9,2016-12-16 23:50:00.000
1,239125.0,2391.0,36.0,Fatehabad,Haryana,29.6,75.9,29.6,75.9,2017-02-06 22:33:43.000
1,239125.0,2391.0,36.0,Fatehabad,Haryana,29.6,75.9,29.6,75.9,2016-12-23 00:10:00.000
1,239125.0,2391.0,36.0,Fatehabad,Haryana,29.6,75.9,,,2017-04-06 22:20:56.704
1,239125.0,2391.0,36.0,Fatehabad,Haryana,29.6,75.9,,,2017-04-06 22:20:56.704
1,239125.0,2391.0,36.0,Fatehabad,Haryana,29.6,75.9,29.6,75.9,2016-12-29 23:10:00.000
1,239125.0,2391.0,36.0,Fatehabad,Haryana,29.6,75.9,29.6,75.9,2016-12-20 23:57:00.000
1,239125.0,2391.0,36.0,Fatehabad,Haryana,29.6,75.9,29.6,75.9,2017-01-16 23:28:49.999
1,239125.0,2391.0,36.0,Fatehabad,Haryana,29.6,75.9,29.6,75.9,2017-01-09 00:08:48.999
1,239136.0,2391.0,36.0,Fatehabad,Haryana,29.6,75.9,,,2017-04-06 22:18:45.632
1,239136.0,2391.0,36.0,Fatehabad,Haryana,29.6,75.9,29.6,75.9,2017-01-11 22:46:09.999
1,239136.0,2391.0,36.0,Fatehabad,Haryana,29.6,75.9,29.6,75.9,2017-01-08 23:52:55.000
1,239136.0,2391.0,36.0,Fatehabad,Haryana,29.6,75.9,29.6,75.9,2016-11-27 22:49:00.000
1,239136.0,2391.0,36.0,Fatehabad,Haryana,29.6,75.9,29.6,75.9,2016-11-26 22:38:59.999
1,239136.0,2391.0,36.0,Fatehabad,Haryana,29.6,75.9,29.6,75.9,2017-01-16 23:23:44.000
1,239136.0,2391.0,36.0,Fatehabad,Haryana,29.6,75.9,29.6,75.9,2016-11-23 00:32:00.000
1,239136.0,2391.0,36.0,Fatehabad,Haryana,29.6,75.9,,,2017-04-06 22:18:45.632
1,239136.0,2391.0,36.0,Fatehabad,Haryana,29.6,75.9,29.6,75.9,2016-11-25 23:39:59.999
1,239136.0,2391.0,36.0,Fatehabad,Haryana,29.6,75.9,,,2017-04-06 22:18:45.632
1,239136.0,2391.0,36.0,Fatehabad,Haryana,29.6,75.9,29.6,75.9,2017-01-14 23:30:02.999
1,239136.0,2391.0,36.0,Fatehabad,Haryana,29.6,75.9,,,2017-04-06 22:18:45.632
1,239138.0,2391.0,36.0,Fatehabad,Haryana,29.6,75.9,29.6,75.9,2016-12-13 03:08:59.999
1,239138.0,2391.0,36.0,Fatehabad,Haryana,29.6,75.9,29.6,75.9,2016-11-20 21:56:59.999
1,239138.0,2391.0,36.0,Fatehabad,Haryana,29.6,75.9,29.6,75.9,2016-12-13 03:10:00.000
1,239138.0,2391.0,36.0,Fatehabad,Haryana,29.6,75.9,29.6,75.9,2016-12-29 03:19:00.000
1,239138.0,2391.0,36.0,Fatehabad,Haryana,29.6,75.9,29.6,75.9,2017-01-27 00:43:13.000
1,239138.0,2391.0,36.0,Fatehabad,Haryana,29.6,75.9,29.6,75.9,2017-03-30 07:28:15.000
1,239138.0,2391.0,36.0,Fatehabad,Haryana,29.6,75.9,29.6,75.9,2016-12-27 02:53:00.000
1,239138.0,2391.0,36.0,Fatehabad,Haryana,29.6,75.9,29.6,75.9,2017-02-27 00:40:58.000
1,239138.0,2391.0,36.0,Fatehabad,Haryana,29.6,75.9,29.6,75.9,2017-02-27 00:46:05.999
1,239138.0,2391.0,36.0,Fatehabad,Haryana,29.6,75.9,29.6,75.9,2016-12-21 05:57:00.000
1,239138.0,2391.0,36.0,Fatehabad,Haryana,29.6,75.9,29.6,75.9,2017-02-05 02:24:12.000
1,239138.0,2391.0,36.0,Fatehabad,Haryana,29.6,75.9,29.6,75.9,2016-12-21 05:58:00.000
1,239138.0,2391.0,36.0,Fatehabad,Haryana,29.6,75.9,29.6,75.9,2016-12-18 03:01:00.000
1,239138.0,2391.0,36.0,Fatehabad,Haryana,29.6,75.9,29.6,75.9,2017-01-11 05:18:59.000
1,239138.0,2391.0,36.0,Fatehabad,Haryana,29.6,75.9,29.6,75.9,2017-02-27 00:46:46.000
1,239138.0,2391.0,36.0,Fatehabad,Haryana,29.6,75.9,29.6,75.9,2017-01-08 02:01:04.999
1,239138.0,2391.0,36.0,Fatehabad,Haryana,29.6,75.9,29.6,75.9,2017-01-11 23:55:13.999
1,239138.0,2391.0,36.0,Fatehabad,Haryana,29.6,75.9,29.6,75.9,2017-03-16 05:41:03.999
1,239138.0,2391.0,36.0,Fatehabad,Haryana,29.6,75.9,29.6,75.9,2017-04-08 07:19:37.000
1,239138.0,2391.0,36.0,Fatehabad,Haryana,29.6,75.9,29.6,75.9,2016-12-29 03:20:00.000
1,239138.0,2391.0,36.0,Fatehabad,Haryana,29.6,75.9,29.6,75.9,2017-02-04 04:23:58.999
1,239138.0,2391.0,36.0,Fatehabad,Haryana,29.6,75.9,29.6,75.9,2017-03-26 07:48:44.000
1,239138.0,2391.0,36.0,Fatehabad,Haryana,29.6,75.9,29.6,75.9,2017-02-17 03:32:44.999
1,239138.0,2391.0,36.0,Fatehabad,Haryana,29.6,75.9,29.6,75.9,2017-03-30 07:29:39.999
1,239138.0,2391.0,36.0,Fatehabad,Haryana,29.6,75.9,,,2017-04-06 22:27:29.920
1,239138.0,2391.0,36.0,Fatehabad,Haryana,29.6,75.9,29.6,75.9,2017-03-13 07:21:35.000
1,239138.0,2391.0,36.0,Fatehabad,Haryana,29.6,75.9,29.6,75.9,2017-01-01 02:08:47.000
1,239138.0,2391.0,36.0,Fatehabad,Haryana,29.6,75.9,29.6,75.9,2016-12-10 00:04:59.999
1,239138.0,2391.0,36.0,Fatehabad,Haryana,29.6,75.9,29.6,75.9,2017-01-14 05:18:49.000
1,239138.0,2391.0,36.0,Fatehabad,Haryana,29.6,75.9,29.6,75.9,2017-03-07 04:53:06.999
1,239138.0,2391.0,36.0,Fatehabad,Haryana,29.6,75.9,29.6,75.9,2017-02-27 00:41:46.000
1,239138.0,2391.0,36.0,Fatehabad,Haryana,29.6,75.9,29.6,75.9,2017-01-27 00:42:38.999
1,239138.0,2391.0,36.0,Fatehabad,Haryana,29.6,75.9,29.6,75.9,2017-01-05 23:26:19.000
1,239138.0,2391.0,36.0,Fatehabad,Haryana,29.6,75.9,29.6,75.9,2017-01-06 02:46:58.000
1,239138.0,2391.0,36.0,Fatehabad,Haryana,29.6,75.9,29.6,75.9,2017-03-16 05:42:05.999
1,239138.0,2391.0,36.0,Fatehabad,Haryana,29.6,75.9,29.6,75.9,2017-03-04 05:56:12.000
1,239138.0,2391.0,36.0,Fatehabad,Haryana,29.6,75.9,29.6,75.9,2017-02-04 04:25:16.999
1,239138.0,2391.0,36.0,Fatehabad,Haryana,29.6,75.9,29.6,75.9,2016-12-25 03:24:00.000
1,239138.0,2391.0,36.0,Fatehabad,Haryana,29.6,75.9,29.6,75.9,2017-01-22 02:35:21.000
1,239138.0,2391.0,36.0,Fatehabad,Haryana,29.6,75.9,29.6,75.9,2017-03-13 07:20:30.000
1,239138.0,2391.0,36.0,Fatehabad,Haryana,29.6,75.9,29.6,75.9,2017-02-05 02:23:21.000
1,239138.0,2391.0,36.0,Fatehabad,Haryana,29.6,75.9,29.6,75.9,2017-02-10 05:50:07.000
1,239138.0,2391.0,36.0,Fatehabad,Haryana,29.6,75.9,29.6,75.9,2017-01-08 02:01:42.999
1,239138.0,2391.0,36.0,Fatehabad,Haryana,29.6,75.9,29.6,75.9,2017-03-04 05:57:03.000
1,239138.0,2391.0,36.0,Fatehabad,Haryana,29.6,75.9,29.6,75.9,2017-02-15 05:40:07.999
1,239138.0,2391.0,36.0,Fatehabad,Haryana,29.6,75.9,29.6,75.9,2017-03-20 06:32:06.000
1,239138.0,2391.0,36.0,Fatehabad,Haryana,29.6,75.9,29.6,75.9,2017-01-01 02:07:55.000
1,239138.0,2391.0,36.0,Fatehabad,Haryana,29.6,75.9,29.6,75.9,2016-12-27 02:54:00.000
1,239138.0,2391.0,36.0,Fatehabad,Haryana,29.6,75.9,29.6,75.9,2017-01-11 05:17:07.000
1,239138.0,2391.0,36.0,Fatehabad,Haryana,29.6,75.9,29.6,75.9,2017-02-27 00:47:18.000
1,239138.0,2391.0,36.0,Fatehabad,Haryana,29.6,75.9,29.6,75.9,2017-04-06 03:36:46.999
1,239138.0,2391.0,36.0,Fatehabad,Haryana,29.6,75.9,29.6,75.9,2017-03-26 07:49:52.000
1,239138.0,2391.0,36.0,Fatehabad,Haryana,29.6,75.9,29.6,75.9,2016-11-19 22:52:00.000
1,239138.0,2391.0,36.0,Fatehabad,Haryana,29.6,75.9,29.6,75.9,2016-12-27 02:51:59.999
1,239138.0,2391.0,36.0,Fatehabad,Haryana,29.6,75.9,29.6,75.9,2017-02-23 05:08:27.000
1,239138.0,2391.0,36.0,Fatehabad,Haryana,29.6,75.9,29.6,75.9,2017-04-10 07:33:01.999
1,239138.0,2391.0,36.0,Fatehabad,Haryana,29.6,75.9,29.6,75.9,2017-02-15 05:39:10.000
1,239138.0,2391.0,36.0,Fatehabad,Haryana,29.6,75.9,29.6,75.9,2016-12-18 03:00:00.000
1,239138.0,2391.0,36.0,Fatehabad,Haryana,29.6,75.9,29.6,75.9,2017-03-20 06:30:43.000
1,239138.0,2391.0,36.0,Fatehabad,Haryana,29.6,75.9,29.6,75.9,2017-03-23 05:32:51.999
1,239138.0,2391.0,36.0,Fatehabad,Haryana,29.6,75.9,29.6,75.9,2017-03-04 05:55:31.000
1,239138.0,2391.0,36.0,Fatehabad,Haryana,29.6,75.9,29.6,75.9,2017-04-10 07:33:25.000
1,239138.0,2391.0,36.0,Fatehabad,Haryana,29.6,75.9,29.6,75.9,2017-04-08 07:20:39.999
1,239138.0,2391.0,36.0,Fatehabad,Haryana,29.6,75.9,29.6,75.9,2017-03-20 06:32:35.000
1,239138.0,2391.0,36.0,Fatehabad,Haryana,29.6,75.9,29.6,75.9,2017-01-18 04:57:56.999
1,239138.0,2391.0,36.0,Fatehabad,Haryana,29.6,75.9,29.6,75.9,2017-01-08 02:00:08.999
1,239138.0,2391.0,36.0,Fatehabad,Haryana,29.6,75.9,,,2017-04-06 22:27:29.920
1,239138.0,2391.0,36.0,Fatehabad,Haryana,29.6,75.9,29.6,75.9,2017-01-11 05:17:58.999
1,239138.0,2391.0,36.0,Fatehabad,Haryana,29.6,75.9,29.6,75.9,2017-03-04 05:57:35.000
1,239138.0,2391.0,36.0,Fatehabad,Haryana,29.6,75.9,29.6,75.9,2017-03-16 05:42:45.999
1,239138.0,2391.0,36.0,Fatehabad,Haryana,29.6,75.9,29.6,75.9,2016-12-26 03:04:59.999
1,239138.0,2391.0,36.0,Fatehabad,Haryana,29.6,75.9,29.6,75.9,2017-01-22 02:35:57.000
1,239138.0,2391.0,36.0,Fatehabad,Haryana,29.6,75.9,29.6,75.9,2016-12-26 03:08:59.999
1,239138.0,2391.0,36.0,Fatehabad,Haryana,29.6,75.9,29.6,75.9,2017-02-23 05:09:05.000
1,239138.0,2391.0,36.0,Fatehabad,Haryana,29.6,75.9,29.6,75.9,2017-03-08 23:42:08.000
1,239138.0,2391.0,36.0,Fatehabad,Haryana,29.6,75.9,29.6,75.9,2017-02-04 04:24:35.999
1,239138.0,2391.0,36.0,Fatehabad,Haryana,29.6,75.9,29.6,75.9,2017-02-15 05:41:27.999
1,239138.0,2391.0,36.0,Fatehabad,Haryana,29.6,75.9,29.6,75.9,2017-02-26 06:34:07.000
1,239138.0,2391.0,36.0,Fatehabad,Haryana,29.6,75.9,29.6,75.9,2017-02-17 03:33:26.000
1,239138.0,2391.0,36.0,Fatehabad,Haryana,29.6,75.9,29.6,75.9,2017-02-23 05:07:45.000
1,239138.0,2391.0,36.0,Fatehabad,Haryana,29.6,75.9,29.6,75.9,2017-03-26 07:50:13.000
1,239138.0,2391.0,36.0,Fatehabad,Haryana,29.6,75.9,29.6,75.9,2017-02-10 05:50:47.000
1,239138.0,2391.0,36.0,Fatehabad,Haryana,29.6,75.9,29.6,75.9,2016-12-10 00:04:00.000
1,239138.0,2391.0,36.0,Fatehabad,Haryana,29.6,75.9,29.6,75.9,2016-12-26 03:03:00.000
1,239138.0,2391.0,36.0,Fatehabad,Haryana,29.6,75.9,29.6,75.9,2017-01-06 02:47:46.000
1,239138.0,2391.0,36.0,Fatehabad,Haryana,29.6,75.9,29.6,75.9,2017-03-07 04:52:34.000
1,239138.0,2391.0,36.0,Fatehabad,Haryana,29.6,75.9,29.6,75.9,2016-12-29 03:20:00.000
1,239138.0,2391.0,36.0,Fatehabad,Haryana,29.6,75.9,29.6,75.9,2017-04-10 07:33:54.000
1,239138.0,2391.0,36.0,Fatehabad,Haryana,29.6,75.9,29.6,75.9,2017-02-05 02:24:42.000
1,239138.0,2391.0,36.0,Fatehabad,Haryana,29.6,75.9,29.6,75.9,2017-01-18 04:57:00.000
1,239138.0,2391.0,36.0,Fatehabad,Haryana,29.6,75.9,29.6,75.9,2017-02-26 06:33:27.000
1,239138.0,2391.0,36.0,Fatehabad,Haryana,29.6,75.9,29.6,75.9,2017-03-30 07:29:07.000
1,239138.0,2391.0,36.0,Fatehabad,Haryana,29.6,75.9,29.6,75.9,2017-04-06 03:29:38.999
1,239138.0,2391.0,36.0,Fatehabad,Haryana,29.6,75.9,29.6,75.9,2017-03-08 23:43:15.000
1,239138.0,2391.0,36.0,Fatehabad,Haryana,29.6,75.9,29.6,75.9,2016-12-25 03:23:00.000
1,239138.0,2391.0,36.0,Fatehabad,Haryana,29.6,75.9,29.6,75.9,2017-01-11 23:54:27.000
1,239138.0,2391.0,36.0,Fatehabad,Haryana,29.6,75.9,29.6,75.9,2017-01-06 02:48:16.000
1,239139.0,2391.0,36.0,Fatehabad,Haryana,29.6,75.9,29.6,75.9,2016-12-20 23:18:00.000
1,239139.0,2391.0,36.0,Fatehabad,Haryana,29.6,75.9,29.6,75.9,2016-12-30 23:50:36.999
1,239139.0,2391.0,36.0,Fatehabad,Haryana,29.6,75.9,29.6,75.9,2016-12-23 00:29:00.000
1,239139.0,2391.0,36.0,Fatehabad,Haryana,29.6,75.9,29.6,75.9,2017-01-18 00:18:32.000
1,239139.0,2391.0,36.0,Fatehabad,Haryana,29.6,75.9,,,2017-04-06 22:25:18.848
1,239139.0,2391.0,36.0,Fatehabad,Haryana,29.6,75.9,29.6,75.9,2017-01-05 23:13:32.999
1,239139.0,2391.0,36.0,Fatehabad,Haryana,29.6,75.9,29.6,75.9,2017-01-12 23:17:47.000
1,239139.0,2391.0,36.0,Fatehabad,Haryana,29.6,75.9,,,2017-04-06 22:25:18.848
1,239139.0,2391.0,36.0,Fatehabad,Haryana,29.6,75.9,29.6,75.9,2017-01-07 23:06:16.999
1,239139.0,2391.0,36.0,Fatehabad,Haryana,29.6,75.9,29.6,75.9,2016-12-28 22:50:59.999
1,239139.0,2391.0,36.0,Fatehabad,Haryana,29.6,75.9,29.6,75.9,2017-01-10 23:30:33.000
1,239139.0,2391.0,36.0,Fatehabad,Haryana,29.6,75.9,,,2017-04-06 22:25:18.848
1,239139.0,2391.0,36.0,Fatehabad,Haryana,29.6,75.9,29.6,75.9,2016-12-25 02:10:59.999
1,239139.0,2391.0,36.0,Fatehabad,Haryana,29.6,75.9,29.6,75.9,2017-01-03 00:05:59.000
1,239139.0,2391.0,36.0,Fatehabad,Haryana,29.6,75.9,,,2017-04-06 22:25:18.848
1,251501.0,2515.0,36.0,Fatehabad,Haryana,29.6,75.9,29.6,75.9,2017-04-06 02:22:14.000
1,251501.0,2515.0,36.0,Fatehabad,Haryana,29.6,75.9,29.6,75.9,2016-12-21 05:22:00.000
1,251501.0,2515.0,36.0,Fatehabad,Haryana,29.6,75.9,,,2017-04-06 03:27:10.336
1,251501.0,2515.0,36.0,Fatehabad,Haryana,29.6,75.9,29.6,75.9,2017-03-11 23:19:38.999
1,251501.0,2515.0,36.0,Fatehabad,Haryana,29.6,75.9,,,2017-04-06 03:27:10.336
1,251502.0,2515.0,36.0,Fatehabad,Haryana,29.6,75.9,29.6,75.9,2016-12-01 01:38:59.999
1,251502.0,2515.0,36.0,Fatehabad,Haryana,29.6,75.9,29.6,75.9,2017-04-06 01:48:50.999
1,251502.0,2515.0,36.0,Fatehabad,Haryana,29.6,75.9,29.6,75.9,2016-12-01 01:43:00.000
1,251503.0,2515.0,36.0,Fatehabad,Haryana,29.6,75.9,29.6,75.9,2016-12-01 03:43:00.000
1,251503.0,2515.0,36.0,Fatehabad,Haryana,29.6,75.9,29.6,75.9,2017-02-11 22:48:37.999
1,251503.0,2515.0,36.0,Fatehabad,Haryana,29.6,75.9,29.6,75.9,2016-12-12 02:42:59.999
1,251503.0,2515.0,36.0,Fatehabad,Haryana,29.6,75.9,29.6,75.9,2017-04-11 02:45:24.999
1,251503.0,2515.0,36.0,Fatehabad,Haryana,29.6,75.9,29.6,75.9,2017-03-13 00:38:44.999
1,251503.0,2515.0,36.0,Fatehabad,Haryana,29.6,75.9,29.6,75.9,2016-12-03 23:13:00.000
1,251503.0,2515.0,36.0,Fatehabad,Haryana,29.6,75.9,29.6,75.9,2017-02-11 22:44:27.000
1,251503.0,2515.0,36.0,Fatehabad,Haryana,29.6,75.9,29.6,75.9,2017-01-01 01:49:30.000
1,251503.0,2515.0,36.0,Fatehabad,Haryana,29.6,75.9,29.6,75.9,2016-12-06 00:59:00.000
1,251503.0,2515.0,36.0,Fatehabad,Haryana,29.6,75.9,29.6,75.9,2017-02-17 00:32:06.000
1,251503.0,2515.0,36.0,Fatehabad,Haryana,29.6,75.9,29.6,75.9,2016-12-10 01:11:00.000
1,251503.0,2515.0,36.0,Fatehabad,Haryana,29.6,75.9,29.6,75.9,2017-03-26 01:29:12.000
1,251503.0,2515.0,36.0,Fatehabad,Haryana,29.6,75.9,29.6,75.9,2016-12-22 01:40:00.000
1,251503.0,2515.0,36.0,Fatehabad,Haryana,29.6,75.9,29.6,75.9,2016-12-29 00:16:00.000
1,251503.0,2515.0,36.0,Fatehabad,Haryana,29.6,75.9,29.6,75.9,2016-12-24 01:38:00.000
1,251503.0,2515.0,36.0,Fatehabad,Haryana,29.6,75.9,29.6,75.9,2017-01-28 23:16:18.000
1,251503.0,2515.0,36.0,Fatehabad,Haryana,29.6,75.9,29.6,75.9,2016-12-08 00:56:59.999
1,251503.0,2515.0,36.0,Fatehabad,Haryana,29.6,75.9,29.6,75.9,2016-12-18 03:20:59.999
1,251503.0,2515.0,36.0,Fatehabad,Haryana,29.6,75.9,29.6,75.9,2017-04-09 01:15:42.000
1,251503.0,2515.0,36.0,Fatehabad,Haryana,29.6,75.9,29.6,75.9,2017-02-14 02:29:47.000
1,251503.0,2515.0,36.0,Fatehabad,Haryana,29.6,75.9,29.6,75.9,2017-03-28 01:43:24.000
1,251503.0,2515.0,36.0,Fatehabad,Haryana,29.6,75.9,29.6,75.9,2017-03-11 01:14:25.000
1,251503.0,2515.0,36.0,Fatehabad,Haryana,29.6,75.9,29.6,75.9,2017-01-06 02:04:53.000
1,251503.0,2515.0,36.0,Fatehabad,Haryana,29.6,75.9,29.6,75.9,2016-12-30 01:41:00.000
1,251503.0,2515.0,36.0,Fatehabad,Haryana,29.6,75.9,,,2017-04-06 02:36:55.680
1,251503.0,2515.0,36.0,Fatehabad,Haryana,29.6,75.9,29.6,75.9,2017-03-12 00:40:40.000
1,251503.0,2515.0,36.0,Fatehabad,Haryana,29.6,75.9,29.6,75.9,2017-01-31 22:34:41.000
1,251503.0,2515.0,36.0,Fatehabad,Haryana,29.6,75.9,29.6,75.9,2016-12-21 03:26:00.000
1,251503.0,2515.0,36.0,Fatehabad,Haryana,29.6,75.9,29.6,75.9,2017-02-26 00:24:08.000
1,251503.0,2515.0,36.0,Fatehabad,Haryana,29.6,75.9,29.6,75.9,2017-02-02 23:33:34.999
1,251503.0,2515.0,36.0,Fatehabad,Haryana,29.6,75.9,29.6,75.9,2017-01-31 00:19:39.999
1,251503.0,2515.0,36.0,Fatehabad,Haryana,29.6,75.9,,,2017-04-06 02:36:55.680
1,251503.0,2515.0,36.0,Fatehabad,Haryana,29.6,75.9,29.6,75.9,2017-03-09 01:20:39.999
1,251504.0,2515.0,36.0,Fatehabad,Haryana,29.6,75.9,29.6,75.9,2016-12-07 02:55:59.999
1,251504.0,2515.0,36.0,Fatehabad,Haryana,29.6,75.9,29.6,75.9,2017-01-07 02:37:03.000
1,251504.0,2515.0,36.0,Fatehabad,Haryana,29.6,75.9,29.6,75.9,2016-12-04 04:30:00.000
1,251504.0,2515.0,36.0,Fatehabad,Haryana,29.6,75.9,29.6,75.9,2016-12-04 01:18:00.000
1,251504.0,2515.0,36.0,Fatehabad,Haryana,29.6,75.9,29.6,75.9,2017-03-18 01:08:57.999
1,251504.0,2515.0,36.0,Fatehabad,Haryana,29.6,75.9,29.6,75.9,2016-12-23 23:34:00.000
1,251504.0,2515.0,36.0,Fatehabad,Haryana,29.6,75.9,29.6,75.9,2016-12-30 03:17:59.999
1,251504.0,2515.0,36.0,Fatehabad,Haryana,29.6,75.9,29.6,75.9,2016-12-29 00:45:00.000
1,251504.0,2515.0,36.0,Fatehabad,Haryana,29.6,75.9,29.6,75.9,2016-12-04 04:23:00.000
1,251504.0,2515.0,36.0,Fatehabad,Haryana,29.6,75.9,29.6,75.9,2017-02-05 23:07:04.000
1,251505.0,2515.0,36.0,Fatehabad,Haryana,29.6,75.9,29.6,75.9,2017-03-21 23:53:30.000
1,251505.0,2515.0,36.0,Fatehabad,Haryana,29.6,75.9,29.6,75.9,2016-12-19 23:38:00.000
1,251505.0,2515.0,36.0,Fatehabad,Haryana,29.6,75.9,29.6,75.9,2017-03-05 22:31:54.999
1,251505.0,2515.0,36.0,Fatehabad,Haryana,29.6,75.9,29.6,75.9,2016-12-03 00:03:00.000
1,251505.0,2515.0,36.0,Fatehabad,Haryana,29.6,75.9,29.6,75.9,2017-01-03 23:13:55.000
1,251505.0,2515.0,36.0,Fatehabad,Haryana,29.6,75.9,29.6,75.9,2016-12-15 01:08:00.000
1,251505.0,2515.0,36.0,Fatehabad,Haryana,29.6,75.9,29.6,75.9,2016-12-27 02:19:00.000
1,251505.0,2515.0,36.0,Fatehabad,Haryana,29.6,75.9,29.6,75.9,2017-03-08 22:52:15.000
1,251505.0,2515.0,36.0,Fatehabad,Haryana,29.6,75.9,29.6,75.9,2017-03-18 00:23:38.999
1,251505.0,2515.0,36.0,Fatehabad,Haryana,29.6,75.9,29.6,75.9,2017-02-16 23:51:25.000
1,251505.0,2515.0,36.0,Fatehabad,Haryana,29.6,75.9,29.6,75.9,2017-01-13 01:52:06.000
1,251505.0,2515.0,36.0,Fatehabad,Haryana,29.6,75.9,29.6,75.9,2017-01-24 23:20:29.999
1,251505.0,2515.0,36.0,Fatehabad,Haryana,29.6,75.9,29.6,75.9,2017-01-12 01:33:17.999
1,251505.0,2515.0,36.0,Fatehabad,Haryana,29.6,75.9,29.6,75.9,2017-01-06 01:46:16.000
1,251505.0,2515.0,36.0,Fatehabad,Haryana,29.6,75.9,29.6,75.9,2017-03-07 01:26:42.999
1,251505.0,2515.0,36.0,Fatehabad,Haryana,29.6,75.9,29.6,75.9,2017-01-23 23:02:09.999
1,251505.0,2515.0,36.0,Fatehabad,Haryana,29.6,75.9,29.6,75.9,2017-03-07 23:16:11.000
1,251505.0,2515.0,36.0,Fatehabad,Haryana,29.6,75.9,29.6,75.9,2017-01-09 02:04:12.000
1,251508.0,2515.0,36.0,Fatehabad,Haryana,29.6,75.9,29.6,75.9,2017-01-22 23:44:47.000
1,251508.0,2515.0,36.0,Fatehabad,Haryana,29.6,75.9,29.6,75.9,2017-01-08 23:56:45.000
1,251508.0,2515.0,36.0,Fatehabad,Haryana,29.6,75.9,,,2017-04-06 03:09:41.760
1,251508.0,2515.0,36.0,Fatehabad,Haryana,29.6,75.9,29.6,75.9,2017-04-06 01:59:22.999
1,251508.0,2515.0,36.0,Fatehabad,Haryana,29.6,75.9,29.6,75.9,2017-02-08 23:38:19.999
1,251508.0,2515.0,36.0,Fatehabad,Haryana,29.6,75.9,,,2017-04-06 03:09:41.760
1,251512.0,2515.0,36.0,Fatehabad,Haryana,29.6,75.9,29.6,75.9,2017-01-15 00:07:22.000
1,251512.0,2515.0,36.0,Fatehabad,Haryana,29.6,75.9,29.6,75.9,2017-01-06 02:36:44.000
1,251512.0,2515.0,36.0,Fatehabad,Haryana,29.6,75.9,29.6,75.9,2016-12-02 02:06:59.999
1,251512.0,2515.0,36.0,Fatehabad,Haryana,29.6,75.9,29.6,75.9,2017-01-18 03:05:15.000
1,251512.0,2515.0,36.0,Fatehabad,Haryana,29.6,75.9,29.6,75.9,2017-01-03 02:12:00.000
1,251513.0,2515.0,36.0,Fatehabad,Haryana,29.6,75.9,29.6,75.9,2016-12-20 01:56:00.000
1,251513.0,2515.0,36.0,Fatehabad,Haryana,29.6,75.9,,,2017-04-06 01:22:39.232
1,251513.0,2515.0,36.0,Fatehabad,Haryana,29.6,75.9,29.6,75.9,2017-03-02 23:31:17.999
1,251513.0,2515.0,36.0,Fatehabad,Haryana,29.6,75.9,29.6,75.9,2017-01-18 03:01:19.000
1,251513.0,2515.0,36.0,Fatehabad,Haryana,29.6,75.9,29.6,75.9,2017-01-10 03:22:31.999
1,251522.0,2515.0,36.0,Fatehabad,Haryana,29.6,75.9,29.6,75.9,2016-12-29 02:34:00.000
1,251522.0,2515.0,36.0,Fatehabad,Haryana,29.6,75.9,29.6,75.9,2016-12-05 04:43:00.000
1,251522.0,2515.0,36.0,Fatehabad,Haryana,29.6,75.9,29.6,75.9,2017-02-03 01:00:37.000
1,251525.0,2515.0,36.0,Fatehabad,Haryana,29.6,75.9,,,2017-04-06 03:38:05.696
1,251525.0,2515.0,36.0,Fatehabad,Haryana,29.6,75.9,29.6,75.9,2017-01-22 23:23:18.000
1,251525.0,2515.0,36.0,Fatehabad,Haryana,29.6,75.9,29.6,75.9,2017-01-01 00:00:19.000
1,251525.0,2515.0,36.0,Fatehabad,Haryana,29.6,75.9,29.6,75.9,2017-01-03 00:27:16.000
1,251525.0,2515.0,36.0,Fatehabad,Haryana,29.6,75.9,29.6,75.9,2017-03-22 02:07:02.999
1,251525.0,2515.0,36.0,Fatehabad,Haryana,29.6,75.9,29.6,75.9,2016-12-14 23:55:59.999
1,251525.0,2515.0,36.0,Fatehabad,Haryana,29.6,75.9,29.6,75.9,2016-12-21 23:26:59.999
1,251525.0,2515.0,36.0,Fatehabad,Haryana,29.6,75.9,29.6,75.9,2017-03-03 23:08:07.999
1,251525.0,2515.0,36.0,Fatehabad,Haryana,29.6,75.9,29.6,75.9,2016-12-08 01:44:00.000
1,251525.0,2515.0,36.0,Fatehabad,Haryana,29.6,75.9,29.6,75.9,2016-12-14 23:47:00.000
1,251525.0,2515.0,36.0,Fatehabad,Haryana,29.6,75.9,29.6,75.9,2017-03-25 23:57:38.999
1,251525.0,2515.0,36.0,Fatehabad,Haryana,29.6,75.9,29.6,75.9,2017-01-06 01:09:13.000
1,251525.0,2515.0,36.0,Fatehabad,Haryana,29.6,75.9,29.6,75.9,2017-01-21 01:22:37.999
1,251525.0,2515.0,36.0,Fatehabad,Haryana,29.6,75.9,29.6,75.9,2017-02-22 00:47:23.000
1,251525.0,2515.0,36.0,Fatehabad,Haryana,29.6,75.9,29.6,75.9,2017-03-15 00:48:01.000
1,251525.0,2515.0,36.0,Fatehabad,Haryana,29.6,75.9,29.6,75.9,2017-03-30 00:40:07.000
1,251525.0,2515.0,36.0,Fatehabad,Haryana,29.6,75.9,29.6,75.9,2017-02-06 23:37:19.000
1,251525.0,2515.0,36.0,Fatehabad,Haryana,29.6,75.9,29.6,75.9,2017-01-04 01:50:41.000
1,251525.0,2515.0,36.0,Fatehabad,Haryana,29.6,75.9,,,2017-04-06 03:38:05.696
1,251525.0,2515.0,36.0,Fatehabad,Haryana,29.6,75.9,29.6,75.9,2017-01-10 00:36:08.999
1,251525.0,2515.0,36.0,Fatehabad,Haryana,29.6,75.9,29.6,75.9,2016-12-20 00:17:00.000
1,251525.0,2515.0,36.0,Fatehabad,Haryana,29.6,75.9,29.6,75.9,2017-02-26 00:05:15.000
1,251526.0,2515.0,36.0,Fatehabad,Haryana,29.6,75.9,29.6,75.9,2017-03-10 23:04:07.999
1,251526.0,2515.0,36.0,Fatehabad,Haryana,29.6,75.9,29.6,75.9,2017-01-28 02:03:42.000
1,251526.0,2515.0,36.0,Fatehabad,Haryana,29.6,75.9,29.6,75.9,2016-12-22 00:35:00.000
1,251526.0,2515.0,36.0,Fatehabad,Haryana,29.6,75.9,29.6,75.9,2016-12-20 01:50:59.999
1,251526.0,2515.0,36.0,Fatehabad,Haryana,29.6,75.9,29.6,75.9,2016-12-26 02:47:00.000
1,251526.0,2515.0,36.0,Fatehabad,Haryana,29.6,75.9,29.6,75.9,2016-12-23 02:39:00.000
1,251527.0,2515.0,36.0,Fatehabad,Haryana,29.6,75.9,29.6,75.9,2017-01-06 03:00:01.000
1,251527.0,2515.0,36.0,Fatehabad,Haryana,29.6,75.9,29.6,75.9,2016-12-29 00:23:00.000
1,251527.0,2515.0,36.0,Fatehabad,Haryana,29.6,75.9,,,2017-04-06 02:10:42.816
1,251527.0,2515.0,36.0,Fatehabad,Haryana,29.6,75.9,,,2017-04-06 02:10:42.816
1,251529.0,2515.0,36.0,Fatehabad,Haryana,29.6,75.9,29.6,75.9,2016-12-25 22:44:59.999
1,251529.0,2515.0,36.0,Fatehabad,Haryana,29.6,75.9,29.6,75.9,2017-01-14 22:52:43.000
1,251529.0,2515.0,36.0,Fatehabad,Haryana,29.6,75.9,,,2017-04-06 01:40:07.808
1,251529.0,2515.0,36.0,Fatehabad,Haryana,29.6,75.9,29.6,75.9,2017-03-06 22:35:05.000
1,251529.0,2515.0,36.0,Fatehabad,Haryana,29.6,75.9,,,2017-04-06 01:40:07.808
1,266013.0,2660.0,28.0,Fatehabad,Haryana,29.6,75.60000000000001,30.3,76.4,2016-11-17 00:27:00.000
1,266015.0,2660.0,28.0,Fatehabad,Haryana,29.6,75.60000000000001,29.6,75.60000000000001,2016-12-16 05:13:59.999
1,266015.0,2660.0,28.0,Fatehabad,Haryana,29.6,75.60000000000001,,,2017-04-17 01:51:06.240
1,266015.0,2660.0,28.0,Fatehabad,Haryana,29.6,75.60000000000001,29.6,75.60000000000001,2017-01-12 04:29:47.000
1,266015.0,2660.0,28.0,Fatehabad,Haryana,29.6,75.60000000000001,29.6,75.60000000000001,2016-12-11 00:22:00.000
1,266015.0,2660.0,28.0,Fatehabad,Haryana,29.6,75.60000000000001,29.6,75.60000000000001,2017-03-05 05:17:55.000
1,266015.0,2660.0,28.0,Fatehabad,Haryana,29.6,75.60000000000001,29.6,75.60000000000001,2017-01-15 03:40:45.999
1,266015.0,2660.0,28.0,Fatehabad,Haryana,29.6,75.60000000000001,,,2017-04-17 01:51:06.240
1,266015.0,2660.0,28.0,Fatehabad,Haryana,29.6,75.60000000000001,29.6,75.60000000000001,2016-12-10 01:57:59.999
1,266015.0,2660.0,28.0,Fatehabad,Haryana,29.6,75.60000000000001,29.6,75.60000000000001,2017-03-11 04:55:28.999
1,266015.0,2660.0,28.0,Fatehabad,Haryana,29.6,75.60000000000001,,,2017-04-17 01:51:06.240
1,266015.0,2660.0,28.0,Fatehabad,Haryana,29.6,75.60000000000001,29.6,75.60000000000001,2016-12-21 05:18:00.000
1,266015.0,2660.0,28.0,Fatehabad,Haryana,29.6,75.60000000000001,29.6,75.60000000000001,2017-01-07 01:48:23.999
1,266015.0,2660.0,28.0,Fatehabad,Haryana,29.6,75.60000000000001,29.6,75.60000000000001,2017-03-05 05:16:11.000
1,266015.0,2660.0,28.0,Fatehabad,Haryana,29.6,75.60000000000001,,,2017-04-17 01:51:06.240
1,266015.0,2660.0,28.0,Fatehabad,Haryana,29.6,75.60000000000001,29.6,75.60000000000001,2016-12-28 05:00:59.999
1,266016.0,2660.0,28.0,Fatehabad,Haryana,29.6,75.60000000000001,29.6,75.60000000000001,2016-12-02 00:10:00.000
1,266020.0,2660.0,28.0,Fatehabad,Haryana,29.6,75.60000000000001,29.6,75.60000000000001,2016-12-17 22:47:59.999
1,266021.0,2660.0,28.0,Fatehabad,Haryana,29.6,75.60000000000001,,,2017-04-07 00:53:51.744
1,266021.0,2660.0,28.0,Fatehabad,Haryana,29.6,75.60000000000001,29.6,75.60000000000001,2017-01-03 00:11:50.000
1,266021.0,2660.0,28.0,Fatehabad,Haryana,29.6,75.60000000000001,29.6,75.60000000000001,2016-12-14 03:36:59.999
1,266021.0,2660.0,28.0,Fatehabad,Haryana,29.6,75.60000000000001,,,2017-04-07 00:53:51.744
1,266021.0,2660.0,28.0,Fatehabad,Haryana,29.6,75.60000000000001,29.6,75.60000000000001,2017-01-27 04:15:50.000
1,266021.0,2660.0,28.0,Fatehabad,Haryana,29.6,75.60000000000001,29.6,75.60000000000001,2016-12-31 01:36:35.000
1,266021.0,2660.0,28.0,Fatehabad,Haryana,29.6,75.60000000000001,29.6,75.60000000000001,2016-12-29 03:29:00.000
1,266021.0,2660.0,28.0,Fatehabad,Haryana,29.6,75.60000000000001,29.6,75.60000000000001,2016-12-19 02:25:00.000
1,266021.0,2660.0,28.0,Fatehabad,Haryana,29.6,75.60000000000001,29.6,75.60000000000001,2016-12-27 03:43:59.999
1,266021.0,2660.0,28.0,Fatehabad,Haryana,29.6,75.60000000000001,29.6,75.60000000000001,2017-04-07 00:03:31.000
1,266021.0,2660.0,28.0,Fatehabad,Haryana,29.6,75.60000000000001,29.6,75.60000000000001,2016-12-25 05:06:59.999
1,317402.0,3174.0,31.0,Ludhiana,Punjab,30.700000000000003,76.2,30.700000000000003,76.2,2017-02-18 22:37:14.000
1,317402.0,3174.0,31.0,Ludhiana,Punjab,30.700000000000003,76.2,30.700000000000003,76.2,2017-01-05 23:33:21.000
1,317402.0,3174.0,31.0,Ludhiana,Punjab,30.700000000000003,76.2,30.700000000000003,76.2,2017-01-22 04:14:06.999
1,317402.0,3174.0,31.0,Ludhiana,Punjab,30.700000000000003,76.2,30.700000000000003,76.2,2016-12-03 23:42:00.000
1,317402.0,3174.0,31.0,Ludhiana,Punjab,30.700000000000003,76.2,30.700000000000003,76.2,2017-01-28 22:29:38.000
1,317402.0,3174.0,31.0,Ludhiana,Punjab,30.700000000000003,76.2,30.700000000000003,76.2,2017-01-18 04:51:52.000
1,317402.0,3174.0,31.0,Ludhiana,Punjab,30.700000000000003,76.2,30.700000000000003,76.2,2017-02-02 04:52:25.999
1,317402.0,3174.0,31.0,Ludhiana,Punjab,30.700000000000003,76.2,30.700000000000003,76.2,2016-12-31 01:40:08.000
1,317402.0,3174.0,31.0,Ludhiana,Punjab,30.700000000000003,76.2,30.700000000000003,76.2,2017-02-13 05:11:50.000
1,317402.0,3174.0,31.0,Ludhiana,Punjab,30.700000000000003,76.2,30.700000000000003,76.2,2017-01-08 22:58:58.999
1,317402.0,3174.0,31.0,Ludhiana,Punjab,30.700000000000003,76.2,30.700000000000003,76.2,2017-01-30 05:17:37.999
1,317402.0,3174.0,31.0,Ludhiana,Punjab,30.700000000000003,76.2,30.700000000000003,76.2,2016-12-13 01:56:00.000
1,317402.0,3174.0,31.0,Ludhiana,Punjab,30.700000000000003,76.2,30.700000000000003,76.2,2016-12-17 23:38:00.000
1,317402.0,3174.0,31.0,Ludhiana,Punjab,30.700000000000003,76.2,30.700000000000003,76.2,2017-01-25 04:47:51.000
1,317402.0,3174.0,31.0,Ludhiana,Punjab,30.700000000000003,76.2,30.700000000000003,76.2,2017-03-12 05:44:03.999
1,317402.0,3174.0,31.0,Ludhiana,Punjab,30.700000000000003,76.2,30.700000000000003,76.2,2017-02-04 03:30:21.000
1,317402.0,3174.0,31.0,Ludhiana,Punjab,30.700000000000003,76.2,30.700000000000003,76.2,2017-04-09 05:30:31.999
1,317402.0,3174.0,31.0,Ludhiana,Punjab,30.700000000000003,76.2,30.700000000000003,76.2,2017-02-23 04:15:45.000
1,317402.0,3174.0,31.0,Ludhiana,Punjab,30.700000000000003,76.2,30.700000000000003,76.2,2017-03-04 21:56:48.999
1,317402.0,3174.0,31.0,Ludhiana,Punjab,30.700000000000003,76.2,30.700000000000003,76.2,2017-03-07 05:35:59.000
1,317402.0,3174.0,31.0,Ludhiana,Punjab,30.700000000000003,76.2,,,2017-04-15 03:06:09.792
1,317402.0,3174.0,31.0,Ludhiana,Punjab,30.700000000000003,76.2,,,2017-04-15 03:06:09.792
1,317402.0,3174.0,31.0,Ludhiana,Punjab,30.700000000000003,76.2,30.700000000000003,76.2,2016-11-28 06:04:00.000
1,317402.0,3174.0,31.0,Ludhiana,Punjab,30.700000000000003,76.2,30.700000000000003,76.2,2016-12-02 00:11:00.000
1,317402.0,3174.0,31.0,Ludhiana,Punjab,30.700000000000003,76.2,30.700000000000003,76.2,2016-12-17 03:33:59.999
1,317402.0,3174.0,31.0,Ludhiana,Punjab,30.700000000000003,76.2,,,2017-04-15 03:06:09.792
1,317402.0,3174.0,31.0,Ludhiana,Punjab,30.700000000000003,76.2,,,2017-04-15 03:06:09.792
1,317402.0,3174.0,31.0,Ludhiana,Punjab,30.700000000000003,76.2,30.700000000000003,76.2,2017-01-20 04:04:47.000
1,317402.0,3174.0,31.0,Ludhiana,Punjab,30.700000000000003,76.2,30.700000000000003,76.2,2016-12-29 02:19:59.999
1,317402.0,3174.0,31.0,Ludhiana,Punjab,30.700000000000003,76.2,30.700000000000003,76.2,2017-01-11 01:11:00.000
1,317402.0,3174.0,31.0,Ludhiana,Punjab,30.700000000000003,76.2,30.700000000000003,76.2,2017-02-25 05:51:57.000
1,317402.0,3174.0,31.0,Ludhiana,Punjab,30.700000000000003,76.2,30.700000000000003,76.2,2016-12-06 05:31:00.000
1,317402.0,3174.0,31.0,Ludhiana,Punjab,30.700000000000003,76.2,30.700000000000003,76.2,2017-03-18 07:04:46.000
1,317405.0,3174.0,31.0,Ludhiana,Punjab,30.700000000000003,76.2,30.700000000000003,76.2,2017-01-12 03:30:42.000
1,317405.0,3174.0,31.0,Ludhiana,Punjab,30.700000000000003,76.2,,,2017-04-03 02:55:34.912
1,317405.0,3174.0,31.0,Ludhiana,Punjab,30.700000000000003,76.2,30.700000000000003,76.2,2017-02-12 01:19:39.000
1,317405.0,3174.0,31.0,Ludhiana,Punjab,30.700000000000003,76.2,30.700000000000003,76.2,2017-01-16 00:45:27.000
1,317405.0,3174.0,31.0,Ludhiana,Punjab,30.700000000000003,76.2,30.700000000000003,76.2,2017-01-20 22:47:23.000
1,317405.0,3174.0,31.0,Ludhiana,Punjab,30.700000000000003,76.2,30.700000000000003,76.2,2017-01-10 02:32:10.000
1,317405.0,3174.0,31.0,Ludhiana,Punjab,30.700000000000003,76.2,30.700000000000003,76.2,2017-04-03 01:59:30.000
1,317405.0,3174.0,31.0,Ludhiana,Punjab,30.700000000000003,76.2,30.700000000000003,76.2,2016-12-21 23:16:59.999
1,317405.0,3174.0,31.0,Ludhiana,Punjab,30.700000000000003,76.2,30.700000000000003,76.2,2017-04-03 02:06:38.999
1,317405.0,3174.0,31.0,Ludhiana,Punjab,30.700000000000003,76.2,,,2017-04-03 02:55:34.912
1,317405.0,3174.0,31.0,Ludhiana,Punjab,30.700000000000003,76.2,,,2017-04-03 02:55:34.912
1,317414.0,3174.0,31.0,Ludhiana,Punjab,30.700000000000003,76.2,,,2017-04-15 02:35:34.784
1,317414.0,3174.0,31.0,Ludhiana,Punjab,30.700000000000003,76.2,30.700000000000003,76.2,2016-12-18 01:44:00.000
1,317414.0,3174.0,31.0,Ludhiana,Punjab,30.700000000000003,76.2,,,2017-04-15 02:35:34.784
1,317414.0,3174.0,31.0,Ludhiana,Punjab,30.700000000000003,76.2,,,2017-04-15 02:35:34.784
1,317414.0,3174.0,31.0,Ludhiana,Punjab,30.700000000000003,76.2,,,2017-04-15 02:35:34.784
1,317421.0,3174.0,31.0,Ludhiana,Punjab,30.700000000000003,76.2,30.700000000000003,76.2,2017-01-20 01:49:20.999
1,317421.0,3174.0,31.0,Ludhiana,Punjab,30.700000000000003,76.2,30.700000000000003,76.2,2017-02-24 03:58:32.000
1,317421.0,3174.0,31.0,Ludhiana,Punjab,30.700000000000003,76.2,,,2017-04-03 02:27:10.976
1,317421.0,3174.0,31.0,Ludhiana,Punjab,30.700000000000003,76.2,30.700000000000003,76.2,2017-01-28 22:09:29.000
1,317421.0,3174.0,31.0,Ludhiana,Punjab,30.700000000000003,76.2,30.700000000000003,76.2,2017-01-18 03:17:05.000
1,317421.0,3174.0,31.0,Ludhiana,Punjab,30.700000000000003,76.2,30.700000000000003,76.2,2016-12-19 22:59:00.000
1,317421.0,3174.0,31.0,Ludhiana,Punjab,30.700000000000003,76.2,30.700000000000003,76.2,2017-04-03 01:16:23.999
1,317421.0,3174.0,31.0,Ludhiana,Punjab,30.700000000000003,76.2,30.700000000000003,76.2,2017-04-03 01:43:03.000
1,317421.0,3174.0,31.0,Ludhiana,Punjab,30.700000000000003,76.2,30.700000000000003,76.2,2017-02-20 02:06:35.999
1,317421.0,3174.0,31.0,Ludhiana,Punjab,30.700000000000003,76.2,30.700000000000003,76.2,2017-04-13 00:51:36.000
1,317421.0,3174.0,31.0,Ludhiana,Punjab,30.700000000000003,76.2,30.700000000000003,76.2,2017-01-13 22:11:17.999
1,317421.0,3174.0,31.0,Ludhiana,Punjab,30.700000000000003,76.2,30.700000000000003,76.2,2017-03-01 05:30:52.000
1,317421.0,3174.0,31.0,Ludhiana,Punjab,30.700000000000003,76.2,30.700000000000003,76.2,2017-02-01 01:58:47.999
1,317421.0,3174.0,31.0,Ludhiana,Punjab,30.700000000000003,76.2,30.700000000000003,76.2,2017-01-05 23:24:50.999
1,317421.0,3174.0,31.0,Ludhiana,Punjab,30.700000000000003,76.2,30.700000000000003,76.2,2017-02-16 01:09:10.000
1,317421.0,3174.0,31.0,Ludhiana,Punjab,30.700000000000003,76.2,30.700000000000003,76.2,2017-02-18 00:00:38.999
1,317421.0,3174.0,31.0,Ludhiana,Punjab,30.700000000000003,76.2,30.700000000000003,76.2,2017-02-03 02:05:16.000
1,317421.0,3174.0,31.0,Ludhiana,Punjab,30.700000000000003,76.2,30.700000000000003,76.2,2016-12-24 00:14:59.999
1,317421.0,3174.0,31.0,Ludhiana,Punjab,30.700000000000003,76.2,30.700000000000003,76.2,2017-02-07 03:06:22.000
1,317421.0,3174.0,31.0,Ludhiana,Punjab,30.700000000000003,76.2,30.700000000000003,76.2,2017-04-13 00:53:55.000
1,317421.0,3174.0,31.0,Ludhiana,Punjab,30.700000000000003,76.2,30.700000000000003,76.2,2016-12-22 02:19:59.999
1,317421.0,3174.0,31.0,Ludhiana,Punjab,30.700000000000003,76.2,30.700000000000003,76.2,2017-01-22 01:25:28.000
1,317421.0,3174.0,31.0,Ludhiana,Punjab,30.700000000000003,76.2,30.700000000000003,76.2,2017-03-10 04:10:36.000
1,317421.0,3174.0,31.0,Ludhiana,Punjab,30.700000000000003,76.2,30.700000000000003,76.2,2017-04-03 01:32:45.000
1,317421.0,3174.0,31.0,Ludhiana,Punjab,30.700000000000003,76.2,30.700000000000003,76.2,2017-03-25 01:37:41.999
1,317421.0,3174.0,31.0,Ludhiana,Punjab,30.700000000000003,76.2,30.700000000000003,76.2,2017-04-12 02:04:40.000
1,317421.0,3174.0,31.0,Ludhiana,Punjab,30.700000000000003,76.2,30.700000000000003,76.2,2017-02-11 03:24:47.000
1,317421.0,3174.0,31.0,Ludhiana,Punjab,30.700000000000003,76.2,30.700000000000003,76.2,2017-03-06 02:43:55.999
1,317421.0,3174.0,31.0,Ludhiana,Punjab,30.700000000000003,76.2,30.700000000000003,76.2,2017-03-20 03:30:16.999
1,317421.0,3174.0,31.0,Ludhiana,Punjab,30.700000000000003,76.2,30.700000000000003,76.2,2017-01-16 00:16:35.000
1,317421.0,3174.0,31.0,Ludhiana,Punjab,30.700000000000003,76.2,,,2017-04-03 02:27:10.976
1,317421.0,3174.0,31.0,Ludhiana,Punjab,30.700000000000003,76.2,,,2017-04-03 02:27:10.976
1,317421.0,3174.0,31.0,Ludhiana,Punjab,30.700000000000003,76.2,30.700000000000003,76.2,2017-04-10 04:12:40.999
1,317421.0,3174.0,31.0,Ludhiana,Punjab,30.700000000000003,76.2,30.700000000000003,76.2,2016-12-30 00:19:00.000
1,317421.0,3174.0,31.0,Ludhiana,Punjab,30.700000000000003,76.2,30.700000000000003,76.2,2017-03-16 04:54:37.000
1,317421.0,3174.0,31.0,Ludhiana,Punjab,30.700000000000003,76.2,30.700000000000003,76.2,2017-03-12 04:13:47.999
1,317423.0,3174.0,31.0,Ludhiana,Punjab,30.700000000000003,76.2,30.700000000000003,76.2,2017-01-16 01:02:19.999
1,317423.0,3174.0,31.0,Ludhiana,Punjab,30.700000000000003,76.2,,,2017-04-15 03:47:40.160
1,317423.0,3174.0,31.0,Ludhiana,Punjab,30.700000000000003,76.2,,,2017-04-15 03:47:40.160
1,317423.0,3174.0,31.0,Ludhiana,Punjab,30.700000000000003,76.2,,,2017-04-15 03:47:40.160
1,317423.0,3174.0,31.0,Ludhiana,Punjab,30.700000000000003,76.2,30.700000000000003,76.2,2017-01-14 01:09:32.000
1,317423.0,3174.0,31.0,Ludhiana,Punjab,30.700000000000003,76.2,30.700000000000003,76.2,2017-01-09 02:23:39.000
1,317423.0,3174.0,31.0,Ludhiana,Punjab,30.700000000000003,76.2,30.700000000000003,76.2,2017-01-23 01:37:53.000
1,317423.0,3174.0,31.0,Ludhiana,Punjab,30.700000000000003,76.2,,,2017-04-15 03:47:40.160
1,317423.0,3174.0,31.0,Ludhiana,Punjab,30.700000000000003,76.2,30.700000000000003,76.2,2017-01-02 01:48:02.000
1,317425.0,3174.0,31.0,Ludhiana,Punjab,30.700000000000003,76.2,30.700000000000003,76.2,2016-11-17 23:12:00.000
2,317425.0,3174.0,31.0,Ludhiana,Punjab,30.700000000000003,76.2,,,2017-04-03 03:21:47.776
2,317425.0,3174.0,31.0,Ludhiana,Punjab,30.700000000000003,76.2,30.700000000000003,76.2,2016-11-26 23:35:59.999
2,317425.0,3174.0,31.0,Ludhiana,Punjab,30.700000000000003,76.2,30.700000000000003,76.2,2016-11-26 23:54:00.000
2,317425.0,3174.0,31.0,Ludhiana,Punjab,30.700000000000003,76.2,,,2017-04-03 03:21:47.776
2,317425.0,3174.0,31.0,Ludhiana,Punjab,30.700000000000003,76.2,,,2017-04-03 03:21:47.776
2,317425.0,3174.0,31.0,Ludhiana,Punjab,30.700000000000003,76.2,,,2017-04-03 03:21:47.776
2,317425.0,3174.0,31.0,Ludhiana,Punjab,30.700000000000003,76.2,,,2017-04-03 03:21:47.776
1,317426.0,3174.0,31.0,Ludhiana,Punjab,30.700000000000003,76.2,,,2017-04-15 03:14:54.080
1,317426.0,3174.0,31.0,Ludhiana,Punjab,30.700000000000003,76.2,30.700000000000003,76.2,2016-12-17 05:00:00.000
1,317426.0,3174.0,31.0,Ludhiana,Punjab,30.700000000000003,76.2,,,2017-04-15 03:14:54.080
1,317426.0,3174.0,31.0,Ludhiana,Punjab,30.700000000000003,76.2,30.700000000000003,76.2,2017-03-10 23:09:41.999
1,317426.0,3174.0,31.0,Ludhiana,Punjab,30.700000000000003,76.2,30.700000000000003,76.2,2017-03-23 05:54:32.000
1,317426.0,3174.0,31.0,Ludhiana,Punjab,30.700000000000003,76.2,30.700000000000003,76.2,2017-01-02 01:06:26.999
1,317426.0,3174.0,31.0,Ludhiana,Punjab,30.700000000000003,76.2,30.700000000000003,76.2,2017-04-05 23:03:11.999
1,317426.0,3174.0,31.0,Ludhiana,Punjab,30.700000000000003,76.2,30.700000000000003,76.2,2017-03-14 04:35:33.000
1,317426.0,3174.0,31.0,Ludhiana,Punjab,30.700000000000003,76.2,30.700000000000003,76.2,2017-01-07 04:23:19.000
1,317426.0,3174.0,31.0,Ludhiana,Punjab,30.700000000000003,76.2,30.700000000000003,76.2,2016-12-30 04:02:59.999
1,317426.0,3174.0,31.0,Ludhiana,Punjab,30.700000000000003,76.2,30.700000000000003,76.2,2017-01-16 03:30:08.999
1,317426.0,3174.0,31.0,Ludhiana,Punjab,30.700000000000003,76.2,30.700000000000003,76.2,2016-12-12 04:53:00.000
1,317426.0,3174.0,31.0,Ludhiana,Punjab,30.700000000000003,76.2,30.700000000000003,76.2,2017-03-17 03:55:25.999
1,317426.0,3174.0,31.0,Ludhiana,Punjab,30.700000000000003,76.2,30.700000000000003,76.2,2017-03-26 22:41:45.999
1,317426.0,3174.0,31.0,Ludhiana,Punjab,30.700000000000003,76.2,30.700000000000003,76.2,2017-04-08 23:32:00.999
1,317426.0,3174.0,31.0,Ludhiana,Punjab,30.700000000000003,76.2,30.700000000000003,76.2,2017-01-08 22:45:56.000
1,317426.0,3174.0,31.0,Ludhiana,Punjab,30.700000000000003,76.2,30.700000000000003,76.2,2017-04-12 02:20:28.000
1,317426.0,3174.0,31.0,Ludhiana,Punjab,30.700000000000003,76.2,30.700000000000003,76.2,2017-03-02 01:34:34.000
1,317426.0,3174.0,31.0,Ludhiana,Punjab,30.700000000000003,76.2,30.700000000000003,76.2,2017-04-05 23:05:14.000
1,317426.0,3174.0,31.0,Ludhiana,Punjab,30.700000000000003,76.2,30.700000000000003,76.2,2016-12-25 23:50:00.000
1,317426.0,3174.0,31.0,Ludhiana,Punjab,30.700000000000003,76.2,30.700000000000003,76.2,2016-12-21 02:06:59.999
1,317426.0,3174.0,31.0,Ludhiana,Punjab,30.700000000000003,76.2,30.700000000000003,76.2,2017-03-05 21:40:43.999
1,317426.0,3174.0,31.0,Ludhiana,Punjab,30.700000000000003,76.2,30.700000000000003,76.2,2017-01-19 23:52:59.000
1,317426.0,3174.0,31.0,Ludhiana,Punjab,30.700000000000003,76.2,,,2017-04-15 03:14:54.080
1,317426.0,3174.0,31.0,Ludhiana,Punjab,30.700000000000003,76.2,,,2017-04-15 03:14:54.080
1,317426.0,3174.0,31.0,Ludhiana,Punjab,30.700000000000003,76.2,30.700000000000003,76.2,2017-01-04 03:35:35.000
1,317426.0,3174.0,31.0,Ludhiana,Punjab,30.700000000000003,76.2,30.700000000000003,76.2,2016-12-27 22:28:59.999
1,317426.0,3174.0,31.0,Ludhiana,Punjab,30.700000000000003,76.2,30.700000000000003,76.2,2017-01-11 00:05:21.000
1,317426.0,3174.0,31.0,Ludhiana,Punjab,30.700000000000003,76.2,30.700000000000003,76.2,2017-01-23 22:30:30.000
2,317429.0,3174.0,31.0,Ludhiana,Punjab,30.700000000000003,76.2,30.700000000000003,76.2,2017-01-02 22:47:26.000
2,317429.0,3174.0,31.0,Ludhiana,Punjab,30.700000000000003,76.2,30.700000000000003,76.2,2016-11-19 00:17:59.999
2,317429.0,3174.0,31.0,Ludhiana,Punjab,30.700000000000003,76.2,30.700000000000003,76.2,2016-12-05 03:36:59.999
2,317429.0,3174.0,31.0,Ludhiana,Punjab,30.700000000000003,76.2,,,2017-04-03 01:34:45.248
2,317429.0,3174.0,31.0,Ludhiana,Punjab,30.700000000000003,76.2,30.700000000000003,76.2,2017-02-03 01:07:01.000
2,317429.0,3174.0,31.0,Ludhiana,Punjab,30.700000000000003,76.2,30.700000000000003,76.2,2017-01-09 01:02:32.000
2,317429.0,3174.0,31.0,Ludhiana,Punjab,30.700000000000003,76.2,30.700000000000003,76.2,2016-11-30 00:52:00.000
2,317429.0,3174.0,31.0,Ludhiana,Punjab,30.700000000000003,76.2,30.700000000000003,76.2,2016-07-29 04:57:59.999
2,317429.0,3174.0,31.0,Ludhiana,Punjab,30.700000000000003,76.2,30.700000000000003,76.2,2017-03-25 06:38:47.000
2,317429.0,3174.0,31.0,Ludhiana,Punjab,30.700000000000003,76.2,,,2017-04-03 01:34:45.248
2,317429.0,3174.0,31.0,Ludhiana,Punjab,30.700000000000003,76.2,30.700000000000003,76.2,2016-12-23 06:01:00.000
2,317429.0,3174.0,31.0,Ludhiana,Punjab,30.700000000000003,76.2,30.700000000000003,76.2,2017-03-05 03:39:45.000
2,317429.0,3174.0,31.0,Ludhiana,Punjab,30.700000000000003,76.2,30.700000000000003,76.2,2016-11-19 22:53:00.000
2,317429.0,3174.0,31.0,Ludhiana,Punjab,30.700000000000003,76.2,,,2017-04-03 01:34:45.248
2,317429.0,3174.0,31.0,Ludhiana,Punjab,30.700000000000003,76.2,30.700000000000003,76.2,2016-12-30 05:00:59.999
2,317429.0,3174.0,31.0,Ludhiana,Punjab,30.700000000000003,76.2,30.700000000000003,76.2,2017-03-02 22:11:33.999
1,317435.0,3174.0,31.0,Ludhiana,Punjab,30.700000000000003,76.2,30.700000000000003,76.2,2016-12-18 02:02:00.000
1,317435.0,3174.0,31.0,Ludhiana,Punjab,30.700000000000003,76.2,,,2017-04-03 03:06:30.272
1,317435.0,3174.0,31.0,Ludhiana,Punjab,30.700000000000003,76.2,,,2017-04-03 03:06:30.272
1,317435.0,3174.0,31.0,Ludhiana,Punjab,30.700000000000003,76.2,30.700000000000003,76.2,2016-12-23 02:00:59.999
1,317435.0,3174.0,31.0,Ludhiana,Punjab,30.700000000000003,76.2,,,2017-04-03 03:06:30.272
1,317435.0,3174.0,31.0,Ludhiana,Punjab,30.700000000000003,76.2,30.700000000000003,76.2,2016-12-21 23:08:00.000
1,317435.0,3174.0,31.0,Ludhiana,Punjab,30.700000000000003,76.2,,,2017-04-03 03:06:30.272
1,317435.0,3174.0,31.0,Ludhiana,Punjab,30.700000000000003,76.2,,,2017-04-03 03:06:30.272
1,318809.0,3188.0,19.0,Ludhiana,Punjab,30.8,75.9,30.900000000000002,75.9,2017-01-05 17:18:17.999
1,318809.0,3188.0,19.0,Ludhiana,Punjab,30.8,75.9,30.8,75.8,2017-01-13 17:49:45.999
1,318809.0,3188.0,19.0,Ludhiana,Punjab,30.8,75.9,,,2017-04-02 03:15:38.112
1,318809.0,3188.0,19.0,Ludhiana,Punjab,30.8,75.9,30.8,75.8,2017-04-02 02:20:44.000
1,318809.0,3188.0,19.0,Ludhiana,Punjab,30.8,75.9,,,2017-04-02 03:15:38.112
1,318809.0,3188.0,19.0,Ludhiana,Punjab,30.8,75.9,30.8,75.8,2017-04-02 02:15:35.000
1,318809.0,3188.0,19.0,Ludhiana,Punjab,30.8,75.9,,,2017-04-02 03:15:38.112
2,318817.0,3188.0,19.0,Ludhiana,Punjab,30.8,75.9,,,2017-04-02 02:05:43.808
2,318817.0,3188.0,19.0,Ludhiana,Punjab,30.8,75.9,,,2017-04-02 02:05:43.808
2,318817.0,3188.0,19.0,Ludhiana,Punjab,30.8,75.9,30.8,75.8,2017-01-25 01:28:05.999
2,318817.0,3188.0,19.0,Ludhiana,Punjab,30.8,75.9,30.8,75.8,2017-02-01 00:05:13.000
2,318817.0,3188.0,19.0,Ludhiana,Punjab,30.8,75.9,30.8,75.8,2017-01-27 01:43:43.000
2,318817.0,3188.0,19.0,Ludhiana,Punjab,30.8,75.9,30.8,75.8,2016-11-24 00:39:00.000
2,318817.0,3188.0,19.0,Ludhiana,Punjab,30.8,75.9,30.8,75.8,2016-12-25 00:59:59.999
2,318817.0,3188.0,19.0,Ludhiana,Punjab,30.8,75.9,30.8,75.8,2017-04-02 01:33:01.000
2,318817.0,3188.0,19.0,Ludhiana,Punjab,30.8,75.9,,,2017-04-02 02:05:43.808
2,318817.0,3188.0,19.0,Ludhiana,Punjab,30.8,75.9,,,2017-04-02 02:05:43.808
2,318817.0,3188.0,19.0,Ludhiana,Punjab,30.8,75.9,,,2017-04-02 02:05:43.808
1,318824.0,3188.0,19.0,Ludhiana,Punjab,30.8,75.9,,,2017-04-02 03:39:39.904
1,318824.0,3188.0,19.0,Ludhiana,Punjab,30.8,75.9,30.8,75.9,2017-01-22 23:42:24.000
1,318824.0,3188.0,19.0,Ludhiana,Punjab,30.8,75.9,30.8,75.8,2017-02-16 01:37:48.000
1,318824.0,3188.0,19.0,Ludhiana,Punjab,30.8,75.9,,,2017-04-02 03:39:39.904
1,318824.0,3188.0,19.0,Ludhiana,Punjab,30.8,75.9,,,2017-04-02 03:39:39.904
1,318824.0,3188.0,19.0,Ludhiana,Punjab,30.8,75.9,30.8,75.8,2017-02-05 00:03:17.999
1,318824.0,3188.0,19.0,Ludhiana,Punjab,30.8,75.9,30.8,75.8,2017-02-09 00:58:30.999
1,318824.0,3188.0,19.0,Ludhiana,Punjab,30.8,75.9,30.8,75.8,2017-01-21 01:28:51.000
1,318824.0,3188.0,19.0,Ludhiana,Punjab,30.8,75.9,30.8,75.8,2017-02-05 00:02:40.000
1,318830.0,3188.0,19.0,Ludhiana,Punjab,30.8,75.9,,,2017-04-02 02:49:25.248
1,318830.0,3188.0,19.0,Ludhiana,Punjab,30.8,75.9,30.8,75.8,2017-03-05 02:05:41.999
1,318830.0,3188.0,19.0,Ludhiana,Punjab,30.8,75.9,,,2017-04-02 02:49:25.248
1,318830.0,3188.0,19.0,Ludhiana,Punjab,30.8,75.9,,,2017-04-02 02:49:25.248
1,318830.0,3188.0,19.0,Ludhiana,Punjab,30.8,75.9,,,2017-04-02 02:49:25.248
1,318830.0,3188.0,19.0,Ludhiana,Punjab,30.8,75.9,,,2017-04-02 02:49:25.248
1,318831.0,3188.0,19.0,Ludhiana,Punjab,30.8,75.9,,,2017-04-02 04:49:34.208
1,318831.0,3188.0,19.0,Ludhiana,Punjab,30.8,75.9,30.8,75.8,2016-11-24 00:11:59.999
1,318831.0,3188.0,19.0,Ludhiana,Punjab,30.8,75.9,,,2017-04-02 04:49:34.208
1,318831.0,3188.0,19.0,Ludhiana,Punjab,30.8,75.9,30.8,75.8,2017-01-19 01:14:28.000
1,318831.0,3188.0,19.0,Ludhiana,Punjab,30.8,75.9,30.8,75.8,2017-02-26 23:14:53.999
1,318831.0,3188.0,19.0,Ludhiana,Punjab,30.8,75.9,30.8,75.8,2017-04-02 03:55:51.000
1,318831.0,3188.0,19.0,Ludhiana,Punjab,30.8,75.9,30.8,75.8,2017-01-12 23:36:02.000
1,318831.0,3188.0,19.0,Ludhiana,Punjab,30.8,75.9,30.8,75.8,2016-11-17 23:05:00.000
1,318831.0,3188.0,19.0,Ludhiana,Punjab,30.8,75.9,30.8,75.8,2017-04-02 03:49:21.000
1,318831.0,3188.0,19.0,Ludhiana,Punjab,30.8,75.9,30.8,75.8,2017-03-27 23:55:02.000
1,318831.0,3188.0,19.0,Ludhiana,Punjab,30.8,75.9,30.8,75.8,2016-11-15 00:59:00.000
1,318831.0,3188.0,19.0,Ludhiana,Punjab,30.8,75.9,30.8,75.8,2016-11-29 03:24:59.999
1,318831.0,3188.0,19.0,Ludhiana,Punjab,30.8,75.9,30.8,75.8,2017-02-08 23:55:10.000
1,318831.0,3188.0,19.0,Ludhiana,Punjab,30.8,75.9,,,2017-04-02 04:49:34.208
1,318834.0,3188.0,19.0,Ludhiana,Punjab,30.8,75.9,,,2017-04-02 05:41:59.936
1,318834.0,3188.0,19.0,Ludhiana,Punjab,30.8,75.9,30.8,75.8,2016-11-15 00:42:00.000
1,318834.0,3188.0,19.0,Ludhiana,Punjab,30.8,75.9,30.8,75.8,2016-11-15 00:43:00.000
1,318834.0,3188.0,19.0,Ludhiana,Punjab,30.8,75.9,,,2017-04-02 05:41:59.936
1,318834.0,3188.0,19.0,Ludhiana,Punjab,30.8,75.9,,,2017-04-02 05:41:59.936
1,318834.0,3188.0,19.0,Ludhiana,Punjab,30.8,75.9,,,2017-04-02 05:41:59.936
1,318834.0,3188.0,19.0,Ludhiana,Punjab,30.8,75.9,,,2017-04-02 05:41:59.936
1,322302.0,3223.0,17.0,Ludhiana,Punjab,30.700000000000003,76.2,,,2017-04-03 02:57:45.984
1,322302.0,3223.0,17.0,Ludhiana,Punjab,30.700000000000003,76.2,,,2017-04-03 02:57:45.984
1,322302.0,3223.0,17.0,Ludhiana,Punjab,30.700000000000003,76.2,,,2017-04-03 02:57:45.984
1,322302.0,3223.0,17.0,Ludhiana,Punjab,30.700000000000003,76.2,,,2017-04-03 02:57:45.984
1,322302.0,3223.0,17.0,Ludhiana,Punjab,30.700000000000003,76.2,30.700000000000003,76.10000000000001,2017-02-12 23:03:46.000
1,322302.0,3223.0,17.0,Ludhiana,Punjab,30.700000000000003,76.2,30.700000000000003,76.10000000000001,2017-02-12 23:01:26.999
1,322302.0,3223.0,17.0,Ludhiana,Punjab,30.700000000000003,76.2,,,2017-04-03 02:57:45.984
1,322302.0,3223.0,17.0,Ludhiana,Punjab,30.700000000000003,76.2,30.700000000000003,76.10000000000001,2017-01-09 23:00:26.000
1,322303.0,3223.0,17.0,Ludhiana,Punjab,30.700000000000003,76.2,30.700000000000003,76.10000000000001,2016-12-28 13:41:00.000
1,322303.0,3223.0,17.0,Ludhiana,Punjab,30.700000000000003,76.2,30.700000000000003,76.10000000000001,2016-12-30 11:31:00.000
1,322303.0,3223.0,17.0,Ludhiana,Punjab,30.700000000000003,76.2,30.700000000000003,76.10000000000001,2016-12-30 11:32:00.000
1,322305.0,3223.0,17.0,Ludhiana,Punjab,30.700000000000003,76.2,30.700000000000003,76.10000000000001,2017-02-21 01:15:11.999
1,322305.0,3223.0,17.0,Ludhiana,Punjab,30.700000000000003,76.2,30.700000000000003,76.10000000000001,2017-02-15 02:45:43.000
1,322305.0,3223.0,17.0,Ludhiana,Punjab,30.700000000000003,76.2,30.700000000000003,76.10000000000001,2016-11-13 23:35:00.000
1,322305.0,3223.0,17.0,Ludhiana,Punjab,30.700000000000003,76.2,,,2017-04-03 04:46:59.584
1,322305.0,3223.0,17.0,Ludhiana,Punjab,30.700000000000003,76.2,30.700000000000003,76.10000000000001,2017-01-29 00:47:15.000
1,322305.0,3223.0,17.0,Ludhiana,Punjab,30.700000000000003,76.2,30.700000000000003,76.10000000000001,2017-01-25 01:45:34.999
1,322305.0,3223.0,17.0,Ludhiana,Punjab,30.700000000000003,76.2,,,2017-04-03 04:46:59.584
1,322305.0,3223.0,17.0,Ludhiana,Punjab,30.700000000000003,76.2,30.700000000000003,76.10000000000001,2017-01-20 00:34:02.000
1,322305.0,3223.0,17.0,Ludhiana,Punjab,30.700000000000003,76.2,30.700000000000003,76.10000000000001,2017-01-06 02:15:36.999
1,322305.0,3223.0,17.0,Ludhiana,Punjab,30.700000000000003,76.2,30.700000000000003,76.10000000000001,2017-02-27 01:07:31.999
1,322305.0,3223.0,17.0,Ludhiana,Punjab,30.700000000000003,76.2,30.700000000000003,76.10000000000001,2017-02-02 03:16:41.999
1,322305.0,3223.0,17.0,Ludhiana,Punjab,30.700000000000003,76.2,30.700000000000003,76.10000000000001,2017-01-15 01:28:03.000
1,322305.0,3223.0,17.0,Ludhiana,Punjab,30.700000000000003,76.2,,,2017-04-03 04:46:59.584
1,322305.0,3223.0,17.0,Ludhiana,Punjab,30.700000000000003,76.2,30.700000000000003,76.10000000000001,2016-12-27 00:11:00.000
1,322305.0,3223.0,17.0,Ludhiana,Punjab,30.700000000000003,76.2,30.700000000000003,76.10000000000001,2017-02-11 01:41:29.000
1,322307.0,3223.0,17.0,Ludhiana,Punjab,30.700000000000003,76.2,30.700000000000003,76.10000000000001,2017-03-06 23:01:14.000
1,322307.0,3223.0,17.0,Ludhiana,Punjab,30.700000000000003,76.2,30.700000000000003,76.10000000000001,2017-04-03 01:27:11.999
1,322307.0,3223.0,17.0,Ludhiana,Punjab,30.700000000000003,76.2,,,2017-04-03 02:29:22.048
1,322307.0,3223.0,17.0,Ludhiana,Punjab,30.700000000000003,76.2,,,2017-04-03 02:29:22.048
1,322307.0,3223.0,17.0,Ludhiana,Punjab,30.700000000000003,76.2,30.700000000000003,76.10000000000001,2017-04-03 01:20:20.000
1,322307.0,3223.0,17.0,Ludhiana,Punjab,30.700000000000003,76.2,,,2017-04-03 02:29:22.048
1,322315.0,3223.0,17.0,Ludhiana,Punjab,30.700000000000003,76.2,,,2017-04-03 04:03:18.144
1,322315.0,3223.0,17.0,Ludhiana,Punjab,30.700000000000003,76.2,,,2017-04-03 04:03:18.144
1,322315.0,3223.0,17.0,Ludhiana,Punjab,30.700000000000003,76.2,30.700000000000003,76.10000000000001,2017-01-08 23:44:00.000
1,322315.0,3223.0,17.0,Ludhiana,Punjab,30.700000000000003,76.2,,,2017-04-03 04:03:18.144
1,322315.0,3223.0,17.0,Ludhiana,Punjab,30.700000000000003,76.2,30.700000000000003,76.10000000000001,2017-01-07 02:07:13.999
1,322315.0,3223.0,17.0,Ludhiana,Punjab,30.700000000000003,76.2,,,2017-04-03 04:03:18.144
1,322315.0,3223.0,17.0,Ludhiana,Punjab,30.700000000000003,76.2,,,2017-04-03 04:03:18.144
1,322317.0,3223.0,17.0,Ludhiana,Punjab,30.700000000000003,76.2,30.700000000000003,76.10000000000001,2016-12-23 00:49:00.000
1,322317.0,3223.0,17.0,Ludhiana,Punjab,30.700000000000003,76.2,30.700000000000003,76.10000000000001,2017-03-16 03:37:05.999
1,322317.0,3223.0,17.0,Ludhiana,Punjab,30.700000000000003,76.2,30.700000000000003,76.10000000000001,2017-03-11 02:23:01.000
1,322317.0,3223.0,17.0,Ludhiana,Punjab,30.700000000000003,76.2,30.700000000000003,76.10000000000001,2016-12-14 00:24:59.999
1,322317.0,3223.0,17.0,Ludhiana,Punjab,30.700000000000003,76.2,30.700000000000003,76.10000000000001,2017-01-27 02:31:59.000
1,322317.0,3223.0,17.0,Ludhiana,Punjab,30.700000000000003,76.2,30.700000000000003,76.10000000000001,2017-04-03 00:47:33.000
1,322317.0,3223.0,17.0,Ludhiana,Punjab,30.700000000000003,76.2,30.700000000000003,76.10000000000001,2016-12-28 02:39:59.999
1,322317.0,3223.0,17.0,Ludhiana,Punjab,30.700000000000003,76.2,30.700000000000003,76.10000000000001,2016-11-13 18:56:59.999
1,322317.0,3223.0,17.0,Ludhiana,Punjab,30.700000000000003,76.2,30.700000000000003,76.10000000000001,2016-11-13 18:52:00.000
1,322317.0,3223.0,17.0,Ludhiana,Punjab,30.700000000000003,76.2,,,2017-04-03 01:39:07.392
1,322317.0,3223.0,17.0,Ludhiana,Punjab,30.700000000000003,76.2,30.700000000000003,76.10000000000001,2016-12-30 00:11:00.000
1,322317.0,3223.0,17.0,Ludhiana,Punjab,30.700000000000003,76.2,,,2017-04-03 01:39:07.392
1,322317.0,3223.0,17.0,Ludhiana,Punjab,30.700000000000003,76.2,30.700000000000003,76.10000000000001,2017-02-20 22:56:14.999
1,322317.0,3223.0,17.0,Ludhiana,Punjab,30.700000000000003,76.2,30.700000000000003,76.10000000000001,2017-03-11 02:20:45.999
1,322317.0,3223.0,17.0,Ludhiana,Punjab,30.700000000000003,76.2,,,2017-04-03 01:39:07.392
1,322317.0,3223.0,17.0,Ludhiana,Punjab,30.700000000000003,76.2,30.700000000000003,76.10000000000001,2017-03-30 00:01:35.000
1,322317.0,3223.0,17.0,Ludhiana,Punjab,30.700000000000003,76.2,30.700000000000003,76.10000000000001,2017-02-06 01:12:07.000
1,322317.0,3223.0,17.0,Ludhiana,Punjab,30.700000000000003,76.2,30.700000000000003,76.10000000000001,2017-03-13 05:32:02.000
1,322317.0,3223.0,17.0,Ludhiana,Punjab,30.700000000000003,76.2,30.700000000000003,76.10000000000001,2017-02-21 22:54:18.999
1,322317.0,3223.0,17.0,Ludhiana,Punjab,30.700000000000003,76.2,30.700000000000003,76.10000000000001,2017-01-12 22:51:12.000
1,322317.0,3223.0,17.0,Ludhiana,Punjab,30.700000000000003,76.2,30.700000000000003,76.10000000000001,2017-03-02 02:05:50.000
1,322317.0,3223.0,17.0,Ludhiana,Punjab,30.700000000000003,76.2,30.700000000000003,76.10000000000001,2017-03-03 04:16:09.000
1,322317.0,3223.0,17.0,Ludhiana,Punjab,30.700000000000003,76.2,30.700000000000003,76.10000000000001,2017-02-24 00:11:40.000
1,322317.0,3223.0,17.0,Ludhiana,Punjab,30.700000000000003,76.2,30.700000000000003,76.10000000000001,2016-11-13 18:46:59.999
1,322317.0,3223.0,17.0,Ludhiana,Punjab,30.700000000000003,76.2,30.700000000000003,76.10000000000001,2017-03-16 03:38:23.000
1,322320.0,3223.0,17.0,Ludhiana,Punjab,30.700000000000003,76.2,30.700000000000003,76.10000000000001,2017-03-26 23:53:20.999
1,322320.0,3223.0,17.0,Ludhiana,Punjab,30.700000000000003,76.2,,,2017-04-03 04:31:42.080
1,322320.0,3223.0,17.0,Ludhiana,Punjab,30.700000000000003,76.2,30.700000000000003,76.10000000000001,2017-03-09 22:40:29.000
1,322320.0,3223.0,17.0,Ludhiana,Punjab,30.700000000000003,76.2,30.700000000000003,76.10000000000001,2016-11-24 22:28:00.000
1,322320.0,3223.0,17.0,Ludhiana,Punjab,30.700000000000003,76.2,30.700000000000003,76.10000000000001,2017-02-24 22:42:04.999
1,322320.0,3223.0,17.0,Ludhiana,Punjab,30.700000000000003,76.2,30.700000000000003,76.10000000000001,2016-11-17 22:47:59.999
1,322320.0,3223.0,17.0,Ludhiana,Punjab,30.700000000000003,76.2,30.700000000000003,76.10000000000001,2016-12-26 00:22:00.000
1,322320.0,3223.0,17.0,Ludhiana,Punjab,30.700000000000003,76.2,30.700000000000003,76.10000000000001,2017-02-07 22:28:46.000
1,322320.0,3223.0,17.0,Ludhiana,Punjab,30.700000000000003,76.2,30.700000000000003,76.10000000000001,2017-01-07 22:55:41.000
1,322320.0,3223.0,17.0,Ludhiana,Punjab,30.700000000000003,76.2,,,2017-04-03 04:31:42.080
1,322320.0,3223.0,17.0,Ludhiana,Punjab,30.700000000000003,76.2,30.700000000000003,76.10000000000001,2016-12-13 23:00:59.999
1,322320.0,3223.0,17.0,Ludhiana,Punjab,30.700000000000003,76.2,30.700000000000003,76.10000000000001,2017-01-09 23:02:49.000
1,322320.0,3223.0,17.0,Ludhiana,Punjab,30.700000000000003,76.2,30.700000000000003,76.10000000000001,2017-02-02 23:10:07.000
1,322320.0,3223.0,17.0,Ludhiana,Punjab,30.700000000000003,76.2,30.700000000000003,76.10000000000001,2017-01-03 23:10:56.000
1,322320.0,3223.0,17.0,Ludhiana,Punjab,30.700000000000003,76.2,30.700000000000003,76.10000000000001,2017-04-11 23:48:27.000
1,322320.0,3223.0,17.0,Ludhiana,Punjab,30.700000000000003,76.2,30.700000000000003,76.10000000000001,2017-01-29 22:57:19.000
1,322320.0,3223.0,17.0,Ludhiana,Punjab,30.700000000000003,76.2,30.700000000000003,76.10000000000001,2016-11-20 22:30:00.000
1,322320.0,3223.0,17.0,Ludhiana,Punjab,30.700000000000003,76.2,30.700000000000003,76.10000000000001,2017-01-26 02:11:23.000
1,322320.0,3223.0,17.0,Ludhiana,Punjab,30.700000000000003,76.2,30.700000000000003,76.10000000000001,2016-12-12 00:11:59.999
1,322320.0,3223.0,17.0,Ludhiana,Punjab,30.700000000000003,76.2,30.700000000000003,76.10000000000001,2016-12-15 23:35:00.000
1,322320.0,3223.0,17.0,Ludhiana,Punjab,30.700000000000003,76.2,30.700000000000003,76.10000000000001,2016-12-09 23:38:00.000
1,322320.0,3223.0,17.0,Ludhiana,Punjab,30.700000000000003,76.2,30.700000000000003,76.10000000000001,2017-01-11 23:06:56.000
1,322320.0,3223.0,17.0,Ludhiana,Punjab,30.700000000000003,76.2,30.700000000000003,76.10000000000001,2017-04-03 03:27:19.000
1,322320.0,3223.0,17.0,Ludhiana,Punjab,30.700000000000003,76.2,30.700000000000003,76.10000000000001,2016-12-05 22:47:59.999
1,322320.0,3223.0,17.0,Ludhiana,Punjab,30.700000000000003,76.2,30.700000000000003,76.10000000000001,2016-12-18 22:30:00.000
1,322320.0,3223.0,17.0,Ludhiana,Punjab,30.700000000000003,76.2,30.700000000000003,76.10000000000001,2017-02-14 22:40:01.000
1,322320.0,3223.0,17.0,Ludhiana,Punjab,30.700000000000003,76.2,30.700000000000003,76.10000000000001,2017-03-07 22:52:20.000
1,322320.0,3223.0,17.0,Ludhiana,Punjab,30.700000000000003,76.2,30.700000000000003,76.10000000000001,2016-11-08 22:50:00.000
1,322320.0,3223.0,17.0,Ludhiana,Punjab,30.700000000000003,76.2,30.700000000000003,76.10000000000001,2017-01-27 22:52:07.000
1,322320.0,3223.0,17.0,Ludhiana,Punjab,30.700000000000003,76.2,30.700000000000003,76.10000000000001,2017-01-18 23:12:59.000
1,322320.0,3223.0,17.0,Ludhiana,Punjab,30.700000000000003,76.2,30.700000000000003,76.10000000000001,2017-02-05 22:54:53.999
1,322320.0,3223.0,17.0,Ludhiana,Punjab,30.700000000000003,76.2,30.700000000000003,76.10000000000001,2016-11-22 22:31:59.999
1,322320.0,3223.0,17.0,Ludhiana,Punjab,30.700000000000003,76.2,30.700000000000003,76.10000000000001,2017-01-20 22:41:08.999
1,322320.0,3223.0,17.0,Ludhiana,Punjab,30.700000000000003,76.2,30.700000000000003,76.10000000000001,2016-12-13 23:00:00.000
1,322320.0,3223.0,17.0,Ludhiana,Punjab,30.700000000000003,76.2,30.700000000000003,76.10000000000001,2017-02-09 22:30:48.000
1,322320.0,3223.0,17.0,Ludhiana,Punjab,30.700000000000003,76.2,30.700000000000003,76.10000000000001,2016-12-27 22:40:00.000
1,322320.0,3223.0,17.0,Ludhiana,Punjab,30.700000000000003,76.2,30.700000000000003,76.10000000000001,2017-01-23 22:53:00.999
1,322320.0,3223.0,17.0,Ludhiana,Punjab,30.700000000000003,76.2,30.700000000000003,76.10000000000001,2017-02-26 23:34:36.000
1,322320.0,3223.0,17.0,Ludhiana,Punjab,30.700000000000003,76.2,30.700000000000003,76.10000000000001,2016-12-22 22:41:59.999
1,322320.0,3223.0,17.0,Ludhiana,Punjab,30.700000000000003,76.2,30.700000000000003,76.10000000000001,2016-11-16 22:53:00.000
1,322320.0,3223.0,17.0,Ludhiana,Punjab,30.700000000000003,76.2,30.700000000000003,76.10000000000001,2017-02-12 22:46:19.000
1,322320.0,3223.0,17.0,Ludhiana,Punjab,30.700000000000003,76.2,30.700000000000003,76.10000000000001,2016-12-29 23:02:00.000
1,322320.0,3223.0,17.0,Ludhiana,Punjab,30.700000000000003,76.2,30.700000000000003,76.10000000000001,2017-03-02 22:59:17.999
1,322320.0,3223.0,17.0,Ludhiana,Punjab,30.700000000000003,76.2,30.700000000000003,76.10000000000001,2016-12-20 22:37:00.000
1,322320.0,3223.0,17.0,Ludhiana,Punjab,30.700000000000003,76.2,,,2017-04-03 04:31:42.080
1,322320.0,3223.0,17.0,Ludhiana,Punjab,30.700000000000003,76.2,30.700000000000003,76.10000000000001,2017-01-13 22:51:26.000
1,322320.0,3223.0,17.0,Ludhiana,Punjab,30.700000000000003,76.2,30.700000000000003,76.10000000000001,2017-03-31 23:31:43.000
1,322320.0,3223.0,17.0,Ludhiana,Punjab,30.700000000000003,76.2,30.700000000000003,76.10000000000001,2017-03-21 23:31:33.000
1,322320.0,3223.0,17.0,Ludhiana,Punjab,30.700000000000003,76.2,30.700000000000003,76.10000000000001,2017-04-02 23:32:27.999
1,322320.0,3223.0,17.0,Ludhiana,Punjab,30.700000000000003,76.2,30.700000000000003,76.10000000000001,2017-03-12 23:47:08.000
1,322320.0,3223.0,17.0,Ludhiana,Punjab,30.700000000000003,76.2,30.700000000000003,76.10000000000001,2017-01-01 23:08:00.000
1,322320.0,3223.0,17.0,Ludhiana,Punjab,30.700000000000003,76.2,30.700000000000003,76.10000000000001,2017-02-28 22:56:46.000
1,322320.0,3223.0,17.0,Ludhiana,Punjab,30.700000000000003,76.2,30.700000000000003,76.10000000000001,2016-11-10 22:43:00.000
1,322320.0,3223.0,17.0,Ludhiana,Punjab,30.700000000000003,76.2,30.700000000000003,76.10000000000001,2017-04-06 23:38:30.999
1,322320.0,3223.0,17.0,Ludhiana,Punjab,30.700000000000003,76.2,30.700000000000003,76.10000000000001,2016-12-07 23:35:00.000
1,322320.0,3223.0,17.0,Ludhiana,Punjab,30.700000000000003,76.2,30.700000000000003,76.10000000000001,2016-11-27 22:44:00.000
1,322322.0,3223.0,17.0,Ludhiana,Punjab,30.700000000000003,76.2,,,2017-04-03 02:33:44.192
1,322322.0,3223.0,17.0,Ludhiana,Punjab,30.700000000000003,76.2,30.700000000000003,76.10000000000001,2016-11-28 01:02:59.999
1,322322.0,3223.0,17.0,Ludhiana,Punjab,30.700000000000003,76.2,30.700000000000003,76.10000000000001,2016-11-24 00:04:00.000
1,322322.0,3223.0,17.0,Ludhiana,Punjab,30.700000000000003,76.2,30.700000000000003,76.10000000000001,2016-11-19 01:18:00.000
1,322322.0,3223.0,17.0,Ludhiana,Punjab,30.700000000000003,76.2,30.700000000000003,76.10000000000001,2016-12-01 22:57:00.000
1,322322.0,3223.0,17.0,Ludhiana,Punjab,30.700000000000003,76.2,30.700000000000003,76.10000000000001,2016-11-29 22:33:00.000
1,322322.0,3223.0,17.0,Ludhiana,Punjab,30.700000000000003,76.2,,,2017-04-03 02:33:44.192
1,322322.0,3223.0,17.0,Ludhiana,Punjab,30.700000000000003,76.2,30.700000000000003,76.10000000000001,2016-11-14 02:26:59.999
1,322322.0,3223.0,17.0,Ludhiana,Punjab,30.700000000000003,76.2,30.700000000000003,76.10000000000001,2016-11-21 00:38:00.000
1,322322.0,3223.0,17.0,Ludhiana,Punjab,30.700000000000003,76.2,,,2017-04-03 02:33:44.192
1,322322.0,3223.0,17.0,Ludhiana,Punjab,30.700000000000003,76.2,,,2017-04-03 02:33:44.192
1,322322.0,3223.0,17.0,Ludhiana,Punjab,30.700000000000003,76.2,,,2017-04-03 02:33:44.192
1,322325.0,3223.0,17.0,Ludhiana,Punjab,30.700000000000003,76.2,30.700000000000003,76.10000000000001,2016-11-30 05:12:00.000
1,322325.0,3223.0,17.0,Ludhiana,Punjab,30.700000000000003,76.2,30.700000000000003,76.10000000000001,2017-02-14 02:35:34.000
1,322325.0,3223.0,17.0,Ludhiana,Punjab,30.700000000000003,76.2,30.700000000000003,76.10000000000001,2016-11-16 00:33:59.999
1,322325.0,3223.0,17.0,Ludhiana,Punjab,30.700000000000003,76.2,30.700000000000003,76.10000000000001,2017-03-14 20:06:43.999
1,322325.0,3223.0,17.0,Ludhiana,Punjab,30.700000000000003,76.2,30.700000000000003,76.10000000000001,2016-11-26 04:38:00.000
1,322325.0,3223.0,17.0,Ludhiana,Punjab,30.700000000000003,76.2,30.700000000000003,76.10000000000001,2016-11-24 01:04:00.000
1,322325.0,3223.0,17.0,Ludhiana,Punjab,30.700000000000003,76.2,30.700000000000003,76.10000000000001,2016-12-05 04:57:59.999
1,322325.0,3223.0,17.0,Ludhiana,Punjab,30.700000000000003,76.2,30.700000000000003,76.10000000000001,2017-02-01 05:15:25.000
1,322325.0,3223.0,17.0,Ludhiana,Punjab,30.700000000000003,76.2,30.700000000000003,76.10000000000001,2017-01-05 04:43:01.000
1,322325.0,3223.0,17.0,Ludhiana,Punjab,30.700000000000003,76.2,30.700000000000003,76.10000000000001,2016-12-05 04:57:59.999
1,322325.0,3223.0,17.0,Ludhiana,Punjab,30.700000000000003,76.2,30.700000000000003,76.10000000000001,2016-11-24 01:04:00.000
1,322325.0,3223.0,17.0,Ludhiana,Punjab,30.700000000000003,76.2,30.700000000000003,76.10000000000001,2016-11-14 03:27:59.999
1,322325.0,3223.0,17.0,Ludhiana,Punjab,30.700000000000003,76.2,30.700000000000003,76.10000000000001,2017-01-09 01:53:18.000
1,322325.0,3223.0,17.0,Ludhiana,Punjab,30.700000000000003,76.2,30.700000000000003,76.10000000000001,2016-11-14 03:22:00.000
1,322325.0,3223.0,17.0,Ludhiana,Punjab,30.700000000000003,76.2,30.700000000000003,76.10000000000001,2017-01-09 01:51:51.000
1,322325.0,3223.0,17.0,Ludhiana,Punjab,30.700000000000003,76.2,30.700000000000003,76.10000000000001,2016-12-27 04:34:00.000
1,322325.0,3223.0,17.0,Ludhiana,Punjab,30.700000000000003,76.2,30.700000000000003,76.10000000000001,2017-03-14 20:05:08.000
1,322325.0,3223.0,17.0,Ludhiana,Punjab,30.700000000000003,76.2,30.700000000000003,76.10000000000001,2017-01-05 04:44:00.000
1,322325.0,3223.0,17.0,Ludhiana,Punjab,30.700000000000003,76.2,30.700000000000003,76.10000000000001,2016-11-22 03:08:59.999
1,322325.0,3223.0,17.0,Ludhiana,Punjab,30.700000000000003,76.2,,,2017-04-03 04:05:29.216
1,322325.0,3223.0,17.0,Ludhiana,Punjab,30.700000000000003,76.2,30.700000000000003,76.10000000000001,2017-02-05 01:22:07.000
1,322325.0,3223.0,17.0,Ludhiana,Punjab,30.700000000000003,76.2,30.700000000000003,76.10000000000001,2017-03-09 05:33:18.999
1,322325.0,3223.0,17.0,Ludhiana,Punjab,30.700000000000003,76.2,30.700000000000003,76.10000000000001,2017-01-17 04:42:45.000
1,322325.0,3223.0,17.0,Ludhiana,Punjab,30.700000000000003,76.2,,,2017-04-03 04:05:29.216
1,322325.0,3223.0,17.0,Ludhiana,Punjab,30.700000000000003,76.2,30.700000000000003,76.10000000000001,2016-11-26 04:37:00.000
1,322325.0,3223.0,17.0,Ludhiana,Punjab,30.700000000000003,76.2,30.700000000000003,76.10000000000001,2017-02-27 05:21:54.000
1,322325.0,3223.0,17.0,Ludhiana,Punjab,30.700000000000003,76.2,30.700000000000003,76.10000000000001,2017-02-14 02:36:31.000
1,322325.0,3223.0,17.0,Ludhiana,Punjab,30.700000000000003,76.2,30.700000000000003,76.10000000000001,2017-02-05 01:20:44.999
1,322325.0,3223.0,17.0,Ludhiana,Punjab,30.700000000000003,76.2,30.700000000000003,76.10000000000001,2016-11-30 05:10:59.999
1,322325.0,3223.0,17.0,Ludhiana,Punjab,30.700000000000003,76.2,,,2017-04-03 04:05:29.216
1,322325.0,3223.0,17.0,Ludhiana,Punjab,30.700000000000003,76.2,,,2017-04-03 04:05:29.216
1,322325.0,3223.0,17.0,Ludhiana,Punjab,30.700000000000003,76.2,30.700000000000003,76.10000000000001,2016-11-19 03:38:00.000
1,322325.0,3223.0,17.0,Ludhiana,Punjab,30.700000000000003,76.2,30.700000000000003,76.10000000000001,2016-11-17 04:17:00.000
1,322325.0,3223.0,17.0,Ludhiana,Punjab,30.700000000000003,76.2,30.700000000000003,76.10000000000001,2016-11-17 04:41:59.999
1,322325.0,3223.0,17.0,Ludhiana,Punjab,30.700000000000003,76.2,30.700000000000003,76.10000000000001,2016-11-17 04:40:00.000
1,322325.0,3223.0,17.0,Ludhiana,Punjab,30.700000000000003,76.2,30.700000000000003,76.10000000000001,2017-03-05 05:03:50.000
1,322325.0,3223.0,17.0,Ludhiana,Punjab,30.700000000000003,76.2,30.700000000000003,76.10000000000001,2017-01-12 04:36:12.000
1,322325.0,3223.0,17.0,Ludhiana,Punjab,30.700000000000003,76.2,30.700000000000003,76.10000000000001,2016-12-03 04:21:59.999
1,322325.0,3223.0,17.0,Ludhiana,Punjab,30.700000000000003,76.2,30.700000000000003,76.10000000000001,2017-03-11 05:51:24.000
1,322325.0,3223.0,17.0,Ludhiana,Punjab,30.700000000000003,76.2,30.700000000000003,76.10000000000001,2017-03-02 05:01:45.999
1,322325.0,3223.0,17.0,Ludhiana,Punjab,30.700000000000003,76.2,30.700000000000003,76.10000000000001,2017-01-12 04:37:30.000
1,322325.0,3223.0,17.0,Ludhiana,Punjab,30.700000000000003,76.2,30.700000000000003,76.10000000000001,2017-01-17 04:43:27.000
1,322325.0,3223.0,17.0,Ludhiana,Punjab,30.700000000000003,76.2,30.700000000000003,76.10000000000001,2016-12-03 04:21:00.000
1,322325.0,3223.0,17.0,Ludhiana,Punjab,30.700000000000003,76.2,,,2017-04-03 04:05:29.216
1,322325.0,3223.0,17.0,Ludhiana,Punjab,30.700000000000003,76.2,30.700000000000003,76.10000000000001,2017-02-01 05:16:42.000
1,322328.0,3223.0,17.0,Ludhiana,Punjab,30.700000000000003,76.2,,,2017-04-15 01:47:31.200
1,322328.0,3223.0,17.0,Ludhiana,Punjab,30.700000000000003,76.2,30.700000000000003,76.10000000000001,2017-03-24 08:07:31.000
1,322328.0,3223.0,17.0,Ludhiana,Punjab,30.700000000000003,76.2,30.700000000000003,76.10000000000001,2017-03-13 06:08:17.000
1,322328.0,3223.0,17.0,Ludhiana,Punjab,30.700000000000003,76.2,30.700000000000003,76.10000000000001,2017-04-18 20:38:33.999
1,322328.0,3223.0,17.0,Ludhiana,Punjab,30.700000000000003,76.2,30.700000000000003,76.10000000000001,2017-04-09 07:14:09.000
1,322328.0,3223.0,17.0,Ludhiana,Punjab,30.700000000000003,76.2,,,2017-04-15 01:47:31.200
1,322328.0,3223.0,17.0,Ludhiana,Punjab,30.700000000000003,76.2,30.700000000000003,76.10000000000001,2017-03-06 22:08:17.000
1,322328.0,3223.0,17.0,Ludhiana,Punjab,30.700000000000003,76.2,30.700000000000003,76.10000000000001,2017-03-12 03:50:28.000
1,322328.0,3223.0,17.0,Ludhiana,Punjab,30.700000000000003,76.2,,,2017-04-15 01:47:31.200
1,322328.0,3223.0,17.0,Ludhiana,Punjab,30.700000000000003,76.2,30.700000000000003,76.10000000000001,2017-04-06 23:24:09.999
1,322328.0,3223.0,17.0,Ludhiana,Punjab,30.700000000000003,76.2,30.700000000000003,76.10000000000001,2017-04-20 03:46:00.000
1,322328.0,3223.0,17.0,Ludhiana,Punjab,30.700000000000003,76.2,30.700000000000003,76.10000000000001,2017-04-12 22:08:32.000
1,322328.0,3223.0,17.0,Ludhiana,Punjab,30.700000000000003,76.2,30.700000000000003,76.10000000000001,2017-02-23 23:15:24.000
1,322328.0,3223.0,17.0,Ludhiana,Punjab,30.700000000000003,76.2,,,2017-04-15 01:47:31.200
1,322331.0,3223.0,17.0,Ludhiana,Punjab,30.700000000000003,76.2,30.700000000000003,76.10000000000001,2016-12-13 03:36:00.000
1,322331.0,3223.0,17.0,Ludhiana,Punjab,30.700000000000003,76.2,,,2017-04-03 01:56:35.968
1,322331.0,3223.0,17.0,Ludhiana,Punjab,30.700000000000003,76.2,30.700000000000003,76.10000000000001,2016-12-13 03:39:00.000
1,322331.0,3223.0,17.0,Ludhiana,Punjab,30.700000000000003,76.2,,,2017-04-03 01:56:35.968
1,322331.0,3223.0,17.0,Ludhiana,Punjab,30.700000000000003,76.2,,,2017-04-03 01:56:35.968
1,322334.0,3223.0,17.0,Ludhiana,Punjab,30.700000000000003,76.2,,,2017-04-03 04:36:04.224
1,322334.0,3223.0,17.0,Ludhiana,Punjab,30.700000000000003,76.2,30.700000000000003,76.10000000000001,2017-01-03 23:57:25.999
1,322334.0,3223.0,17.0,Ludhiana,Punjab,30.700000000000003,76.2,30.700000000000003,76.10000000000001,2017-02-21 01:08:43.999
1,322334.0,3223.0,17.0,Ludhiana,Punjab,30.700000000000003,76.2,30.700000000000003,76.10000000000001,2017-01-15 01:20:36.999
1,322334.0,3223.0,17.0,Ludhiana,Punjab,30.700000000000003,76.2,30.700000000000003,76.10000000000001,2017-04-03 03:33:08.999
1,322334.0,3223.0,17.0,Ludhiana,Punjab,30.700000000000003,76.2,30.700000000000003,76.10000000000001,2016-11-13 23:18:00.000
1,322334.0,3223.0,17.0,Ludhiana,Punjab,30.700000000000003,76.2,30.700000000000003,76.10000000000001,2016-11-13 23:26:00.000
1,322334.0,3223.0,17.0,Ludhiana,Punjab,30.700000000000003,76.2,,,2017-04-03 04:36:04.224
1,322334.0,3223.0,17.0,Ludhiana,Punjab,30.700000000000003,76.2,30.700000000000003,76.10000000000001,2016-11-13 23:23:00.000
1,322334.0,3223.0,17.0,Ludhiana,Punjab,30.700000000000003,76.2,,,2017-04-03 04:36:04.224
1,322334.0,3223.0,17.0,Ludhiana,Punjab,30.700000000000003,76.2,30.700000000000003,76.10000000000001,2017-02-15 02:49:28.000
1,322334.0,3223.0,17.0,Ludhiana,Punjab,30.700000000000003,76.2,30.700000000000003,76.10000000000001,2017-04-03 03:23:03.999
1,322334.0,3223.0,17.0,Ludhiana,Punjab,30.700000000000003,76.2,30.700000000000003,76.10000000000001,2017-04-13 01:38:18.999
1,322334.0,3223.0,17.0,Ludhiana,Punjab,30.700000000000003,76.2,30.700000000000003,76.10000000000001,2017-02-02 04:50:16.000
1,329705.0,3297.0,20.0,Ludhiana,Punjab,30.8,76.3,30.8,76.3,2016-11-01 03:33:59.999
1,329706.0,3297.0,20.0,Ludhiana,Punjab,30.8,76.3,30.8,76.3,2017-04-09 06:47:57.000
1,329706.0,3297.0,20.0,Ludhiana,Punjab,30.8,76.3,30.8,76.3,2017-02-08 04:52:42.000
1,329706.0,3297.0,20.0,Ludhiana,Punjab,30.8,76.3,30.8,76.3,2017-02-04 05:19:00.000
1,329706.0,3297.0,20.0,Ludhiana,Punjab,30.8,76.3,30.8,76.3,2017-03-20 06:21:10.999
1,329706.0,3297.0,20.0,Ludhiana,Punjab,30.8,76.3,30.8,76.3,2017-02-17 21:35:33.999
1,329706.0,3297.0,20.0,Ludhiana,Punjab,30.8,76.3,30.8,76.3,2017-02-23 23:18:59.000
1,329706.0,3297.0,20.0,Ludhiana,Punjab,30.8,76.3,30.8,76.3,2017-03-16 06:46:02.000
1,329706.0,3297.0,20.0,Ludhiana,Punjab,30.8,76.3,30.8,76.3,2017-04-07 06:09:07.000
1,329706.0,3297.0,20.0,Ludhiana,Punjab,30.8,76.3,30.8,76.3,2017-01-30 06:00:38.999
1,329706.0,3297.0,20.0,Ludhiana,Punjab,30.8,76.3,30.8,76.3,2017-02-20 03:14:12.000
1,329706.0,3297.0,20.0,Ludhiana,Punjab,30.8,76.3,30.8,76.3,2017-02-12 22:46:33.000
1,329706.0,3297.0,20.0,Ludhiana,Punjab,30.8,76.3,30.8,76.3,2017-03-30 07:33:47.000
1,329706.0,3297.0,20.0,Ludhiana,Punjab,30.8,76.3,30.8,76.3,2017-01-29 05:07:10.000
1,329706.0,3297.0,20.0,Ludhiana,Punjab,30.8,76.3,30.8,76.3,2017-03-05 20:40:52.000
1,329706.0,3297.0,20.0,Ludhiana,Punjab,30.8,76.3,30.8,76.3,2017-02-26 00:05:39.000
1,329706.0,3297.0,20.0,Ludhiana,Punjab,30.8,76.3,30.8,76.3,2017-02-04 23:54:44.000
1,329706.0,3297.0,20.0,Ludhiana,Punjab,30.8,76.3,30.8,76.3,2017-03-17 07:04:01.999
1,329706.0,3297.0,20.0,Ludhiana,Punjab,30.8,76.3,30.8,76.3,2017-04-03 23:21:28.000
1,329706.0,3297.0,20.0,Ludhiana,Punjab,30.8,76.3,30.8,76.3,2017-01-17 00:06:19.000
1,329706.0,3297.0,20.0,Ludhiana,Punjab,30.8,76.3,30.8,76.3,2017-02-27 23:06:03.000
1,329706.0,3297.0,20.0,Ludhiana,Punjab,30.8,76.3,,,2017-04-04 00:17:54.176
1,329706.0,3297.0,20.0,Ludhiana,Punjab,30.8,76.3,30.8,76.3,2017-03-12 06:51:20.000
1,329706.0,3297.0,20.0,Ludhiana,Punjab,30.8,76.3,30.8,76.3,2017-04-03 23:12:46.000
1,329706.0,3297.0,20.0,Ludhiana,Punjab,30.8,76.3,30.8,76.3,2017-04-03 05:52:48.000
1,329706.0,3297.0,20.0,Ludhiana,Punjab,30.8,76.3,,,2017-04-04 00:17:54.176
1,329706.0,3297.0,20.0,Ludhiana,Punjab,30.8,76.3,30.8,76.3,2017-01-28 04:39:20.000
1,329707.0,3297.0,20.0,Ludhiana,Punjab,30.8,76.3,30.8,76.3,2016-11-27 02:58:00.000
1,329714.0,3297.0,20.0,Ludhiana,Punjab,30.8,76.3,30.8,76.3,2017-01-25 01:41:37.999
1,329714.0,3297.0,20.0,Ludhiana,Punjab,30.8,76.3,30.8,76.3,2017-01-23 01:35:31.000
1,329714.0,3297.0,20.0,Ludhiana,Punjab,30.8,76.3,30.8,76.3,2017-02-06 02:21:58.999
1,329714.0,3297.0,20.0,Ludhiana,Punjab,30.8,76.3,30.8,76.3,2017-01-20 22:50:43.999
1,329725.0,3297.0,20.0,Ludhiana,Punjab,30.8,76.3,30.8,76.3,2017-04-03 02:26:24.000
1,329725.0,3297.0,20.0,Ludhiana,Punjab,30.8,76.3,30.8,76.3,2017-02-10 02:56:11.000
1,329725.0,3297.0,20.0,Ludhiana,Punjab,30.8,76.3,30.8,76.3,2017-02-14 01:54:51.000
1,329725.0,3297.0,20.0,Ludhiana,Punjab,30.8,76.3,30.8,76.3,2017-02-18 00:21:10.999
1,329725.0,3297.0,20.0,Ludhiana,Punjab,30.8,76.3,30.8,76.3,2017-04-03 02:24:36.000
1,329725.0,3297.0,20.0,Ludhiana,Punjab,30.8,76.3,30.8,76.3,2017-04-03 02:25:25.000
1,329725.0,3297.0,20.0,Ludhiana,Punjab,30.8,76.3,30.8,76.3,2017-01-28 01:52:55.999
1,329725.0,3297.0,20.0,Ludhiana,Punjab,30.8,76.3,30.8,76.3,2017-02-18 00:21:55.000
1,329725.0,3297.0,20.0,Ludhiana,Punjab,30.8,76.3,30.8,76.3,2017-01-28 01:57:39.000
1,329725.0,3297.0,20.0,Ludhiana,Punjab,30.8,76.3,30.8,76.3,2017-01-28 01:56:16.000
1,329725.0,3297.0,20.0,Ludhiana,Punjab,30.8,76.3,,,2017-04-03 22:54:53.440
1,329725.0,3297.0,20.0,Ludhiana,Punjab,30.8,76.3,30.8,76.3,2017-02-10 02:58:02.000
1,329725.0,3297.0,20.0,Ludhiana,Punjab,30.8,76.3,30.8,76.3,2017-04-03 02:23:37.999
1,329725.0,3297.0,20.0,Ludhiana,Punjab,30.8,76.3,30.8,76.3,2017-02-18 00:20:13.000
1,329725.0,3297.0,20.0,Ludhiana,Punjab,30.8,76.3,30.8,76.3,2017-02-14 01:53:57.000
1,329725.0,3297.0,20.0,Ludhiana,Punjab,30.8,76.3,,,2017-04-03 22:54:53.440
1,329725.0,3297.0,20.0,Ludhiana,Punjab,30.8,76.3,30.8,76.3,2017-02-14 01:56:48.000
1,329725.0,3297.0,20.0,Ludhiana,Punjab,30.8,76.3,30.8,76.3,2017-02-14 01:55:47.000
1,329725.0,3297.0,20.0,Ludhiana,Punjab,30.8,76.3,,,2017-04-03 22:54:53.440
1,329725.0,3297.0,20.0,Ludhiana,Punjab,30.8,76.3,30.8,76.3,2017-02-04 02:14:50.000
1,329725.0,3297.0,20.0,Ludhiana,Punjab,30.8,76.3,30.8,76.3,2017-02-14 01:57:45.999
1,329725.0,3297.0,20.0,Ludhiana,Punjab,30.8,76.3,30.8,76.3,2017-02-04 02:13:35.999
1,329725.0,3297.0,20.0,Ludhiana,Punjab,30.8,76.3,,,2017-04-03 22:54:53.440
1,329728.0,3297.0,20.0,Ludhiana,Punjab,30.8,76.3,,,2017-04-03 23:27:39.520
1,329728.0,3297.0,20.0,Ludhiana,Punjab,30.8,76.3,,,2017-04-03 23:27:39.520
1,329728.0,3297.0,20.0,Ludhiana,Punjab,30.8,76.3,30.8,76.3,2016-12-21 02:21:00.000
1,329728.0,3297.0,20.0,Ludhiana,Punjab,30.8,76.3,30.8,76.3,2016-12-11 00:48:00.000
1,329728.0,3297.0,20.0,Ludhiana,Punjab,30.8,76.3,30.8,76.3,2016-11-27 01:40:00.000
1,329728.0,3297.0,20.0,Ludhiana,Punjab,30.8,76.3,30.8,76.3,2016-12-13 04:41:00.000
1,329728.0,3297.0,20.0,Ludhiana,Punjab,30.8,76.3,,,2017-04-03 23:27:39.520
1,329728.0,3297.0,20.0,Ludhiana,Punjab,30.8,76.3,30.8,76.3,2017-01-21 03:21:10.999
1,329728.0,3297.0,20.0,Ludhiana,Punjab,30.8,76.3,30.8,76.3,2017-01-15 01:49:20.999
1,329728.0,3297.0,20.0,Ludhiana,Punjab,30.8,76.3,30.8,76.3,2017-01-05 00:52:32.000
1,329728.0,3297.0,20.0,Ludhiana,Punjab,30.8,76.3,30.8,76.3,2016-12-03 04:25:00.000
1,329728.0,3297.0,20.0,Ludhiana,Punjab,30.8,76.3,,,2017-04-03 23:27:39.520
1,329728.0,3297.0,20.0,Ludhiana,Punjab,30.8,76.3,30.8,76.3,2016-11-27 02:03:00.000
1,329728.0,3297.0,20.0,Ludhiana,Punjab,30.8,76.3,30.8,76.3,2017-01-24 04:34:10.000
1,329735.0,3297.0,20.0,Ludhiana,Punjab,30.8,76.3,30.8,76.3,2016-12-01 04:34:00.000
1,329735.0,3297.0,20.0,Ludhiana,Punjab,30.8,76.3,30.8,76.3,2016-12-04 04:40:00.000
1,329735.0,3297.0,20.0,Ludhiana,Punjab,30.8,76.3,30.8,76.3,2017-01-27 05:04:04.000
1,329735.0,3297.0,20.0,Ludhiana,Punjab,30.8,76.3,30.8,76.3,2017-03-02 05:46:50.999
1,329735.0,3297.0,20.0,Ludhiana,Punjab,30.8,76.3,30.8,76.3,2017-02-27 06:05:53.999
1,329735.0,3297.0,20.0,Ludhiana,Punjab,30.8,76.3,30.8,76.3,2016-12-25 01:30:00.000
1,329735.0,3297.0,20.0,Ludhiana,Punjab,30.8,76.3,30.8,76.3,2016-12-01 04:36:00.000
1,329735.0,3297.0,20.0,Ludhiana,Punjab,30.8,76.3,30.8,76.3,2016-11-26 01:21:00.000
1,329735.0,3297.0,20.0,Ludhiana,Punjab,30.8,76.3,,,2017-04-04 00:13:32.032
1,329735.0,3297.0,20.0,Ludhiana,Punjab,30.8,76.3,30.8,76.3,2017-01-11 05:02:57.000
1,329735.0,3297.0,20.0,Ludhiana,Punjab,30.8,76.3,30.8,76.3,2017-02-03 06:12:12.000
1,329735.0,3297.0,20.0,Ludhiana,Punjab,30.8,76.3,30.8,76.3,2017-02-06 05:11:15.999
1,329735.0,3297.0,20.0,Ludhiana,Punjab,30.8,76.3,30.8,76.3,2017-01-11 05:03:43.000
1,329735.0,3297.0,20.0,Ludhiana,Punjab,30.8,76.3,,,2017-04-04 00:13:32.032
1,329735.0,3297.0,20.0,Ludhiana,Punjab,30.8,76.3,30.8,76.3,2017-02-24 01:15:35.999
1,329735.0,3297.0,20.0,Ludhiana,Punjab,30.8,76.3,30.8,76.3,2017-03-15 07:41:32.000
1,329735.0,3297.0,20.0,Ludhiana,Punjab,30.8,76.3,30.8,76.3,2017-02-21 04:02:11.000
1,329735.0,3297.0,20.0,Ludhiana,Punjab,30.8,76.3,30.8,76.3,2017-01-18 03:20:00.999
1,329735.0,3297.0,20.0,Ludhiana,Punjab,30.8,76.3,30.8,76.3,2017-01-20 01:36:28.000
1,329735.0,3297.0,20.0,Ludhiana,Punjab,30.8,76.3,30.8,76.3,2017-02-06 05:10:43.999
1,329735.0,3297.0,20.0,Ludhiana,Punjab,30.8,76.3,30.8,76.3,2016-12-12 23:39:59.999
1,329735.0,3297.0,20.0,Ludhiana,Punjab,30.8,76.3,30.8,76.3,2017-03-07 04:28:56.999
1,329738.0,3297.0,20.0,Ludhiana,Punjab,30.8,76.3,30.8,76.3,2017-01-28 02:16:22.000
1,329738.0,3297.0,20.0,Ludhiana,Punjab,30.8,76.3,30.8,76.3,2017-02-24 01:41:18.000
1,329738.0,3297.0,20.0,Ludhiana,Punjab,30.8,76.3,30.8,76.3,2017-01-16 23:04:10.999
1,329738.0,3297.0,20.0,Ludhiana,Punjab,30.8,76.3,30.8,76.3,2017-03-29 01:08:57.999
1,329738.0,3297.0,20.0,Ludhiana,Punjab,30.8,76.3,30.8,76.3,2017-02-08 03:16:27.000
1,329738.0,3297.0,20.0,Ludhiana,Punjab,30.8,76.3,30.8,76.3,2017-03-22 04:50:43.999
1,329738.0,3297.0,20.0,Ludhiana,Punjab,30.8,76.3,30.8,76.3,2017-02-16 23:36:10.999
1,329738.0,3297.0,20.0,Ludhiana,Punjab,30.8,76.3,30.8,76.3,2017-01-18 23:41:22.999
1,329738.0,3297.0,20.0,Ludhiana,Punjab,30.8,76.3,30.8,76.3,2017-01-16 01:42:37.000
1,329744.0,3297.0,20.0,Ludhiana,Punjab,30.8,76.3,30.8,76.3,2016-11-27 23:48:59.999
1,342101.0,3421.0,19.0,Ludhiana,Punjab,30.8,75.9,30.8,75.8,2017-01-10 22:16:33.000
1,342101.0,3421.0,19.0,Ludhiana,Punjab,30.8,75.9,30.8,75.8,2016-12-05 00:01:59.999
1,342101.0,3421.0,19.0,Ludhiana,Punjab,30.8,75.9,30.8,75.8,2017-01-08 23:44:47.000
1,342101.0,3421.0,19.0,Ludhiana,Punjab,30.8,75.9,30.8,75.8,2016-12-06 23:23:00.000
1,342101.0,3421.0,19.0,Ludhiana,Punjab,30.8,75.9,30.8,75.8,2017-01-12 22:39:12.999
1,342101.0,3421.0,19.0,Ludhiana,Punjab,30.8,75.9,30.8,75.8,2017-01-05 22:35:37.999
1,342101.0,3421.0,19.0,Ludhiana,Punjab,30.8,75.9,30.8,75.8,2017-03-27 21:53:05.000
1,342101.0,3421.0,19.0,Ludhiana,Punjab,30.8,75.9,30.8,75.8,2016-12-11 23:25:00.000
1,342101.0,3421.0,19.0,Ludhiana,Punjab,30.8,75.9,30.8,75.8,2016-12-18 23:19:00.000
1,342101.0,3421.0,19.0,Ludhiana,Punjab,30.8,75.9,30.8,75.8,2017-03-25 23:06:49.000
1,342101.0,3421.0,19.0,Ludhiana,Punjab,30.8,75.9,30.8,75.8,2017-01-04 00:26:29.000
1,342101.0,3421.0,19.0,Ludhiana,Punjab,30.8,75.9,30.8,75.8,2017-01-20 22:56:03.000
1,342101.0,3421.0,19.0,Ludhiana,Punjab,30.8,75.9,30.8,75.8,2017-01-01 22:39:07.000
1,342101.0,3421.0,19.0,Ludhiana,Punjab,30.8,75.9,30.8,75.8,2016-12-09 00:14:59.999
1,342101.0,3421.0,19.0,Ludhiana,Punjab,30.8,75.9,30.8,75.8,2016-12-14 00:40:59.999
1,342101.0,3421.0,19.0,Ludhiana,Punjab,30.8,75.9,30.8,75.8,2017-02-01 23:16:03.999
1,342101.0,3421.0,19.0,Ludhiana,Punjab,30.8,75.9,30.8,75.8,2017-01-15 22:35:50.000
1,342101.0,3421.0,19.0,Ludhiana,Punjab,30.8,75.9,30.8,75.8,2016-12-25 23:25:00.000
1,342101.0,3421.0,19.0,Ludhiana,Punjab,30.8,75.9,30.8,75.8,2017-03-14 22:57:48.999
1,342101.0,3421.0,19.0,Ludhiana,Punjab,30.8,75.9,30.8,75.8,2017-01-18 00:07:00.999
1,342102.0,3421.0,19.0,Ludhiana,Punjab,30.8,75.9,30.8,75.8,2017-01-03 22:45:44.000
1,342102.0,3421.0,19.0,Ludhiana,Punjab,30.8,75.9,30.8,75.8,2017-04-01 23:49:44.000
1,342102.0,3421.0,19.0,Ludhiana,Punjab,30.8,75.9,30.8,75.8,2016-11-22 23:42:00.000
1,342102.0,3421.0,19.0,Ludhiana,Punjab,30.8,75.9,30.8,75.8,2017-01-01 00:15:02.999
1,342102.0,3421.0,19.0,Ludhiana,Punjab,30.8,75.9,30.8,75.8,2016-12-22 22:37:00.000
1,342102.0,3421.0,19.0,Ludhiana,Punjab,30.8,75.9,30.8,75.8,2016-12-17 23:08:00.000
1,342102.0,3421.0,19.0,Ludhiana,Punjab,30.8,75.9,30.8,75.8,2016-11-20 23:29:00.000
1,342102.0,3421.0,19.0,Ludhiana,Punjab,30.8,75.9,30.8,75.8,2016-12-01 23:45:59.999
1,342102.0,3421.0,19.0,Ludhiana,Punjab,30.8,75.9,30.8,75.8,2016-12-04 02:29:59.999
1,342102.0,3421.0,19.0,Ludhiana,Punjab,30.8,75.9,30.8,75.8,2016-12-26 23:21:00.000
1,342102.0,3421.0,19.0,Ludhiana,Punjab,30.8,75.9,30.8,75.8,2016-11-26 23:34:00.000
1,342102.0,3421.0,19.0,Ludhiana,Punjab,30.8,75.9,30.8,75.8,2016-11-28 23:47:00.000
1,342102.0,3421.0,19.0,Ludhiana,Punjab,30.8,75.9,30.8,75.8,2017-01-28 00:01:19.999
1,342102.0,3421.0,19.0,Ludhiana,Punjab,30.8,75.9,30.8,75.8,2016-12-24 23:15:00.000
1,342102.0,3421.0,19.0,Ludhiana,Punjab,30.8,75.9,30.8,75.8,2017-01-13 22:40:56.000
1,342102.0,3421.0,19.0,Ludhiana,Punjab,30.8,75.9,30.8,75.8,2017-04-02 00:16:22.999
1,342102.0,3421.0,19.0,Ludhiana,Punjab,30.8,75.9,,,2017-04-02 01:06:44.864
1,342102.0,3421.0,19.0,Ludhiana,Punjab,30.8,75.9,,,2017-04-02 01:06:44.864
1,342102.0,3421.0,19.0,Ludhiana,Punjab,30.8,75.9,30.8,75.8,2017-04-02 00:07:48.000
1,342102.0,3421.0,19.0,Ludhiana,Punjab,30.8,75.9,30.8,75.8,2017-01-18 23:15:28.000
1,342102.0,3421.0,19.0,Ludhiana,Punjab,30.8,75.9,,,2017-04-02 01:06:44.864
1,342102.0,3421.0,19.0,Ludhiana,Punjab,30.8,75.9,30.8,75.8,2017-01-16 23:02:01.999
1,342103.0,3421.0,19.0,Ludhiana,Punjab,30.8,75.9,30.8,75.8,2016-11-19 01:11:00.000
1,342103.0,3421.0,19.0,Ludhiana,Punjab,30.8,75.9,,,2017-04-02 01:24:13.440
1,342103.0,3421.0,19.0,Ludhiana,Punjab,30.8,75.9,,,2017-04-02 01:24:13.440
1,342103.0,3421.0,19.0,Ludhiana,Punjab,30.8,75.9,30.8,75.8,2017-02-22 00:42:41.999
1,342103.0,3421.0,19.0,Ludhiana,Punjab,30.8,75.9,,,2017-04-02 01:24:13.440
1,342103.0,3421.0,19.0,Ludhiana,Punjab,30.8,75.9,,,2017-04-02 01:24:13.440
1,342103.0,3421.0,19.0,Ludhiana,Punjab,30.8,75.9,30.8,75.8,2016-12-09 23:51:00.000
1,342103.0,3421.0,19.0,Ludhiana,Punjab,30.8,75.9,,,2017-04-02 01:24:13.440
1,342104.0,3421.0,19.0,Ludhiana,Punjab,30.8,75.9,30.8,75.8,2017-04-05 00:50:26.000
1,342104.0,3421.0,19.0,Ludhiana,Punjab,30.8,75.9,,,2017-04-01 23:32:48.768
1,342104.0,3421.0,19.0,Ludhiana,Punjab,30.8,75.9,30.8,75.8,2017-04-01 22:46:17.000
1,342104.0,3421.0,19.0,Ludhiana,Punjab,30.8,75.9,30.8,75.8,2017-02-22 01:12:37.000
1,342104.0,3421.0,19.0,Ludhiana,Punjab,30.8,75.9,30.8,75.8,2017-03-14 03:14:24.000
1,342104.0,3421.0,19.0,Ludhiana,Punjab,30.8,75.9,,,2017-04-01 23:32:48.768
1,342104.0,3421.0,19.0,Ludhiana,Punjab,30.8,75.9,30.8,75.8,2017-03-10 00:58:52.000
1,342104.0,3421.0,19.0,Ludhiana,Punjab,30.8,75.9,30.8,75.8,2017-03-27 23:40:22.000
1,342104.0,3421.0,19.0,Ludhiana,Punjab,30.8,75.9,30.8,75.8,2017-03-03 00:45:06.999
1,342104.0,3421.0,19.0,Ludhiana,Punjab,30.8,75.9,30.8,75.8,2017-02-19 23:00:23.000
1,342104.0,3421.0,19.0,Ludhiana,Punjab,30.8,75.9,30.8,75.8,2017-04-01 22:31:46.999
1,342104.0,3421.0,19.0,Ludhiana,Punjab,30.8,75.9,30.8,75.8,2017-02-17 00:13:41.000
1,342104.0,3421.0,19.0,Ludhiana,Punjab,30.8,75.9,,,2017-04-01 23:32:48.768
1,342111.0,3421.0,19.0,Ludhiana,Punjab,30.8,75.9,30.8,75.8,2017-03-24 21:31:01.000
1,342111.0,3421.0,19.0,Ludhiana,Punjab,30.8,75.9,30.8,75.8,2016-11-14 23:35:59.999
1,342111.0,3421.0,19.0,Ludhiana,Punjab,30.8,75.9,30.8,75.8,2016-12-22 22:50:00.000
1,342111.0,3421.0,19.0,Ludhiana,Punjab,30.8,75.9,30.8,75.8,2016-11-14 23:35:00.000
1,342111.0,3421.0,19.0,Ludhiana,Punjab,30.8,75.9,30.8,75.8,2017-01-04 23:12:14.999
1,342111.0,3421.0,19.0,Ludhiana,Punjab,30.8,75.9,30.8,75.8,2016-11-27 01:37:00.000
1,342111.0,3421.0,19.0,Ludhiana,Punjab,30.8,75.9,30.8,75.8,2016-12-09 01:53:00.000
1,342111.0,3421.0,19.0,Ludhiana,Punjab,30.8,75.9,30.8,75.8,2017-01-19 22:36:00.000
1,342111.0,3421.0,19.0,Ludhiana,Punjab,30.8,75.9,30.8,75.8,2016-11-19 00:56:00.000
1,342111.0,3421.0,19.0,Ludhiana,Punjab,30.8,75.9,30.8,75.8,2016-12-29 00:51:00.000
1,342111.0,3421.0,19.0,Ludhiana,Punjab,30.8,75.9,30.8,75.8,2016-12-26 22:47:59.999
1,342111.0,3421.0,19.0,Ludhiana,Punjab,30.8,75.9,,,2017-04-01 23:45:55.200
1,342111.0,3421.0,19.0,Ludhiana,Punjab,30.8,75.9,30.8,75.8,2016-12-16 00:49:59.999
1,342111.0,3421.0,19.0,Ludhiana,Punjab,30.8,75.9,30.8,75.8,2016-12-13 22:14:00.000
1,342111.0,3421.0,19.0,Ludhiana,Punjab,30.8,75.9,30.8,75.8,2017-01-08 22:45:31.000
1,342111.0,3421.0,19.0,Ludhiana,Punjab,30.8,75.9,,,2017-04-01 23:45:55.200
1,342111.0,3421.0,19.0,Ludhiana,Punjab,30.8,75.9,30.8,75.8,2017-03-25 20:46:42.999
1,342111.0,3421.0,19.0,Ludhiana,Punjab,30.8,75.9,30.8,75.8,2017-02-05 22:40:44.000
1,342111.0,3421.0,19.0,Ludhiana,Punjab,30.8,75.9,30.8,75.8,2017-03-07 21:08:53.999
1,342111.0,3421.0,19.0,Ludhiana,Punjab,30.8,75.9,30.8,75.8,2017-03-15 21:37:01.000
1,342111.0,3421.0,19.0,Ludhiana,Punjab,30.8,75.9,30.8,75.8,2017-03-08 22:35:45.000
1,342111.0,3421.0,19.0,Ludhiana,Punjab,30.8,75.9,30.8,75.8,2017-02-03 01:33:36.000
1,342111.0,3421.0,19.0,Ludhiana,Punjab,30.8,75.9,30.8,75.8,2017-01-23 22:30:36.999
1,342111.0,3421.0,19.0,Ludhiana,Punjab,30.8,75.9,,,2017-04-01 23:45:55.200
1,342112.0,3421.0,19.0,Ludhiana,Punjab,30.8,75.9,,,2017-04-01 22:14:10.176
1,342112.0,3421.0,19.0,Ludhiana,Punjab,30.8,75.9,30.8,75.8,2017-04-01 21:19:04.999
1,342112.0,3421.0,19.0,Ludhiana,Punjab,30.8,75.9,,,2017-04-01 22:14:10.176
1,342112.0,3421.0,19.0,Ludhiana,Punjab,30.8,75.9,,,2017-04-01 22:14:10.176
1,342112.0,3421.0,19.0,Ludhiana,Punjab,30.8,75.9,30.8,75.8,2017-04-01 21:37:42.000
1,342113.0,3421.0,19.0,Ludhiana,Punjab,30.8,75.9,30.8,75.8,2017-02-22 00:28:36.000
1,342113.0,3421.0,19.0,Ludhiana,Punjab,30.8,75.9,30.8,75.8,2016-11-22 23:41:00.000
1,342125.0,3421.0,19.0,Ludhiana,Punjab,30.8,75.9,30.8,75.8,2016-11-28 23:21:00.000
1,342125.0,3421.0,19.0,Ludhiana,Punjab,30.8,75.9,30.8,75.8,2017-03-09 23:32:48.999
1,342125.0,3421.0,19.0,Ludhiana,Punjab,30.8,75.9,,,2017-04-02 00:09:56.992
1,342125.0,3421.0,19.0,Ludhiana,Punjab,30.8,75.9,30.8,75.8,2016-12-26 02:16:59.999
1,342125.0,3421.0,19.0,Ludhiana,Punjab,30.8,75.9,30.8,75.8,2016-12-06 23:29:00.000
1,342125.0,3421.0,19.0,Ludhiana,Punjab,30.8,75.9,30.8,75.8,2016-11-25 23:38:00.000
1,342125.0,3421.0,19.0,Ludhiana,Punjab,30.8,75.9,,,2017-04-02 00:09:56.992
1,342125.0,3421.0,19.0,Ludhiana,Punjab,30.8,75.9,30.8,75.8,2016-12-09 23:51:59.999
1,342125.0,3421.0,19.0,Ludhiana,Punjab,30.8,75.9,30.8,75.8,2016-12-28 01:59:00.000
1,342125.0,3421.0,19.0,Ludhiana,Punjab,30.8,75.9,,,2017-04-02 00:09:56.992
1,342125.0,3421.0,19.0,Ludhiana,Punjab,30.8,75.9,30.8,75.8,2016-12-18 23:19:00.000
1,342125.0,3421.0,19.0,Ludhiana,Punjab,30.8,75.9,30.8,75.8,2017-02-07 01:56:30.999
1,342125.0,3421.0,19.0,Ludhiana,Punjab,30.8,75.9,30.8,75.8,2017-02-17 23:32:43.000
1,342125.0,3421.0,19.0,Ludhiana,Punjab,30.8,75.9,30.8,75.8,2016-12-30 00:04:00.000
1,342125.0,3421.0,19.0,Ludhiana,Punjab,30.8,75.9,30.8,75.8,2016-12-01 00:30:00.000
1,363608.0,3636.0,31.0,Ludhiana,Punjab,30.8,76.3,30.8,76.3,2016-11-25 00:58:00.000
1,363621.0,3636.0,31.0,Ludhiana,Punjab,30.8,76.3,,,2017-04-04 08:07:34.656
1,363621.0,3636.0,31.0,Ludhiana,Punjab,30.8,76.3,30.8,76.3,2017-03-21 03:25:07.000
1,363621.0,3636.0,31.0,Ludhiana,Punjab,30.8,76.3,30.8,76.3,2016-12-19 02:10:59.999
1,363621.0,3636.0,31.0,Ludhiana,Punjab,30.8,76.3,30.8,76.3,2017-04-03 03:09:14.000
1,363621.0,3636.0,31.0,Ludhiana,Punjab,30.8,76.3,30.8,76.3,2017-01-21 01:31:23.000
1,363621.0,3636.0,31.0,Ludhiana,Punjab,30.8,76.3,30.8,76.3,2017-04-06 03:30:10.000
1,363621.0,3636.0,31.0,Ludhiana,Punjab,30.8,76.3,30.8,76.3,2017-04-12 01:55:15.000
1,363621.0,3636.0,31.0,Ludhiana,Punjab,30.8,76.3,30.8,76.3,2017-02-26 02:14:07.000
1,363621.0,3636.0,31.0,Ludhiana,Punjab,30.8,76.3,30.8,76.3,2017-03-18 02:19:30.000
1,363621.0,3636.0,31.0,Ludhiana,Punjab,30.8,76.3,30.8,76.3,2017-01-19 01:25:08.000
1,363621.0,3636.0,31.0,Ludhiana,Punjab,30.8,76.3,30.8,76.3,2017-01-18 01:40:03.000
1,363621.0,3636.0,31.0,Ludhiana,Punjab,30.8,76.3,30.8,76.3,2017-01-09 01:04:15.000
1,363621.0,3636.0,31.0,Ludhiana,Punjab,30.8,76.3,30.8,76.3,2017-03-28 01:41:50.000
1,363621.0,3636.0,31.0,Ludhiana,Punjab,30.8,76.3,30.8,76.3,2017-02-18 00:50:21.000
1,363621.0,3636.0,31.0,Ludhiana,Punjab,30.8,76.3,,,2017-04-04 08:07:34.656
1,363621.0,3636.0,31.0,Ludhiana,Punjab,30.8,76.3,30.8,76.3,2017-01-18 01:44:56.999
1,363621.0,3636.0,31.0,Ludhiana,Punjab,30.8,76.3,30.8,76.3,2017-03-12 01:26:38.000
1,363621.0,3636.0,31.0,Ludhiana,Punjab,30.8,76.3,30.8,76.3,2017-03-08 01:37:40.000
1,363621.0,3636.0,31.0,Ludhiana,Punjab,30.8,76.3,30.8,76.3,2017-01-24 01:27:14.000
1,363621.0,3636.0,31.0,Ludhiana,Punjab,30.8,76.3,30.8,76.3,2017-01-11 01:21:38.999
1,363621.0,3636.0,31.0,Ludhiana,Punjab,30.8,76.3,30.8,76.3,2017-01-15 01:24:19.999
1,363621.0,3636.0,31.0,Ludhiana,Punjab,30.8,76.3,30.8,76.3,2017-01-10 01:39:12.000
1,363621.0,3636.0,31.0,Ludhiana,Punjab,30.8,76.3,30.8,76.3,2017-02-18 00:54:09.000
1,363621.0,3636.0,31.0,Ludhiana,Punjab,30.8,76.3,,,2017-04-04 08:07:34.656
1,363621.0,3636.0,31.0,Ludhiana,Punjab,30.8,76.3,,,2017-04-04 08:07:34.656
1,363621.0,3636.0,31.0,Ludhiana,Punjab,30.8,76.3,30.8,76.3,2017-02-14 03:17:43.999
1,363621.0,3636.0,31.0,Ludhiana,Punjab,30.8,76.3,30.8,76.3,2016-12-02 01:28:59.999
1,363621.0,3636.0,31.0,Ludhiana,Punjab,30.8,76.3,30.8,76.3,2017-03-20 03:32:09.000
1,363621.0,3636.0,31.0,Ludhiana,Punjab,30.8,76.3,30.8,76.3,2017-01-29 02:32:10.000
1,363621.0,3636.0,31.0,Ludhiana,Punjab,30.8,76.3,30.8,76.3,2016-12-04 01:12:59.999
1,363621.0,3636.0,31.0,Ludhiana,Punjab,30.8,76.3,30.8,76.3,2017-01-19 00:57:17.000
1,363621.0,3636.0,31.0,Ludhiana,Punjab,30.8,76.3,30.8,76.3,2017-02-01 05:19:34.000
1,363627.0,3636.0,31.0,Ludhiana,Punjab,30.8,76.3,30.8,76.3,2017-01-22 01:59:28.999
1,363627.0,3636.0,31.0,Ludhiana,Punjab,30.8,76.3,30.8,76.3,2016-12-14 22:37:00.000
1,363627.0,3636.0,31.0,Ludhiana,Punjab,30.8,76.3,30.8,76.3,2017-01-04 02:20:21.999
1,363627.0,3636.0,31.0,Ludhiana,Punjab,30.8,76.3,30.8,76.3,2016-12-21 01:12:59.999
1,363627.0,3636.0,31.0,Ludhiana,Punjab,30.8,76.3,30.8,76.3,2016-12-09 02:15:00.000
1,363627.0,3636.0,31.0,Ludhiana,Punjab,30.8,76.3,30.8,76.3,2017-02-18 00:12:42.000
1,363628.0,3636.0,31.0,Ludhiana,Punjab,30.8,76.3,30.8,76.3,2016-11-26 00:36:00.000
1,363628.0,3636.0,31.0,Ludhiana,Punjab,30.8,76.3,30.8,76.3,2016-12-03 23:15:00.000
1,363628.0,3636.0,31.0,Ludhiana,Punjab,30.8,76.3,30.8,76.3,2016-12-10 01:11:00.000
1,363634.0,3636.0,31.0,Ludhiana,Punjab,30.8,76.3,30.8,76.3,2016-12-11 01:47:59.999
1,363636.0,3636.0,31.0,Ludhiana,Punjab,30.8,76.3,30.8,76.3,2017-03-07 23:04:45.999
1,363636.0,3636.0,31.0,Ludhiana,Punjab,30.8,76.3,30.8,76.3,2016-11-17 00:23:00.000
1,363636.0,3636.0,31.0,Ludhiana,Punjab,30.8,76.3,30.8,76.3,2017-02-28 22:34:57.000
1,363636.0,3636.0,31.0,Ludhiana,Punjab,30.8,76.3,30.8,76.3,2017-01-05 22:41:58.000
1,363636.0,3636.0,31.0,Ludhiana,Punjab,30.8,76.3,30.8,76.3,2017-03-10 00:05:34.999
1,363636.0,3636.0,31.0,Ludhiana,Punjab,30.8,76.3,30.8,76.3,2017-04-06 02:21:16.000
1,363636.0,3636.0,31.0,Ludhiana,Punjab,30.8,76.3,30.8,76.3,2017-04-04 00:55:17.000
1,363636.0,3636.0,31.0,Ludhiana,Punjab,30.8,76.3,30.8,76.3,2017-03-15 00:11:45.000
1,363636.0,3636.0,31.0,Ludhiana,Punjab,30.8,76.3,30.8,76.3,2016-12-23 01:12:00.000
1,363636.0,3636.0,31.0,Ludhiana,Punjab,30.8,76.3,30.8,76.3,2016-12-08 22:41:59.999
1,363636.0,3636.0,31.0,Ludhiana,Punjab,30.8,76.3,30.8,76.3,2017-03-24 23:40:12.999
1,363636.0,3636.0,31.0,Ludhiana,Punjab,30.8,76.3,30.8,76.3,2017-01-17 01:49:12.000
1,363636.0,3636.0,31.0,Ludhiana,Punjab,30.8,76.3,30.8,76.3,2016-12-02 22:34:00.000
1,363636.0,3636.0,31.0,Ludhiana,Punjab,30.8,76.3,30.8,76.3,2016-12-28 01:05:00.000
1,363636.0,3636.0,31.0,Ludhiana,Punjab,30.8,76.3,30.8,76.3,2017-01-27 02:09:22.999
1,363636.0,3636.0,31.0,Ludhiana,Punjab,30.8,76.3,30.8,76.3,2017-01-12 23:35:08.999
1,363636.0,3636.0,31.0,Ludhiana,Punjab,30.8,76.3,30.8,76.3,2017-04-12 23:32:27.000
1,363636.0,3636.0,31.0,Ludhiana,Punjab,30.8,76.3,30.8,76.3,2016-12-30 01:44:59.999
1,363636.0,3636.0,31.0,Ludhiana,Punjab,30.8,76.3,30.8,76.3,2017-03-21 23:35:24.000
1,363636.0,3636.0,31.0,Ludhiana,Punjab,30.8,76.3,30.8,76.3,2017-03-05 23:01:07.999
1,363636.0,3636.0,31.0,Ludhiana,Punjab,30.8,76.3,30.8,76.3,2017-01-14 23:28:08.000
1,363636.0,3636.0,31.0,Ludhiana,Punjab,30.8,76.3,30.8,76.3,2016-12-21 00:59:59.999
1,363636.0,3636.0,31.0,Ludhiana,Punjab,30.8,76.3,30.8,76.3,2017-04-10 03:14:58.000
1,363636.0,3636.0,31.0,Ludhiana,Punjab,30.8,76.3,30.8,76.3,2017-02-04 00:06:54.000
1,363636.0,3636.0,31.0,Ludhiana,Punjab,30.8,76.3,30.8,76.3,2016-12-12 00:40:59.999
1,363636.0,3636.0,31.0,Ludhiana,Punjab,30.8,76.3,30.8,76.3,2016-12-13 23:29:00.000
1,363636.0,3636.0,31.0,Ludhiana,Punjab,30.8,76.3,30.8,76.3,2017-01-06 23:38:11.000
1,363636.0,3636.0,31.0,Ludhiana,Punjab,30.8,76.3,30.8,76.3,2017-02-23 22:38:04.000
1,363636.0,3636.0,31.0,Ludhiana,Punjab,30.8,76.3,30.8,76.3,2016-11-20 23:44:00.000
1,363636.0,3636.0,31.0,Ludhiana,Punjab,30.8,76.3,,,2017-04-04 07:34:48.576
1,363636.0,3636.0,31.0,Ludhiana,Punjab,30.8,76.3,30.8,76.3,2017-01-11 01:33:16.000
1,363636.0,3636.0,31.0,Ludhiana,Punjab,30.8,76.3,30.8,76.3,2017-04-04 06:32:38.000
1,363636.0,3636.0,31.0,Ludhiana,Punjab,30.8,76.3,30.8,76.3,2016-12-06 22:50:59.999
1,363636.0,3636.0,31.0,Ludhiana,Punjab,30.8,76.3,30.8,76.3,2016-12-16 01:36:00.000
1,363636.0,3636.0,31.0,Ludhiana,Punjab,30.8,76.3,30.8,76.3,2017-02-07 23:23:05.999
1,363636.0,3636.0,31.0,Ludhiana,Punjab,30.8,76.3,30.8,76.3,2017-02-15 00:06:57.000
1,363636.0,3636.0,31.0,Ludhiana,Punjab,30.8,76.3,30.8,76.3,2017-02-17 00:19:09.999
1,363636.0,3636.0,31.0,Ludhiana,Punjab,30.8,76.3,30.8,76.3,2016-11-18 22:54:00.000
1,363636.0,3636.0,31.0,Ludhiana,Punjab,30.8,76.3,30.8,76.3,2017-02-10 23:02:51.000
1,363636.0,3636.0,31.0,Ludhiana,Punjab,30.8,76.3,30.8,76.3,2016-12-01 23:16:00.000
1,363636.0,3636.0,31.0,Ludhiana,Punjab,30.8,76.3,30.8,76.3,2016-12-25 22:47:59.999
1,363636.0,3636.0,31.0,Ludhiana,Punjab,30.8,76.3,30.8,76.3,2017-01-19 00:28:26.000
1,363636.0,3636.0,31.0,Ludhiana,Punjab,30.8,76.3,30.8,76.3,2016-11-27 22:49:00.000
1,363636.0,3636.0,31.0,Ludhiana,Punjab,30.8,76.3,,,2017-04-04 07:34:48.576
1,363636.0,3636.0,31.0,Ludhiana,Punjab,30.8,76.3,30.8,76.3,2017-02-09 00:50:15.000
1,363636.0,3636.0,31.0,Ludhiana,Punjab,30.8,76.3,30.8,76.3,2016-11-29 00:08:00.000
1,363636.0,3636.0,31.0,Ludhiana,Punjab,30.8,76.3,30.8,76.3,2017-01-23 22:38:47.000
1,363636.0,3636.0,31.0,Ludhiana,Punjab,30.8,76.3,30.8,76.3,2017-01-20 22:53:35.999
1,363636.0,3636.0,31.0,Ludhiana,Punjab,30.8,76.3,30.8,76.3,2017-01-09 00:08:48.999
1,363636.0,3636.0,31.0,Ludhiana,Punjab,30.8,76.3,30.8,76.3,2017-03-29 01:24:25.999
1,363636.0,3636.0,31.0,Ludhiana,Punjab,30.8,76.3,30.8,76.3,2016-11-25 23:05:00.000
1,363636.0,3636.0,31.0,Ludhiana,Punjab,30.8,76.3,30.8,76.3,2017-03-13 00:11:40.000
1,363636.0,3636.0,31.0,Ludhiana,Punjab,30.8,76.3,30.8,76.3,2017-03-31 03:17:42.000
1,363636.0,3636.0,31.0,Ludhiana,Punjab,30.8,76.3,30.8,76.3,2017-03-20 03:15:37.999
1,363636.0,3636.0,31.0,Ludhiana,Punjab,30.8,76.3,30.8,76.3,2016-12-31 23:29:04.000
1,363636.0,3636.0,31.0,Ludhiana,Punjab,30.8,76.3,30.8,76.3,2016-12-18 22:37:00.000
1,363636.0,3636.0,31.0,Ludhiana,Punjab,30.8,76.3,30.8,76.3,2016-11-22 22:38:00.000
1,363636.0,3636.0,31.0,Ludhiana,Punjab,30.8,76.3,30.8,76.3,2017-02-25 02:09:45.000
1,363636.0,3636.0,31.0,Ludhiana,Punjab,30.8,76.3,30.8,76.3,2017-04-04 06:26:37.000
1,363636.0,3636.0,31.0,Ludhiana,Punjab,30.8,76.3,30.8,76.3,2017-02-05 22:49:32.000
1,363636.0,3636.0,31.0,Ludhiana,Punjab,30.8,76.3,30.8,76.3,2017-01-03 00:32:01.000
1,363636.0,3636.0,31.0,Ludhiana,Punjab,30.8,76.3,30.8,76.3,2017-03-02 23:09:40.000
1,363636.0,3636.0,31.0,Ludhiana,Punjab,30.8,76.3,30.8,76.3,2016-12-04 22:54:00.000
1,363636.0,3636.0,31.0,Ludhiana,Punjab,30.8,76.3,30.8,76.3,2017-03-17 01:53:48.000
1,363636.0,3636.0,31.0,Ludhiana,Punjab,30.8,76.3,30.8,76.3,2017-03-26 23:39:37.999
1,363642.0,3636.0,31.0,Ludhiana,Punjab,30.8,76.3,30.8,76.3,2016-11-24 02:38:00.000
1,363642.0,3636.0,31.0,Ludhiana,Punjab,30.8,76.3,30.8,76.3,2017-02-22 01:05:33.000
1,363642.0,3636.0,31.0,Ludhiana,Punjab,30.8,76.3,30.8,76.3,2016-12-11 00:11:59.999
1,363642.0,3636.0,31.0,Ludhiana,Punjab,30.8,76.3,,,2017-04-04 08:46:53.952
1,363642.0,3636.0,31.0,Ludhiana,Punjab,30.8,76.3,30.8,76.3,2017-02-18 00:23:03.999
1,363642.0,3636.0,31.0,Ludhiana,Punjab,30.8,76.3,,,2017-04-04 08:46:53.952
1,363642.0,3636.0,31.0,Ludhiana,Punjab,30.8,76.3,30.8,76.3,2016-12-06 01:38:00.000
1,363642.0,3636.0,31.0,Ludhiana,Punjab,30.8,76.3,30.8,76.3,2016-12-21 01:59:00.000
1,363642.0,3636.0,31.0,Ludhiana,Punjab,30.8,76.3,,,2017-04-04 08:46:53.952
1,363642.0,3636.0,31.0,Ludhiana,Punjab,30.8,76.3,,,2017-04-04 08:46:53.952
1,363642.0,3636.0,31.0,Ludhiana,Punjab,30.8,76.3,30.8,76.3,2016-12-09 02:19:59.999
1,363642.0,3636.0,31.0,Ludhiana,Punjab,30.8,76.3,30.8,76.3,2016-11-29 22:41:00.000
1,416501.0,4165.0,30.0,Patiala,Punjab,30.200000000000003,76.2,,,2017-04-09 21:36:04.608
1,416501.0,4165.0,30.0,Patiala,Punjab,30.200000000000003,76.2,30.200000000000003,76.2,2016-11-26 01:05:00.000
1,416501.0,4165.0,30.0,Patiala,Punjab,30.200000000000003,76.2,,,2017-04-09 21:36:04.608
1,416501.0,4165.0,30.0,Patiala,Punjab,30.200000000000003,76.2,,,2017-04-09 21:36:04.608
1,416501.0,4165.0,30.0,Patiala,Punjab,30.200000000000003,76.2,30.200000000000003,76.2,2016-11-26 00:58:00.000
1,416501.0,4165.0,30.0,Patiala,Punjab,30.200000000000003,76.2,,,2017-04-09 21:36:04.608
1,416502.0,4165.0,30.0,Patiala,Punjab,30.200000000000003,76.2,30.200000000000003,76.2,2016-11-28 02:19:00.000
1,416502.0,4165.0,30.0,Patiala,Punjab,30.200000000000003,76.2,,,2017-04-09 21:55:44.256
1,416502.0,4165.0,30.0,Patiala,Punjab,30.200000000000003,76.2,30.200000000000003,76.2,2017-01-19 22:53:02.000
1,416502.0,4165.0,30.0,Patiala,Punjab,30.200000000000003,76.2,30.200000000000003,76.2,2017-02-24 22:46:22.000
1,416502.0,4165.0,30.0,Patiala,Punjab,30.200000000000003,76.2,30.200000000000003,76.2,2016-12-01 23:39:59.999
1,416502.0,4165.0,30.0,Patiala,Punjab,30.200000000000003,76.2,30.200000000000003,76.2,2016-12-13 23:06:59.999
1,416502.0,4165.0,30.0,Patiala,Punjab,30.200000000000003,76.2,30.200000000000003,76.2,2017-03-01 22:54:04.000
1,416502.0,4165.0,30.0,Patiala,Punjab,30.200000000000003,76.2,30.200000000000003,76.2,2016-12-13 22:59:00.000
1,416502.0,4165.0,30.0,Patiala,Punjab,30.200000000000003,76.2,30.200000000000003,76.2,2017-02-05 22:31:08.999
1,416502.0,4165.0,30.0,Patiala,Punjab,30.200000000000003,76.2,30.200000000000003,76.2,2017-01-11 22:25:16.000
1,416502.0,4165.0,30.0,Patiala,Punjab,30.200000000000003,76.2,30.200000000000003,76.2,2016-12-26 00:33:00.000
1,416502.0,4165.0,30.0,Patiala,Punjab,30.200000000000003,76.2,30.200000000000003,76.2,2017-01-21 22:59:17.000
1,416502.0,4165.0,30.0,Patiala,Punjab,30.200000000000003,76.2,30.200000000000003,76.2,2017-02-24 22:44:54.000
1,416502.0,4165.0,30.0,Patiala,Punjab,30.200000000000003,76.2,30.200000000000003,76.2,2017-03-16 23:50:12.000
1,416502.0,4165.0,30.0,Patiala,Punjab,30.200000000000003,76.2,30.200000000000003,76.2,2017-01-21 23:01:14.000
1,416502.0,4165.0,30.0,Patiala,Punjab,30.200000000000003,76.2,30.200000000000003,76.2,2017-02-16 00:03:55.999
1,416502.0,4165.0,30.0,Patiala,Punjab,30.200000000000003,76.2,30.200000000000003,76.2,2017-02-05 22:35:15.999
1,416502.0,4165.0,30.0,Patiala,Punjab,30.200000000000003,76.2,30.200000000000003,76.2,2016-12-01 23:35:59.999
1,416502.0,4165.0,30.0,Patiala,Punjab,30.200000000000003,76.2,30.200000000000003,76.2,2016-12-05 22:47:00.000
1,416502.0,4165.0,30.0,Patiala,Punjab,30.200000000000003,76.2,30.200000000000003,76.2,2016-12-18 22:59:00.000
1,416502.0,4165.0,30.0,Patiala,Punjab,30.200000000000003,76.2,30.200000000000003,76.2,2017-02-12 01:27:03.999
1,416502.0,4165.0,30.0,Patiala,Punjab,30.200000000000003,76.2,30.200000000000003,76.2,2017-03-05 22:52:44.999
1,416502.0,4165.0,30.0,Patiala,Punjab,30.200000000000003,76.2,30.200000000000003,76.2,2017-04-05 23:33:06.000
1,416502.0,4165.0,30.0,Patiala,Punjab,30.200000000000003,76.2,30.200000000000003,76.2,2017-03-20 23:26:04.000
1,416502.0,4165.0,30.0,Patiala,Punjab,30.200000000000003,76.2,,,2017-04-09 21:55:44.256
1,416502.0,4165.0,30.0,Patiala,Punjab,30.200000000000003,76.2,30.200000000000003,76.2,2017-04-03 22:10:22.000
1,416502.0,4165.0,30.0,Patiala,Punjab,30.200000000000003,76.2,30.200000000000003,76.2,2016-12-17 01:31:00.000
1,416502.0,4165.0,30.0,Patiala,Punjab,30.200000000000003,76.2,30.200000000000003,76.2,2017-02-01 22:37:11.999
1,416502.0,4165.0,30.0,Patiala,Punjab,30.200000000000003,76.2,30.200000000000003,76.2,2016-12-05 22:50:59.999
1,416502.0,4165.0,30.0,Patiala,Punjab,30.200000000000003,76.2,30.200000000000003,76.2,2017-01-04 23:06:25.000
1,416502.0,4165.0,30.0,Patiala,Punjab,30.200000000000003,76.2,30.200000000000003,76.2,2017-02-19 23:03:56.000
1,416502.0,4165.0,30.0,Patiala,Punjab,30.200000000000003,76.2,30.200000000000003,76.2,2016-12-28 00:53:00.000
1,416502.0,4165.0,30.0,Patiala,Punjab,30.200000000000003,76.2,30.200000000000003,76.2,2017-01-15 23:13:55.000
1,416502.0,4165.0,30.0,Patiala,Punjab,30.200000000000003,76.2,30.200000000000003,76.2,2016-12-28 00:55:00.000
1,416502.0,4165.0,30.0,Patiala,Punjab,30.200000000000003,76.2,30.200000000000003,76.2,2017-01-15 23:15:40.000
1,416502.0,4165.0,30.0,Patiala,Punjab,30.200000000000003,76.2,30.200000000000003,76.2,2017-03-20 23:29:12.000
1,416502.0,4165.0,30.0,Patiala,Punjab,30.200000000000003,76.2,30.200000000000003,76.2,2017-02-08 23:34:24.000
1,416502.0,4165.0,30.0,Patiala,Punjab,30.200000000000003,76.2,30.200000000000003,76.2,2017-02-19 23:02:27.000
1,416502.0,4165.0,30.0,Patiala,Punjab,30.200000000000003,76.2,30.200000000000003,76.2,2017-04-07 23:41:35.000
1,416502.0,4165.0,30.0,Patiala,Punjab,30.200000000000003,76.2,30.200000000000003,76.2,2017-03-18 23:59:07.999
1,416502.0,4165.0,30.0,Patiala,Punjab,30.200000000000003,76.2,30.200000000000003,76.2,2016-11-28 02:10:59.999
1,416502.0,4165.0,30.0,Patiala,Punjab,30.200000000000003,76.2,30.200000000000003,76.2,2017-04-05 23:35:54.000
1,416502.0,4165.0,30.0,Patiala,Punjab,30.200000000000003,76.2,30.200000000000003,76.2,2017-02-20 22:47:53.000
1,416505.0,4165.0,30.0,Patiala,Punjab,30.200000000000003,76.2,30.200000000000003,76.2,2016-12-14 23:13:00.000
1,416505.0,4165.0,30.0,Patiala,Punjab,30.200000000000003,76.2,30.200000000000003,76.2,2017-02-03 01:42:28.000
1,416505.0,4165.0,30.0,Patiala,Punjab,30.200000000000003,76.2,30.200000000000003,76.2,2017-02-17 01:05:51.999
1,416505.0,4165.0,30.0,Patiala,Punjab,30.200000000000003,76.2,30.200000000000003,76.2,2016-12-13 01:47:59.999
1,416505.0,4165.0,30.0,Patiala,Punjab,30.200000000000003,76.2,,,2017-04-09 21:55:44.256
1,416505.0,4165.0,30.0,Patiala,Punjab,30.200000000000003,76.2,30.200000000000003,76.2,2017-04-09 20:45:26.000
1,416505.0,4165.0,30.0,Patiala,Punjab,30.200000000000003,76.2,,,2017-04-09 21:55:44.256
1,416505.0,4165.0,30.0,Patiala,Punjab,30.200000000000003,76.2,30.200000000000003,76.2,2017-03-22 04:10:11.000
1,416505.0,4165.0,30.0,Patiala,Punjab,30.200000000000003,76.2,30.200000000000003,76.2,2017-01-16 00:38:26.000
1,416505.0,4165.0,30.0,Patiala,Punjab,30.200000000000003,76.2,30.200000000000003,76.2,2017-02-24 03:28:01.000
1,416505.0,4165.0,30.0,Patiala,Punjab,30.200000000000003,76.2,30.200000000000003,76.2,2017-04-09 20:50:07.000
1,416505.0,4165.0,30.0,Patiala,Punjab,30.200000000000003,76.2,30.200000000000003,76.2,2017-02-12 23:54:03.000
1,416508.0,4165.0,30.0,Patiala,Punjab,30.200000000000003,76.2,,,2017-04-09 22:19:46.048
1,416508.0,4165.0,30.0,Patiala,Punjab,30.200000000000003,76.2,30.200000000000003,76.2,2016-12-15 04:36:00.000
1,416508.0,4165.0,30.0,Patiala,Punjab,30.200000000000003,76.2,30.200000000000003,76.2,2017-04-09 21:08:40.999
1,416508.0,4165.0,30.0,Patiala,Punjab,30.200000000000003,76.2,30.200000000000003,76.2,2017-04-09 21:13:17.999
1,416508.0,4165.0,30.0,Patiala,Punjab,30.200000000000003,76.2,30.200000000000003,76.2,2017-03-14 05:58:48.000
1,416508.0,4165.0,30.0,Patiala,Punjab,30.200000000000003,76.2,,,2017-04-09 22:19:46.048
1,416508.0,4165.0,30.0,Patiala,Punjab,30.200000000000003,76.2,30.200000000000003,76.2,2017-01-23 05:55:43.999
1,416510.0,4165.0,30.0,Patiala,Punjab,30.200000000000003,76.2,30.200000000000003,76.2,2017-01-07 22:42:54.000
1,416510.0,4165.0,30.0,Patiala,Punjab,30.200000000000003,76.2,,,2017-04-09 21:44:48.896
1,416510.0,4165.0,30.0,Patiala,Punjab,30.200000000000003,76.2,30.200000000000003,76.2,2017-01-28 23:58:00.000
1,416510.0,4165.0,30.0,Patiala,Punjab,30.200000000000003,76.2,,,2017-04-09 21:44:48.896
1,416510.0,4165.0,30.0,Patiala,Punjab,30.200000000000003,76.2,,,2017-04-09 21:44:48.896
1,416510.0,4165.0,30.0,Patiala,Punjab,30.200000000000003,76.2,,,2017-04-09 21:44:48.896
1,416515.0,4165.0,30.0,Patiala,Punjab,30.200000000000003,76.2,30.200000000000003,76.2,2016-12-30 00:24:00.000
1,416515.0,4165.0,30.0,Patiala,Punjab,30.200000000000003,76.2,30.200000000000003,76.2,2016-11-22 21:59:59.999
1,416515.0,4165.0,30.0,Patiala,Punjab,30.200000000000003,76.2,,,2017-04-09 22:08:50.688
1,416515.0,4165.0,30.0,Patiala,Punjab,30.200000000000003,76.2,30.200000000000003,76.2,2017-04-09 21:01:24.999
1,416515.0,4165.0,30.0,Patiala,Punjab,30.200000000000003,76.2,30.200000000000003,76.2,2017-02-09 03:25:34.999
1,416515.0,4165.0,30.0,Patiala,Punjab,30.200000000000003,76.2,,,2017-04-09 22:08:50.688
1,416515.0,4165.0,30.0,Patiala,Punjab,30.200000000000003,76.2,30.200000000000003,76.2,2017-03-01 21:56:43.000
1,416515.0,4165.0,30.0,Patiala,Punjab,30.200000000000003,76.2,30.200000000000003,76.2,2017-04-09 20:57:03.999
1,416515.0,4165.0,30.0,Patiala,Punjab,30.200000000000003,76.2,30.200000000000003,76.2,2017-02-12 22:24:44.000
1,416516.0,4165.0,30.0,Patiala,Punjab,30.200000000000003,76.2,,,2017-04-09 22:26:19.264
1,416516.0,4165.0,30.0,Patiala,Punjab,30.200000000000003,76.2,,,2017-04-09 22:26:19.264
1,416516.0,4165.0,30.0,Patiala,Punjab,30.200000000000003,76.2,,,2017-04-09 22:26:19.264
1,416516.0,4165.0,30.0,Patiala,Punjab,30.200000000000003,76.2,30.200000000000003,76.2,2016-12-24 03:20:00.000
1,416516.0,4165.0,30.0,Patiala,Punjab,30.200000000000003,76.2,,,2017-04-09 22:26:19.264
1,416538.0,4165.0,30.0,Patiala,Punjab,30.200000000000003,76.2,30.200000000000003,76.2,2016-12-19 03:19:00.000
1,416538.0,4165.0,30.0,Patiala,Punjab,30.200000000000003,76.2,30.200000000000003,76.2,2017-03-29 03:25:36.000
1,416538.0,4165.0,30.0,Patiala,Punjab,30.200000000000003,76.2,30.200000000000003,76.2,2017-03-08 21:56:45.000
1,416538.0,4165.0,30.0,Patiala,Punjab,30.200000000000003,76.2,30.200000000000003,76.2,2017-04-05 06:43:19.000
1,416538.0,4165.0,30.0,Patiala,Punjab,30.200000000000003,76.2,30.200000000000003,76.2,2017-03-08 21:55:14.000
1,416538.0,4165.0,30.0,Patiala,Punjab,30.200000000000003,76.2,30.200000000000003,76.2,2017-04-04 23:16:11.000
1,416538.0,4165.0,30.0,Patiala,Punjab,30.200000000000003,76.2,30.200000000000003,76.2,2016-12-21 04:49:00.000
1,416538.0,4165.0,30.0,Patiala,Punjab,30.200000000000003,76.2,30.200000000000003,76.2,2016-12-14 01:44:59.999
1,416538.0,4165.0,30.0,Patiala,Punjab,30.200000000000003,76.2,30.200000000000003,76.2,2017-04-04 23:15:20.999
1,416538.0,4165.0,30.0,Patiala,Punjab,30.200000000000003,76.2,30.200000000000003,76.2,2016-12-14 01:43:00.000
1,416538.0,4165.0,30.0,Patiala,Punjab,30.200000000000003,76.2,30.200000000000003,76.2,2017-03-12 08:15:14.999
1,416538.0,4165.0,30.0,Patiala,Punjab,30.200000000000003,76.2,,,2017-04-09 21:42:37.824
1,416538.0,4165.0,30.0,Patiala,Punjab,30.200000000000003,76.2,30.200000000000003,76.2,2017-02-28 04:53:54.999
1,416538.0,4165.0,30.0,Patiala,Punjab,30.200000000000003,76.2,30.200000000000003,76.2,2017-02-21 23:20:45.999
1,416538.0,4165.0,30.0,Patiala,Punjab,30.200000000000003,76.2,30.200000000000003,76.2,2017-01-01 22:45:50.999
1,416538.0,4165.0,30.0,Patiala,Punjab,30.200000000000003,76.2,30.200000000000003,76.2,2017-03-21 06:42:17.000
1,416538.0,4165.0,30.0,Patiala,Punjab,30.200000000000003,76.2,30.200000000000003,76.2,2017-03-12 08:14:23.000
1,416538.0,4165.0,30.0,Patiala,Punjab,30.200000000000003,76.2,30.200000000000003,76.2,2017-03-29 03:26:36.000
1,416538.0,4165.0,30.0,Patiala,Punjab,30.200000000000003,76.2,30.200000000000003,76.2,2017-03-29 03:27:24.000
1,416538.0,4165.0,30.0,Patiala,Punjab,30.200000000000003,76.2,30.200000000000003,76.2,2017-03-10 21:50:02.999
1,416538.0,4165.0,30.0,Patiala,Punjab,30.200000000000003,76.2,30.200000000000003,76.2,2017-01-05 02:09:16.000
1,416538.0,4165.0,30.0,Patiala,Punjab,30.200000000000003,76.2,30.200000000000003,76.2,2017-02-20 04:27:11.999
1,416538.0,4165.0,30.0,Patiala,Punjab,30.200000000000003,76.2,30.200000000000003,76.2,2017-04-09 20:35:24.000
1,416538.0,4165.0,30.0,Patiala,Punjab,30.200000000000003,76.2,30.200000000000003,76.2,2017-03-10 21:50:50.000
1,416538.0,4165.0,30.0,Patiala,Punjab,30.200000000000003,76.2,,,2017-04-09 21:42:37.824
1,416538.0,4165.0,30.0,Patiala,Punjab,30.200000000000003,76.2,30.200000000000003,76.2,2017-03-21 06:42:57.999
1,416538.0,4165.0,30.0,Patiala,Punjab,30.200000000000003,76.2,30.200000000000003,76.2,2017-03-23 04:54:50.000
1,416538.0,4165.0,30.0,Patiala,Punjab,30.200000000000003,76.2,30.200000000000003,76.2,2017-03-08 21:56:02.000
1,416538.0,4165.0,30.0,Patiala,Punjab,30.200000000000003,76.2,30.200000000000003,76.2,2017-04-09 20:29:35.999
1,416538.0,4165.0,30.0,Patiala,Punjab,30.200000000000003,76.2,30.200000000000003,76.2,2016-12-14 01:31:00.000
1,416538.0,4165.0,30.0,Patiala,Punjab,30.200000000000003,76.2,30.200000000000003,76.2,2017-02-25 00:12:50.999
1,423101.0,4231.0,32.0,Patiala,Punjab,30.1,76.3,30.1,76.3,2016-12-13 23:42:59.999
1,423101.0,4231.0,32.0,Patiala,Punjab,30.1,76.3,30.1,76.3,2016-12-05 23:51:00.000
1,423101.0,4231.0,32.0,Patiala,Punjab,30.1,76.3,30.1,76.3,2017-01-23 23:21:44.000
1,423101.0,4231.0,32.0,Patiala,Punjab,30.1,76.3,30.1,76.3,2017-01-17 00:38:07.000
1,423101.0,4231.0,32.0,Patiala,Punjab,30.1,76.3,30.1,76.3,2016-12-18 23:55:59.999
1,423101.0,4231.0,32.0,Patiala,Punjab,30.1,76.3,30.1,76.3,2017-01-17 00:36:06.999
1,423101.0,4231.0,32.0,Patiala,Punjab,30.1,76.3,30.1,76.3,2017-04-09 06:26:43.000
1,423101.0,4231.0,32.0,Patiala,Punjab,30.1,76.3,30.1,76.3,2016-12-13 23:47:00.000
1,423101.0,4231.0,32.0,Patiala,Punjab,30.1,76.3,30.1,76.3,2016-11-18 00:11:00.000
1,423101.0,4231.0,32.0,Patiala,Punjab,30.1,76.3,30.1,76.3,2016-12-19 23:51:00.000
1,423101.0,4231.0,32.0,Patiala,Punjab,30.1,76.3,30.1,76.3,2017-03-01 23:29:24.000
1,423101.0,4231.0,32.0,Patiala,Punjab,30.1,76.3,30.1,76.3,2017-01-04 23:00:54.999
1,423101.0,4231.0,32.0,Patiala,Punjab,30.1,76.3,30.1,76.3,2016-12-15 23:06:00.000
1,423101.0,4231.0,32.0,Patiala,Punjab,30.1,76.3,30.1,76.3,2016-12-08 00:38:00.000
1,423101.0,4231.0,32.0,Patiala,Punjab,30.1,76.3,30.1,76.3,2016-12-08 00:39:00.000
1,423101.0,4231.0,32.0,Patiala,Punjab,30.1,76.3,30.1,76.3,2016-12-28 01:47:59.999
1,423101.0,4231.0,32.0,Patiala,Punjab,30.1,76.3,30.1,76.3,2016-11-18 00:14:59.999
1,423101.0,4231.0,32.0,Patiala,Punjab,30.1,76.3,30.1,76.3,2016-12-28 01:38:59.999
1,423101.0,4231.0,32.0,Patiala,Punjab,30.1,76.3,30.1,76.3,2017-01-04 23:00:07.000
1,423101.0,4231.0,32.0,Patiala,Punjab,30.1,76.3,30.1,76.3,2017-02-06 01:36:47.999
1,423101.0,4231.0,32.0,Patiala,Punjab,30.1,76.3,30.1,76.3,2017-02-20 23:51:57.999
1,423101.0,4231.0,32.0,Patiala,Punjab,30.1,76.3,30.1,76.3,2017-02-06 01:38:10.000
1,423101.0,4231.0,32.0,Patiala,Punjab,30.1,76.3,,,2017-04-09 07:28:28.672
1,423101.0,4231.0,32.0,Patiala,Punjab,30.1,76.3,,,2017-04-09 07:28:28.672
1,423101.0,4231.0,32.0,Patiala,Punjab,30.1,76.3,30.1,76.3,2016-12-19 23:48:00.000
1,423101.0,4231.0,32.0,Patiala,Punjab,30.1,76.3,30.1,76.3,2016-12-13 23:45:59.999
1,423101.0,4231.0,32.0,Patiala,Punjab,30.1,76.3,30.1,76.3,2016-12-15 23:09:00.000
1,423105.0,4231.0,32.0,Patiala,Punjab,30.1,76.3,30.1,76.3,2017-01-02 02:16:48.000
1,423105.0,4231.0,32.0,Patiala,Punjab,30.1,76.3,30.1,76.3,2017-02-18 00:37:26.999
1,423105.0,4231.0,32.0,Patiala,Punjab,30.1,76.3,30.1,76.3,2017-03-20 23:47:12.000
1,423105.0,4231.0,32.0,Patiala,Punjab,30.1,76.3,30.1,76.3,2017-01-09 01:09:51.999
1,423105.0,4231.0,32.0,Patiala,Punjab,30.1,76.3,30.1,76.3,2017-03-27 00:00:13.000
1,423105.0,4231.0,32.0,Patiala,Punjab,30.1,76.3,30.1,76.3,2016-12-30 23:06:08.999
1,423105.0,4231.0,32.0,Patiala,Punjab,30.1,76.3,30.1,76.3,2017-02-22 00:38:41.000
1,423105.0,4231.0,32.0,Patiala,Punjab,30.1,76.3,30.1,76.3,2017-03-07 02:28:33.999
1,423105.0,4231.0,32.0,Patiala,Punjab,30.1,76.3,30.1,76.3,2017-01-14 00:34:21.999
1,423105.0,4231.0,32.0,Patiala,Punjab,30.1,76.3,30.1,76.3,2017-03-13 01:25:59.999
1,423105.0,4231.0,32.0,Patiala,Punjab,30.1,76.3,30.1,76.3,2017-02-12 00:58:54.000
1,423105.0,4231.0,32.0,Patiala,Punjab,30.1,76.3,30.1,76.3,2016-12-24 01:46:00.000
1,423105.0,4231.0,32.0,Patiala,Punjab,30.1,76.3,30.1,76.3,2017-03-05 23:50:19.000
1,423105.0,4231.0,32.0,Patiala,Punjab,30.1,76.3,30.1,76.3,2017-03-13 23:48:32.000
1,423105.0,4231.0,32.0,Patiala,Punjab,30.1,76.3,30.1,76.3,2016-12-20 00:42:00.000
1,423105.0,4231.0,32.0,Patiala,Punjab,30.1,76.3,30.1,76.3,2017-02-09 02:09:41.999
1,423105.0,4231.0,32.0,Patiala,Punjab,30.1,76.3,30.1,76.3,2017-01-05 01:39:03.000
1,423105.0,4231.0,32.0,Patiala,Punjab,30.1,76.3,30.1,76.3,2017-04-03 01:58:26.000
1,423105.0,4231.0,32.0,Patiala,Punjab,30.1,76.3,30.1,76.3,2017-02-26 01:37:08.999
1,423105.0,4231.0,32.0,Patiala,Punjab,30.1,76.3,30.1,76.3,2017-03-02 23:36:29.000
1,423105.0,4231.0,32.0,Patiala,Punjab,30.1,76.3,30.1,76.3,2017-03-16 00:35:20.000
1,423105.0,4231.0,32.0,Patiala,Punjab,30.1,76.3,30.1,76.3,2017-02-05 22:40:03.000
1,423105.0,4231.0,32.0,Patiala,Punjab,30.1,76.3,30.1,76.3,2017-02-13 01:28:45.000
1,423105.0,4231.0,32.0,Patiala,Punjab,30.1,76.3,30.1,76.3,2017-01-24 22:58:09.000
1,423105.0,4231.0,32.0,Patiala,Punjab,30.1,76.3,30.1,76.3,2017-02-27 01:06:05.000
1,423105.0,4231.0,32.0,Patiala,Punjab,30.1,76.3,30.1,76.3,2016-12-15 00:19:00.000
1,423105.0,4231.0,32.0,Patiala,Punjab,30.1,76.3,30.1,76.3,2016-12-28 00:01:59.999
1,423105.0,4231.0,32.0,Patiala,Punjab,30.1,76.3,30.1,76.3,2017-02-14 01:40:11.999
1,423105.0,4231.0,32.0,Patiala,Punjab,30.1,76.3,30.1,76.3,2017-02-24 01:27:16.000
1,423105.0,4231.0,32.0,Patiala,Punjab,30.1,76.3,30.1,76.3,2017-02-02 00:56:31.000
1,423105.0,4231.0,32.0,Patiala,Punjab,30.1,76.3,30.1,76.3,2017-02-20 22:57:24.999
1,423105.0,4231.0,32.0,Patiala,Punjab,30.1,76.3,30.1,76.3,2017-02-11 01:12:26.000
1,423105.0,4231.0,32.0,Patiala,Punjab,30.1,76.3,30.1,76.3,2016-12-12 23:16:00.000
1,423105.0,4231.0,32.0,Patiala,Punjab,30.1,76.3,30.1,76.3,2017-03-08 22:44:56.999
1,423105.0,4231.0,32.0,Patiala,Punjab,30.1,76.3,30.1,76.3,2017-02-20 00:46:39.000
1,423105.0,4231.0,32.0,Patiala,Punjab,30.1,76.3,30.1,76.3,2016-12-21 23:58:59.999
1,423110.0,4231.0,32.0,Patiala,Punjab,30.1,76.3,30.1,76.3,2017-01-07 02:05:15.000
1,423110.0,4231.0,32.0,Patiala,Punjab,30.1,76.3,30.1,76.3,2016-12-26 23:58:59.999
1,423110.0,4231.0,32.0,Patiala,Punjab,30.1,76.3,30.1,76.3,2016-12-22 00:20:59.999
1,423110.0,4231.0,32.0,Patiala,Punjab,30.1,76.3,30.1,76.3,2016-12-16 01:50:59.999
1,423110.0,4231.0,32.0,Patiala,Punjab,30.1,76.3,30.1,76.3,2017-01-20 01:15:43.999
1,423110.0,4231.0,32.0,Patiala,Punjab,30.1,76.3,30.1,76.3,2016-12-06 02:03:00.000
1,423110.0,4231.0,32.0,Patiala,Punjab,30.1,76.3,30.1,76.3,2017-02-28 00:23:27.000
1,423110.0,4231.0,32.0,Patiala,Punjab,30.1,76.3,30.1,76.3,2017-01-20 01:17:57.999
1,423110.0,4231.0,32.0,Patiala,Punjab,30.1,76.3,30.1,76.3,2017-01-24 23:40:31.999
1,423110.0,4231.0,32.0,Patiala,Punjab,30.1,76.3,30.1,76.3,2017-01-10 23:56:34.999
1,423110.0,4231.0,32.0,Patiala,Punjab,30.1,76.3,30.1,76.3,2016-11-18 01:33:00.000
1,423110.0,4231.0,32.0,Patiala,Punjab,30.1,76.3,30.1,76.3,2017-01-03 02:06:37.000
1,423110.0,4231.0,32.0,Patiala,Punjab,30.1,76.3,30.1,76.3,2016-12-29 01:47:59.999
1,423110.0,4231.0,32.0,Patiala,Punjab,30.1,76.3,30.1,76.3,2016-12-22 00:20:00.000
1,423110.0,4231.0,32.0,Patiala,Punjab,30.1,76.3,30.1,76.3,2016-12-18 01:18:59.999
1,423110.0,4231.0,32.0,Patiala,Punjab,30.1,76.3,,,2017-04-09 06:38:14.016
1,423110.0,4231.0,32.0,Patiala,Punjab,30.1,76.3,,,2017-04-09 06:38:14.016
1,423110.0,4231.0,32.0,Patiala,Punjab,30.1,76.3,30.1,76.3,2016-12-06 02:03:59.999
1,423110.0,4231.0,32.0,Patiala,Punjab,30.1,76.3,30.1,76.3,2017-03-07 01:08:14.999
1,423110.0,4231.0,32.0,Patiala,Punjab,30.1,76.3,30.1,76.3,2016-12-26 23:57:00.000
1,423110.0,4231.0,32.0,Patiala,Punjab,30.1,76.3,,,2017-04-09 06:38:14.016
1,423110.0,4231.0,32.0,Patiala,Punjab,30.1,76.3,,,2017-04-09 06:38:14.016
1,423110.0,4231.0,32.0,Patiala,Punjab,30.1,76.3,30.1,76.3,2017-02-20 02:27:15.000
1,423110.0,4231.0,32.0,Patiala,Punjab,30.1,76.3,30.1,76.3,2017-01-30 01:01:52.999
1,423110.0,4231.0,32.0,Patiala,Punjab,30.1,76.3,30.1,76.3,2016-12-11 01:53:00.000
1,423110.0,4231.0,32.0,Patiala,Punjab,30.1,76.3,30.1,76.3,2016-12-08 02:19:00.000
1,423110.0,4231.0,32.0,Patiala,Punjab,30.1,76.3,30.1,76.3,2017-01-16 00:08:40.999
1,423110.0,4231.0,32.0,Patiala,Punjab,30.1,76.3,30.1,76.3,2016-12-18 01:20:00.000
1,423110.0,4231.0,32.0,Patiala,Punjab,30.1,76.3,30.1,76.3,2017-02-20 02:29:04.000
1,423116.0,4231.0,32.0,Patiala,Punjab,30.1,76.3,30.1,76.3,2016-11-18 23:45:59.999
1,423116.0,4231.0,32.0,Patiala,Punjab,30.1,76.3,30.1,76.3,2016-11-27 23:23:00.000
1,423121.0,4231.0,32.0,Patiala,Punjab,30.1,76.3,30.1,76.3,2016-12-12 23:50:00.000
1,423130.0,4231.0,32.0,Patiala,Punjab,30.1,76.3,30.1,76.3,2016-12-04 01:28:59.999
1,430704.0,4307.0,24.0,Patiala,Punjab,30.400000000000002,76.3,30.400000000000002,76.3,2017-01-17 00:46:24.000
1,430704.0,4307.0,24.0,Patiala,Punjab,30.400000000000002,76.3,30.400000000000002,76.3,2017-01-19 21:57:20.999
1,430704.0,4307.0,24.0,Patiala,Punjab,30.400000000000002,76.3,30.400000000000002,76.3,2017-01-12 01:22:24.999
1,430704.0,4307.0,24.0,Patiala,Punjab,30.400000000000002,76.3,30.400000000000002,76.3,2017-01-27 00:41:19.000
1,430704.0,4307.0,24.0,Patiala,Punjab,30.400000000000002,76.3,30.400000000000002,76.3,2017-01-18 00:08:08.000
1,430704.0,4307.0,24.0,Patiala,Punjab,30.400000000000002,76.3,30.400000000000002,76.3,2017-01-14 01:03:37.000
1,430704.0,4307.0,24.0,Patiala,Punjab,30.400000000000002,76.3,30.400000000000002,76.3,2017-01-27 00:39:56.000
1,430704.0,4307.0,24.0,Patiala,Punjab,30.400000000000002,76.3,30.400000000000002,76.3,2017-01-23 23:18:41.000
1,430704.0,4307.0,24.0,Patiala,Punjab,30.400000000000002,76.3,30.400000000000002,76.3,2017-01-18 00:05:10.999
1,430704.0,4307.0,24.0,Patiala,Punjab,30.400000000000002,76.3,30.400000000000002,76.3,2017-01-25 01:08:45.000
1,430708.0,4307.0,24.0,Patiala,Punjab,30.400000000000002,76.3,30.400000000000002,76.3,2017-04-20 23:23:56.999
1,430708.0,4307.0,24.0,Patiala,Punjab,30.400000000000002,76.3,30.400000000000002,76.3,2016-11-19 02:15:00.000
1,430708.0,4307.0,24.0,Patiala,Punjab,30.400000000000002,76.3,30.400000000000002,76.3,2016-12-01 00:01:00.000
1,430708.0,4307.0,24.0,Patiala,Punjab,30.400000000000002,76.3,30.400000000000002,76.3,2016-11-27 23:22:00.000
1,430708.0,4307.0,24.0,Patiala,Punjab,30.400000000000002,76.3,30.400000000000002,76.3,2016-11-14 23:51:00.000
1,430708.0,4307.0,24.0,Patiala,Punjab,30.400000000000002,76.3,30.400000000000002,76.3,2016-11-24 23:55:59.999
1,430708.0,4307.0,24.0,Patiala,Punjab,30.400000000000002,76.3,30.400000000000002,76.3,2017-04-20 23:23:04.000
1,430708.0,4307.0,24.0,Patiala,Punjab,30.400000000000002,76.3,30.400000000000002,76.3,2017-04-02 23:30:52.000
1,430708.0,4307.0,24.0,Patiala,Punjab,30.400000000000002,76.3,30.400000000000002,76.3,2017-03-28 23:51:42.000
1,430708.0,4307.0,24.0,Patiala,Punjab,30.400000000000002,76.3,30.400000000000002,76.3,2017-04-12 23:42:53.000
1,430708.0,4307.0,24.0,Patiala,Punjab,30.400000000000002,76.3,30.400000000000002,76.3,2016-11-30 00:07:00.000
1,430708.0,4307.0,24.0,Patiala,Punjab,30.400000000000002,76.3,,,2017-04-08 02:55:48.224
1,430708.0,4307.0,24.0,Patiala,Punjab,30.400000000000002,76.3,30.400000000000002,76.3,2016-12-03 23:16:59.999
1,430708.0,4307.0,24.0,Patiala,Punjab,30.400000000000002,76.3,,,2017-04-08 02:55:48.224
1,430711.0,4307.0,24.0,Patiala,Punjab,30.400000000000002,76.3,30.400000000000002,76.3,2017-01-24 22:30:08.000
1,430711.0,4307.0,24.0,Patiala,Punjab,30.400000000000002,76.3,30.400000000000002,76.3,2017-03-01 01:33:09.000
1,430711.0,4307.0,24.0,Patiala,Punjab,30.400000000000002,76.3,30.400000000000002,76.3,2017-02-11 22:43:17.999
1,430711.0,4307.0,24.0,Patiala,Punjab,30.400000000000002,76.3,30.400000000000002,76.3,2017-02-23 22:35:40.999
1,430711.0,4307.0,24.0,Patiala,Punjab,30.400000000000002,76.3,30.400000000000002,76.3,2017-02-05 00:31:23.999
1,430711.0,4307.0,24.0,Patiala,Punjab,30.400000000000002,76.3,,,2017-04-08 02:38:19.648
1,430711.0,4307.0,24.0,Patiala,Punjab,30.400000000000002,76.3,30.400000000000002,76.3,2017-01-19 01:51:29.000
1,430711.0,4307.0,24.0,Patiala,Punjab,30.400000000000002,76.3,30.400000000000002,76.3,2017-02-06 00:46:54.999
1,430711.0,4307.0,24.0,Patiala,Punjab,30.400000000000002,76.3,30.400000000000002,76.3,2017-04-08 01:16:04.999
1,430711.0,4307.0,24.0,Patiala,Punjab,30.400000000000002,76.3,30.400000000000002,76.3,2017-03-18 01:16:53.999
1,430711.0,4307.0,24.0,Patiala,Punjab,30.400000000000002,76.3,30.400000000000002,76.3,2017-03-05 00:16:55.000
1,430711.0,4307.0,24.0,Patiala,Punjab,30.400000000000002,76.3,30.400000000000002,76.3,2017-02-04 00:33:03.999
1,430711.0,4307.0,24.0,Patiala,Punjab,30.400000000000002,76.3,30.400000000000002,76.3,2017-02-02 02:15:55.000
1,430711.0,4307.0,24.0,Patiala,Punjab,30.400000000000002,76.3,30.400000000000002,76.3,2017-02-06 00:48:19.000
1,430711.0,4307.0,24.0,Patiala,Punjab,30.400000000000002,76.3,30.400000000000002,76.3,2017-01-29 00:18:45.000
1,430711.0,4307.0,24.0,Patiala,Punjab,30.400000000000002,76.3,30.400000000000002,76.3,2017-03-08 01:56:56.000
1,430711.0,4307.0,24.0,Patiala,Punjab,30.400000000000002,76.3,30.400000000000002,76.3,2017-04-09 00:51:25.000
1,430711.0,4307.0,24.0,Patiala,Punjab,30.400000000000002,76.3,30.400000000000002,76.3,2017-03-18 01:21:30.000
1,430711.0,4307.0,24.0,Patiala,Punjab,30.400000000000002,76.3,30.400000000000002,76.3,2017-04-09 00:50:50.999
1,430711.0,4307.0,24.0,Patiala,Punjab,30.400000000000002,76.3,30.400000000000002,76.3,2017-01-29 00:22:04.000
1,430711.0,4307.0,24.0,Patiala,Punjab,30.400000000000002,76.3,30.400000000000002,76.3,2017-02-23 22:35:15.999
1,430711.0,4307.0,24.0,Patiala,Punjab,30.400000000000002,76.3,30.400000000000002,76.3,2017-04-08 01:27:05.000
1,430711.0,4307.0,24.0,Patiala,Punjab,30.400000000000002,76.3,,,2017-04-08 02:38:19.648
1,430711.0,4307.0,24.0,Patiala,Punjab,30.400000000000002,76.3,30.400000000000002,76.3,2017-02-04 00:36:19.999
1,430711.0,4307.0,24.0,Patiala,Punjab,30.400000000000002,76.3,30.400000000000002,76.3,2017-03-20 01:58:25.000
1,430711.0,4307.0,24.0,Patiala,Punjab,30.400000000000002,76.3,30.400000000000002,76.3,2017-03-20 01:59:06.000
1,430711.0,4307.0,24.0,Patiala,Punjab,30.400000000000002,76.3,30.400000000000002,76.3,2017-02-11 22:42:54.000
1,430711.0,4307.0,24.0,Patiala,Punjab,30.400000000000002,76.3,30.400000000000002,76.3,2017-02-11 00:11:12.000
1,430711.0,4307.0,24.0,Patiala,Punjab,30.400000000000002,76.3,30.400000000000002,76.3,2017-02-21 02:08:25.000
1,430711.0,4307.0,24.0,Patiala,Punjab,30.400000000000002,76.3,30.400000000000002,76.3,2017-02-05 00:30:32.999
1,430711.0,4307.0,24.0,Patiala,Punjab,30.400000000000002,76.3,30.400000000000002,76.3,2017-03-05 00:17:16.999
1,430711.0,4307.0,24.0,Patiala,Punjab,30.400000000000002,76.3,30.400000000000002,76.3,2017-02-21 02:07:55.000
1,430711.0,4307.0,24.0,Patiala,Punjab,30.400000000000002,76.3,30.400000000000002,76.3,2017-02-11 00:12:06.000
1,430711.0,4307.0,24.0,Patiala,Punjab,30.400000000000002,76.3,30.400000000000002,76.3,2017-03-01 01:33:33.000
1,430711.0,4307.0,24.0,Patiala,Punjab,30.400000000000002,76.3,30.400000000000002,76.3,2017-04-08 01:31:19.999
1,430711.0,4307.0,24.0,Patiala,Punjab,30.400000000000002,76.3,30.400000000000002,76.3,2017-03-12 00:11:37.000
1,430711.0,4307.0,24.0,Patiala,Punjab,30.400000000000002,76.3,30.400000000000002,76.3,2017-01-29 00:21:24.000
2,430713.0,4307.0,24.0,Patiala,Punjab,30.400000000000002,76.3,30.400000000000002,76.3,2017-04-07 20:30:07.999
2,430713.0,4307.0,24.0,Patiala,Punjab,30.400000000000002,76.3,30.400000000000002,76.3,2017-03-29 04:02:50.000
2,430713.0,4307.0,24.0,Patiala,Punjab,30.400000000000002,76.3,,,2017-04-08 02:20:51.072
1,430713.0,4307.0,24.0,Patiala,Punjab,30.400000000000002,76.3,30.400000000000002,76.3,2017-01-19 23:51:02.000
2,430713.0,4307.0,24.0,Patiala,Punjab,30.400000000000002,76.3,30.400000000000002,76.3,2017-04-07 06:44:31.000
2,430713.0,4307.0,24.0,Patiala,Punjab,30.400000000000002,76.3,30.400000000000002,76.3,2017-03-21 00:51:49.000
2,430713.0,4307.0,24.0,Patiala,Punjab,30.400000000000002,76.3,30.400000000000002,76.3,2017-03-15 03:13:55.000
2,430713.0,4307.0,24.0,Patiala,Punjab,30.400000000000002,76.3,30.400000000000002,76.3,2017-04-05 21:05:05.000
2,430713.0,4307.0,24.0,Patiala,Punjab,30.400000000000002,76.3,30.400000000000002,76.3,2017-03-14 02:07:29.999
2,430713.0,4307.0,24.0,Patiala,Punjab,30.400000000000002,76.3,30.400000000000002,76.3,2017-03-31 04:06:21.999
2,430713.0,4307.0,24.0,Patiala,Punjab,30.400000000000002,76.3,30.400000000000002,76.3,2017-03-17 20:55:39.000
2,430713.0,4307.0,24.0,Patiala,Punjab,30.400000000000002,76.3,30.400000000000002,76.3,2017-03-13 02:41:09.000
2,430713.0,4307.0,24.0,Patiala,Punjab,30.400000000000002,76.3,30.400000000000002,76.3,2017-03-21 23:53:07.000
2,430713.0,4307.0,24.0,Patiala,Punjab,30.400000000000002,76.3,30.400000000000002,76.3,2017-03-07 04:08:11.000
2,430713.0,4307.0,24.0,Patiala,Punjab,30.400000000000002,76.3,30.400000000000002,76.3,2017-03-10 20:32:53.000
2,430713.0,4307.0,24.0,Patiala,Punjab,30.400000000000002,76.3,,,2017-04-08 02:20:51.072
2,430713.0,4307.0,24.0,Patiala,Punjab,30.400000000000002,76.3,30.400000000000002,76.3,2017-03-10 03:57:25.000
2,430713.0,4307.0,24.0,Patiala,Punjab,30.400000000000002,76.3,30.400000000000002,76.3,2017-03-11 04:17:36.999
2,430713.0,4307.0,24.0,Patiala,Punjab,30.400000000000002,76.3,30.400000000000002,76.3,2017-04-02 20:44:01.999
2,430713.0,4307.0,24.0,Patiala,Punjab,30.400000000000002,76.3,30.400000000000002,76.3,2017-03-31 20:16:59.999
2,430713.0,4307.0,24.0,Patiala,Punjab,30.400000000000002,76.3,30.400000000000002,76.3,2017-03-18 20:35:35.000
2,430713.0,4307.0,24.0,Patiala,Punjab,30.400000000000002,76.3,30.400000000000002,76.3,2017-04-03 21:16:05.000
2,430713.0,4307.0,24.0,Patiala,Punjab,30.400000000000002,76.3,30.400000000000002,76.3,2017-04-01 20:30:14.000
2,430713.0,4307.0,24.0,Patiala,Punjab,30.400000000000002,76.3,30.400000000000002,76.3,2017-03-17 05:39:48.999
2,430713.0,4307.0,24.0,Patiala,Punjab,30.400000000000002,76.3,30.400000000000002,76.3,2017-03-09 20:00:32.000
2,430713.0,4307.0,24.0,Patiala,Punjab,30.400000000000002,76.3,30.400000000000002,76.3,2017-03-05 04:47:31.000
2,430713.0,4307.0,24.0,Patiala,Punjab,30.400000000000002,76.3,30.400000000000002,76.3,2017-03-27 03:23:03.000
2,430713.0,4307.0,24.0,Patiala,Punjab,30.400000000000002,76.3,30.400000000000002,76.3,2017-03-29 20:59:45.000
2,430713.0,4307.0,24.0,Patiala,Punjab,30.400000000000002,76.3,30.400000000000002,76.3,2017-03-30 20:08:34.000
1,430716.0,4307.0,24.0,Patiala,Punjab,30.400000000000002,76.3,,,2017-04-08 01:32:47.488
1,430716.0,4307.0,24.0,Patiala,Punjab,30.400000000000002,76.3,30.400000000000002,76.3,2017-04-13 03:16:25.000
1,430716.0,4307.0,24.0,Patiala,Punjab,30.400000000000002,76.3,30.400000000000002,76.3,2016-11-14 00:08:00.000
1,430716.0,4307.0,24.0,Patiala,Punjab,30.400000000000002,76.3,30.400000000000002,76.3,2017-04-07 03:31:21.000
1,430716.0,4307.0,24.0,Patiala,Punjab,30.400000000000002,76.3,30.400000000000002,76.3,2016-11-15 05:23:00.000
1,430716.0,4307.0,24.0,Patiala,Punjab,30.400000000000002,76.3,30.400000000000002,76.3,2016-12-28 01:47:59.999
1,430716.0,4307.0,24.0,Patiala,Punjab,30.400000000000002,76.3,,,2017-04-08 01:32:47.488
1,430716.0,4307.0,24.0,Patiala,Punjab,30.400000000000002,76.3,30.400000000000002,76.3,2016-11-17 05:12:00.000
1,430716.0,4307.0,24.0,Patiala,Punjab,30.400000000000002,76.3,,,2017-04-08 01:32:47.488
1,430716.0,4307.0,24.0,Patiala,Punjab,30.400000000000002,76.3,30.400000000000002,76.3,2017-01-22 02:46:26.000
1,430716.0,4307.0,24.0,Patiala,Punjab,30.400000000000002,76.3,30.400000000000002,76.3,2017-01-18 00:29:48.000
1,430716.0,4307.0,24.0,Patiala,Punjab,30.400000000000002,76.3,30.400000000000002,76.3,2016-11-15 05:13:00.000
1,430716.0,4307.0,24.0,Patiala,Punjab,30.400000000000002,76.3,30.400000000000002,76.3,2017-01-11 01:38:43.000
1,430716.0,4307.0,24.0,Patiala,Punjab,30.400000000000002,76.3,30.400000000000002,76.3,2016-11-21 01:09:00.000
1,430716.0,4307.0,24.0,Patiala,Punjab,30.400000000000002,76.3,30.400000000000002,76.3,2016-11-18 03:20:59.999
1,430716.0,4307.0,24.0,Patiala,Punjab,30.400000000000002,76.3,30.400000000000002,76.3,2016-12-16 01:09:59.999
1,430716.0,4307.0,24.0,Patiala,Punjab,30.400000000000002,76.3,30.400000000000002,76.3,2016-11-17 05:10:00.000
1,430716.0,4307.0,24.0,Patiala,Punjab,30.400000000000002,76.3,30.400000000000002,76.3,2016-11-14 00:13:00.000
1,430716.0,4307.0,24.0,Patiala,Punjab,30.400000000000002,76.3,30.400000000000002,76.3,2016-11-15 05:13:59.999
1,430716.0,4307.0,24.0,Patiala,Punjab,30.400000000000002,76.3,30.400000000000002,76.3,2017-03-14 00:47:02.999
1,430716.0,4307.0,24.0,Patiala,Punjab,30.400000000000002,76.3,30.400000000000002,76.3,2017-03-16 02:38:06.000
1,430716.0,4307.0,24.0,Patiala,Punjab,30.400000000000002,76.3,30.400000000000002,76.3,2016-11-18 03:24:00.000
1,430716.0,4307.0,24.0,Patiala,Punjab,30.400000000000002,76.3,,,2017-04-08 01:32:47.488
1,430716.0,4307.0,24.0,Patiala,Punjab,30.400000000000002,76.3,30.400000000000002,76.3,2017-01-10 04:32:29.000
1,430716.0,4307.0,24.0,Patiala,Punjab,30.400000000000002,76.3,30.400000000000002,76.3,2017-03-18 02:45:53.000
1,430716.0,4307.0,24.0,Patiala,Punjab,30.400000000000002,76.3,30.400000000000002,76.3,2017-01-19 01:59:22.000
1,430716.0,4307.0,24.0,Patiala,Punjab,30.400000000000002,76.3,30.400000000000002,76.3,2017-04-08 00:41:52.000
1,430716.0,4307.0,24.0,Patiala,Punjab,30.400000000000002,76.3,30.400000000000002,76.3,2016-11-29 01:09:59.999
1,430716.0,4307.0,24.0,Patiala,Punjab,30.400000000000002,76.3,30.400000000000002,76.3,2017-03-24 06:53:43.000
1,430716.0,4307.0,24.0,Patiala,Punjab,30.400000000000002,76.3,30.400000000000002,76.3,2017-04-03 22:01:35.000
1,430716.0,4307.0,24.0,Patiala,Punjab,30.400000000000002,76.3,30.400000000000002,76.3,2017-03-31 01:31:11.999
1,430716.0,4307.0,24.0,Patiala,Punjab,30.400000000000002,76.3,30.400000000000002,76.3,2017-03-27 02:06:27.999
1,430716.0,4307.0,24.0,Patiala,Punjab,30.400000000000002,76.3,30.400000000000002,76.3,2017-03-21 00:35:38.000
1,430716.0,4307.0,24.0,Patiala,Punjab,30.400000000000002,76.3,30.400000000000002,76.3,2017-01-07 02:22:29.000
1,430716.0,4307.0,24.0,Patiala,Punjab,30.400000000000002,76.3,30.400000000000002,76.3,2017-03-04 23:59:30.000
1,430716.0,4307.0,24.0,Patiala,Punjab,30.400000000000002,76.3,30.400000000000002,76.3,2017-01-02 03:06:06.000
1,430716.0,4307.0,24.0,Patiala,Punjab,30.400000000000002,76.3,30.400000000000002,76.3,2016-11-26 03:11:00.000
1,430716.0,4307.0,24.0,Patiala,Punjab,30.400000000000002,76.3,30.400000000000002,76.3,2016-12-03 02:00:59.999
1,430716.0,4307.0,24.0,Patiala,Punjab,30.400000000000002,76.3,30.400000000000002,76.3,2016-11-23 22:25:59.999
1,430716.0,4307.0,24.0,Patiala,Punjab,30.400000000000002,76.3,30.400000000000002,76.3,2016-12-11 01:38:59.999
1,430716.0,4307.0,24.0,Patiala,Punjab,30.400000000000002,76.3,30.400000000000002,76.3,2017-03-11 23:10:26.000
1,430716.0,4307.0,24.0,Patiala,Punjab,30.400000000000002,76.3,30.400000000000002,76.3,2016-11-09 00:38:00.000
1,430716.0,4307.0,24.0,Patiala,Punjab,30.400000000000002,76.3,30.400000000000002,76.3,2016-11-26 03:08:00.000
1,430716.0,4307.0,24.0,Patiala,Punjab,30.400000000000002,76.3,30.400000000000002,76.3,2016-12-13 22:43:00.000
1,430716.0,4307.0,24.0,Patiala,Punjab,30.400000000000002,76.3,30.400000000000002,76.3,2017-01-23 00:55:32.000
1,430716.0,4307.0,24.0,Patiala,Punjab,30.400000000000002,76.3,30.400000000000002,76.3,2016-12-18 02:03:59.999
1,430716.0,4307.0,24.0,Patiala,Punjab,30.400000000000002,76.3,30.400000000000002,76.3,2016-11-21 01:07:00.000
1,430716.0,4307.0,24.0,Patiala,Punjab,30.400000000000002,76.3,30.400000000000002,76.3,2016-11-09 00:46:00.000
1,430716.0,4307.0,24.0,Patiala,Punjab,30.400000000000002,76.3,30.400000000000002,76.3,2016-11-23 22:24:00.000
1,430716.0,4307.0,24.0,Patiala,Punjab,30.400000000000002,76.3,30.400000000000002,76.3,2016-11-07 00:23:00.000
1,430716.0,4307.0,24.0,Patiala,Punjab,30.400000000000002,76.3,30.400000000000002,76.3,2017-04-19 01:26:07.999
1,430716.0,4307.0,24.0,Patiala,Punjab,30.400000000000002,76.3,30.400000000000002,76.3,2017-04-12 00:00:57.000
1,430716.0,4307.0,24.0,Patiala,Punjab,30.400000000000002,76.3,30.400000000000002,76.3,2017-01-13 03:08:32.999
1,430720.0,4307.0,24.0,Patiala,Punjab,30.400000000000002,76.3,30.400000000000002,76.3,2017-04-07 00:16:03.000
1,430720.0,4307.0,24.0,Patiala,Punjab,30.400000000000002,76.3,30.400000000000002,76.3,2017-02-21 02:17:53.999
1,430720.0,4307.0,24.0,Patiala,Punjab,30.400000000000002,76.3,30.400000000000002,76.3,2017-01-10 01:57:51.999
1,430720.0,4307.0,24.0,Patiala,Punjab,30.400000000000002,76.3,30.400000000000002,76.3,2016-11-08 22:53:00.000
1,430720.0,4307.0,24.0,Patiala,Punjab,30.400000000000002,76.3,30.400000000000002,76.3,2016-12-21 02:19:59.999
1,430720.0,4307.0,24.0,Patiala,Punjab,30.400000000000002,76.3,30.400000000000002,76.3,2017-02-04 01:28:02.000
1,430720.0,4307.0,24.0,Patiala,Punjab,30.400000000000002,76.3,30.400000000000002,76.3,2016-11-26 01:52:00.000
1,430720.0,4307.0,24.0,Patiala,Punjab,30.400000000000002,76.3,30.400000000000002,76.3,2017-02-22 22:55:09.000
1,430720.0,4307.0,24.0,Patiala,Punjab,30.400000000000002,76.3,30.400000000000002,76.3,2017-01-19 01:28:21.999
1,430720.0,4307.0,24.0,Patiala,Punjab,30.400000000000002,76.3,30.400000000000002,76.3,2016-12-26 01:28:59.999
1,430720.0,4307.0,24.0,Patiala,Punjab,30.400000000000002,76.3,30.400000000000002,76.3,2017-02-05 01:16:25.000
1,430720.0,4307.0,24.0,Patiala,Punjab,30.400000000000002,76.3,30.400000000000002,76.3,2016-11-07 01:23:00.000
1,430720.0,4307.0,24.0,Patiala,Punjab,30.400000000000002,76.3,30.400000000000002,76.3,2016-11-07 01:25:00.000
1,430720.0,4307.0,24.0,Patiala,Punjab,30.400000000000002,76.3,30.400000000000002,76.3,2017-01-29 00:40:02.999
1,430720.0,4307.0,24.0,Patiala,Punjab,30.400000000000002,76.3,30.400000000000002,76.3,2016-12-02 01:15:59.999
1,430720.0,4307.0,24.0,Patiala,Punjab,30.400000000000002,76.3,30.400000000000002,76.3,2016-12-16 01:50:59.999
1,430720.0,4307.0,24.0,Patiala,Punjab,30.400000000000002,76.3,30.400000000000002,76.3,2016-11-11 00:52:00.000
1,430720.0,4307.0,24.0,Patiala,Punjab,30.400000000000002,76.3,30.400000000000002,76.3,2016-11-11 00:51:00.000
1,430720.0,4307.0,24.0,Patiala,Punjab,30.400000000000002,76.3,30.400000000000002,76.3,2016-12-07 01:46:00.000
1,430720.0,4307.0,24.0,Patiala,Punjab,30.400000000000002,76.3,30.400000000000002,76.3,2016-11-18 02:03:59.999
1,430720.0,4307.0,24.0,Patiala,Punjab,30.400000000000002,76.3,30.400000000000002,76.3,2016-12-07 01:44:00.000
1,430720.0,4307.0,24.0,Patiala,Punjab,30.400000000000002,76.3,30.400000000000002,76.3,2016-11-30 00:52:00.000
1,430720.0,4307.0,24.0,Patiala,Punjab,30.400000000000002,76.3,30.400000000000002,76.3,2017-03-23 00:05:20.000
1,430720.0,4307.0,24.0,Patiala,Punjab,30.400000000000002,76.3,30.400000000000002,76.3,2016-11-16 00:29:00.000
1,430720.0,4307.0,24.0,Patiala,Punjab,30.400000000000002,76.3,30.400000000000002,76.3,2017-02-04 01:26:20.000
1,430720.0,4307.0,24.0,Patiala,Punjab,30.400000000000002,76.3,30.400000000000002,76.3,2016-12-16 01:54:00.000
1,430720.0,4307.0,24.0,Patiala,Punjab,30.400000000000002,76.3,30.400000000000002,76.3,2016-12-12 23:35:00.000
1,430720.0,4307.0,24.0,Patiala,Punjab,30.400000000000002,76.3,30.400000000000002,76.3,2017-02-18 01:30:17.999
1,430720.0,4307.0,24.0,Patiala,Punjab,30.400000000000002,76.3,30.400000000000002,76.3,2017-02-21 02:18:31.000
1,430720.0,4307.0,24.0,Patiala,Punjab,30.400000000000002,76.3,30.400000000000002,76.3,2016-11-30 00:53:59.999
1,430720.0,4307.0,24.0,Patiala,Punjab,30.400000000000002,76.3,30.400000000000002,76.3,2016-11-27 23:19:00.000
1,430720.0,4307.0,24.0,Patiala,Punjab,30.400000000000002,76.3,30.400000000000002,76.3,2016-11-18 02:02:00.000
1,430720.0,4307.0,24.0,Patiala,Punjab,30.400000000000002,76.3,30.400000000000002,76.3,2017-03-15 00:35:22.000
1,430720.0,4307.0,24.0,Patiala,Punjab,30.400000000000002,76.3,,,2017-04-08 01:50:16.064
1,430720.0,4307.0,24.0,Patiala,Punjab,30.400000000000002,76.3,30.400000000000002,76.3,2016-12-04 23:35:00.000
1,430720.0,4307.0,24.0,Patiala,Punjab,30.400000000000002,76.3,30.400000000000002,76.3,2017-02-11 23:36:25.000
1,430720.0,4307.0,24.0,Patiala,Punjab,30.400000000000002,76.3,,,2017-04-08 01:50:16.064
1,430720.0,4307.0,24.0,Patiala,Punjab,30.400000000000002,76.3,30.400000000000002,76.3,2017-03-11 00:22:49.000
1,430720.0,4307.0,24.0,Patiala,Punjab,30.400000000000002,76.3,30.400000000000002,76.3,2016-11-21 23:29:00.000
1,430720.0,4307.0,24.0,Patiala,Punjab,30.400000000000002,76.3,30.400000000000002,76.3,2016-12-26 01:34:00.000
1,430720.0,4307.0,24.0,Patiala,Punjab,30.400000000000002,76.3,30.400000000000002,76.3,2016-11-16 00:24:59.999
1,430720.0,4307.0,24.0,Patiala,Punjab,30.400000000000002,76.3,30.400000000000002,76.3,2016-12-04 23:34:00.000
1,430720.0,4307.0,24.0,Patiala,Punjab,30.400000000000002,76.3,30.400000000000002,76.3,2017-04-08 00:58:03.999
1,430720.0,4307.0,24.0,Patiala,Punjab,30.400000000000002,76.3,30.400000000000002,76.3,2016-11-26 01:53:00.000
1,430720.0,4307.0,24.0,Patiala,Punjab,30.400000000000002,76.3,30.400000000000002,76.3,2017-01-29 00:40:35.000
1,430720.0,4307.0,24.0,Patiala,Punjab,30.400000000000002,76.3,30.400000000000002,76.3,2016-12-03 01:27:00.000
1,430720.0,4307.0,24.0,Patiala,Punjab,30.400000000000002,76.3,30.400000000000002,76.3,2016-11-05 02:41:00.000
1,430720.0,4307.0,24.0,Patiala,Punjab,30.400000000000002,76.3,30.400000000000002,76.3,2017-02-08 00:12:34.999
1,430720.0,4307.0,24.0,Patiala,Punjab,30.400000000000002,76.3,30.400000000000002,76.3,2017-03-06 23:21:20.000
1,430720.0,4307.0,24.0,Patiala,Punjab,30.400000000000002,76.3,30.400000000000002,76.3,2016-11-15 01:38:59.999
1,430720.0,4307.0,24.0,Patiala,Punjab,30.400000000000002,76.3,30.400000000000002,76.3,2016-12-13 23:28:00.000
1,430720.0,4307.0,24.0,Patiala,Punjab,30.400000000000002,76.3,30.400000000000002,76.3,2017-03-26 23:40:53.000
1,430720.0,4307.0,24.0,Patiala,Punjab,30.400000000000002,76.3,30.400000000000002,76.3,2016-11-21 23:26:00.000
1,430720.0,4307.0,24.0,Patiala,Punjab,30.400000000000002,76.3,30.400000000000002,76.3,2017-02-16 00:47:34.000
1,430720.0,4307.0,24.0,Patiala,Punjab,30.400000000000002,76.3,30.400000000000002,76.3,2016-12-21 02:18:00.000
1,430720.0,4307.0,24.0,Patiala,Punjab,30.400000000000002,76.3,30.400000000000002,76.3,2017-04-08 00:58:44.000
1,430720.0,4307.0,24.0,Patiala,Punjab,30.400000000000002,76.3,30.400000000000002,76.3,2016-11-15 01:37:00.000
1,430720.0,4307.0,24.0,Patiala,Punjab,30.400000000000002,76.3,30.400000000000002,76.3,2016-12-12 23:35:59.999
1,430720.0,4307.0,24.0,Patiala,Punjab,30.400000000000002,76.3,30.400000000000002,76.3,2017-01-24 22:31:56.999
1,430720.0,4307.0,24.0,Patiala,Punjab,30.400000000000002,76.3,30.400000000000002,76.3,2017-03-22 01:01:52.999
1,430720.0,4307.0,24.0,Patiala,Punjab,30.400000000000002,76.3,30.400000000000002,76.3,2017-01-10 01:54:58.000
1,430720.0,4307.0,24.0,Patiala,Punjab,30.400000000000002,76.3,30.400000000000002,76.3,2016-12-07 01:43:00.000
1,430720.0,4307.0,24.0,Patiala,Punjab,30.400000000000002,76.3,30.400000000000002,76.3,2017-04-08 01:03:50.999
1,430720.0,4307.0,24.0,Patiala,Punjab,30.400000000000002,76.3,30.400000000000002,76.3,2017-03-05 22:32:21.000
1,430720.0,4307.0,24.0,Patiala,Punjab,30.400000000000002,76.3,30.400000000000002,76.3,2016-11-12 23:02:00.000
1,430720.0,4307.0,24.0,Patiala,Punjab,30.400000000000002,76.3,30.400000000000002,76.3,2016-12-19 22:40:00.000
1,430720.0,4307.0,24.0,Patiala,Punjab,30.400000000000002,76.3,30.400000000000002,76.3,2017-03-20 00:11:13.999
1,430720.0,4307.0,24.0,Patiala,Punjab,30.400000000000002,76.3,30.400000000000002,76.3,2016-11-12 23:03:00.000
1,430720.0,4307.0,24.0,Patiala,Punjab,30.400000000000002,76.3,30.400000000000002,76.3,2016-12-13 23:26:00.000
1,430720.0,4307.0,24.0,Patiala,Punjab,30.400000000000002,76.3,30.400000000000002,76.3,2017-02-08 00:17:26.000
1,430720.0,4307.0,24.0,Patiala,Punjab,30.400000000000002,76.3,30.400000000000002,76.3,2017-03-25 23:55:32.999
1,430720.0,4307.0,24.0,Patiala,Punjab,30.400000000000002,76.3,30.400000000000002,76.3,2017-03-29 00:40:21.000
1,430720.0,4307.0,24.0,Patiala,Punjab,30.400000000000002,76.3,30.400000000000002,76.3,2016-12-03 01:25:59.999
1,430720.0,4307.0,24.0,Patiala,Punjab,30.400000000000002,76.3,30.400000000000002,76.3,2017-02-11 23:37:35.000
1,430720.0,4307.0,24.0,Patiala,Punjab,30.400000000000002,76.3,30.400000000000002,76.3,2017-03-22 01:04:12.000
1,430721.0,4307.0,24.0,Patiala,Punjab,30.400000000000002,76.3,30.400000000000002,76.3,2017-01-13 00:45:43.000
1,430721.0,4307.0,24.0,Patiala,Punjab,30.400000000000002,76.3,,,2017-04-08 01:34:58.560
1,430721.0,4307.0,24.0,Patiala,Punjab,30.400000000000002,76.3,30.400000000000002,76.3,2017-02-23 02:24:55.000
1,430721.0,4307.0,24.0,Patiala,Punjab,30.400000000000002,76.3,30.400000000000002,76.3,2017-02-16 02:27:01.000
1,430721.0,4307.0,24.0,Patiala,Punjab,30.400000000000002,76.3,,,2017-04-08 01:34:58.560
1,430721.0,4307.0,24.0,Patiala,Punjab,30.400000000000002,76.3,30.400000000000002,76.3,2017-03-18 01:50:03.999
1,430721.0,4307.0,24.0,Patiala,Punjab,30.400000000000002,76.3,,,2017-04-08 01:34:58.560
1,430721.0,4307.0,24.0,Patiala,Punjab,30.400000000000002,76.3,30.400000000000002,76.3,2017-03-13 02:03:11.000
1,430721.0,4307.0,24.0,Patiala,Punjab,30.400000000000002,76.3,30.400000000000002,76.3,2017-02-20 01:52:25.000
1,430721.0,4307.0,24.0,Patiala,Punjab,30.400000000000002,76.3,30.400000000000002,76.3,2017-03-09 01:48:47.000
1,430721.0,4307.0,24.0,Patiala,Punjab,30.400000000000002,76.3,30.400000000000002,76.3,2017-02-13 00:34:40.000
1,430721.0,4307.0,24.0,Patiala,Punjab,30.400000000000002,76.3,30.400000000000002,76.3,2017-01-21 02:26:02.000
1,430721.0,4307.0,24.0,Patiala,Punjab,30.400000000000002,76.3,30.400000000000002,76.3,2017-02-07 23:33:52.000
1,430721.0,4307.0,24.0,Patiala,Punjab,30.400000000000002,76.3,30.400000000000002,76.3,2017-03-16 03:04:26.000
1,430721.0,4307.0,24.0,Patiala,Punjab,30.400000000000002,76.3,,,2017-04-08 01:34:58.560
1,430721.0,4307.0,24.0,Patiala,Punjab,30.400000000000002,76.3,30.400000000000002,76.3,2017-02-04 00:37:04.000
1,430722.0,4307.0,24.0,Patiala,Punjab,30.400000000000002,76.3,30.400000000000002,76.3,2017-01-11 01:56:22.999
1,430722.0,4307.0,24.0,Patiala,Punjab,30.400000000000002,76.3,30.400000000000002,76.3,2017-03-23 20:44:17.000
1,430722.0,4307.0,24.0,Patiala,Punjab,30.400000000000002,76.3,30.400000000000002,76.3,2017-01-12 23:52:13.999
1,430722.0,4307.0,24.0,Patiala,Punjab,30.400000000000002,76.3,30.400000000000002,76.3,2016-12-13 01:12:00.000
1,430722.0,4307.0,24.0,Patiala,Punjab,30.400000000000002,76.3,,,2017-04-08 02:14:17.856
1,430722.0,4307.0,24.0,Patiala,Punjab,30.400000000000002,76.3,,,2017-04-08 02:14:17.856
1,430722.0,4307.0,24.0,Patiala,Punjab,30.400000000000002,76.3,30.400000000000002,76.3,2016-11-30 23:21:00.000
1,430722.0,4307.0,24.0,Patiala,Punjab,30.400000000000002,76.3,30.400000000000002,76.3,2016-12-10 23:54:00.000
1,430722.0,4307.0,24.0,Patiala,Punjab,30.400000000000002,76.3,30.400000000000002,76.3,2017-01-18 00:51:25.999
1,430722.0,4307.0,24.0,Patiala,Punjab,30.400000000000002,76.3,30.400000000000002,76.3,2017-03-27 23:52:18.000
1,430722.0,4307.0,24.0,Patiala,Punjab,30.400000000000002,76.3,30.400000000000002,76.3,2017-04-08 01:23:57.000
1,430722.0,4307.0,24.0,Patiala,Punjab,30.400000000000002,76.3,30.400000000000002,76.3,2016-11-30 22:34:00.000
1,430722.0,4307.0,24.0,Patiala,Punjab,30.400000000000002,76.3,30.400000000000002,76.3,2016-11-12 01:31:00.000
1,430722.0,4307.0,24.0,Patiala,Punjab,30.400000000000002,76.3,30.400000000000002,76.3,2016-12-13 01:11:00.000
1,430723.0,4307.0,24.0,Patiala,Punjab,30.400000000000002,76.3,30.400000000000002,76.3,2017-01-24 23:00:45.000
1,430723.0,4307.0,24.0,Patiala,Punjab,30.400000000000002,76.3,30.400000000000002,76.3,2017-01-30 23:16:45.000
1,430723.0,4307.0,24.0,Patiala,Punjab,30.400000000000002,76.3,30.400000000000002,76.3,2017-03-24 00:29:51.000
1,430723.0,4307.0,24.0,Patiala,Punjab,30.400000000000002,76.3,30.400000000000002,76.3,2017-01-29 23:04:02.999
1,430723.0,4307.0,24.0,Patiala,Punjab,30.400000000000002,76.3,30.400000000000002,76.3,2017-02-03 23:43:53.000
1,430723.0,4307.0,24.0,Patiala,Punjab,30.400000000000002,76.3,30.400000000000002,76.3,2017-01-12 23:23:20.000
1,430723.0,4307.0,24.0,Patiala,Punjab,30.400000000000002,76.3,30.400000000000002,76.3,2017-02-23 00:23:19.000
1,430723.0,4307.0,24.0,Patiala,Punjab,30.400000000000002,76.3,30.400000000000002,76.3,2017-03-26 00:49:10.000
1,430723.0,4307.0,24.0,Patiala,Punjab,30.400000000000002,76.3,30.400000000000002,76.3,2017-03-04 01:44:58.000
1,430723.0,4307.0,24.0,Patiala,Punjab,30.400000000000002,76.3,30.400000000000002,76.3,2017-03-03 01:41:56.999
1,430723.0,4307.0,24.0,Patiala,Punjab,30.400000000000002,76.3,30.400000000000002,76.3,2017-02-28 22:40:51.000
1,430723.0,4307.0,24.0,Patiala,Punjab,30.400000000000002,76.3,30.400000000000002,76.3,2017-03-17 01:04:46.000
1,430723.0,4307.0,24.0,Patiala,Punjab,30.400000000000002,76.3,30.400000000000002,76.3,2017-02-05 00:31:44.000
1,430723.0,4307.0,24.0,Patiala,Punjab,30.400000000000002,76.3,30.400000000000002,76.3,2017-02-25 00:04:42.000
1,430723.0,4307.0,24.0,Patiala,Punjab,30.400000000000002,76.3,30.400000000000002,76.3,2017-01-15 23:40:31.000
1,430723.0,4307.0,24.0,Patiala,Punjab,30.400000000000002,76.3,30.400000000000002,76.3,2017-03-16 00:30:32.999
1,430723.0,4307.0,24.0,Patiala,Punjab,30.400000000000002,76.3,30.400000000000002,76.3,2017-03-08 23:24:31.000
1,430723.0,4307.0,24.0,Patiala,Punjab,30.400000000000002,76.3,30.400000000000002,76.3,2017-01-31 23:35:59.999
1,430723.0,4307.0,24.0,Patiala,Punjab,30.400000000000002,76.3,30.400000000000002,76.3,2017-03-12 23:52:24.999
1,430723.0,4307.0,24.0,Patiala,Punjab,30.400000000000002,76.3,30.400000000000002,76.3,2017-02-18 02:15:03.000
1,430723.0,4307.0,24.0,Patiala,Punjab,30.400000000000002,76.3,30.400000000000002,76.3,2017-03-21 23:45:30.000
1,430723.0,4307.0,24.0,Patiala,Punjab,30.400000000000002,76.3,30.400000000000002,76.3,2017-02-03 01:39:55.999
1,430723.0,4307.0,24.0,Patiala,Punjab,30.400000000000002,76.3,30.400000000000002,76.3,2017-01-22 00:36:06.000
1,430723.0,4307.0,24.0,Patiala,Punjab,30.400000000000002,76.3,30.400000000000002,76.3,2017-04-08 00:17:56.000
1,430723.0,4307.0,24.0,Patiala,Punjab,30.400000000000002,76.3,30.400000000000002,76.3,2017-02-27 22:44:39.000
1,430723.0,4307.0,24.0,Patiala,Punjab,30.400000000000002,76.3,30.400000000000002,76.3,2017-01-18 00:53:48.000
1,430723.0,4307.0,24.0,Patiala,Punjab,30.400000000000002,76.3,30.400000000000002,76.3,2017-02-12 22:40:16.000
1,430723.0,4307.0,24.0,Patiala,Punjab,30.400000000000002,76.3,30.400000000000002,76.3,2017-02-15 23:30:49.000
1,430723.0,4307.0,24.0,Patiala,Punjab,30.400000000000002,76.3,30.400000000000002,76.3,2017-02-14 23:24:07.999
1,430723.0,4307.0,24.0,Patiala,Punjab,30.400000000000002,76.3,30.400000000000002,76.3,2017-02-22 00:48:32.000
1,430723.0,4307.0,24.0,Patiala,Punjab,30.400000000000002,76.3,30.400000000000002,76.3,2017-02-12 00:37:09.000
1,430723.0,4307.0,24.0,Patiala,Punjab,30.400000000000002,76.3,30.400000000000002,76.3,2017-02-08 23:00:02.000
1,430723.0,4307.0,24.0,Patiala,Punjab,30.400000000000002,76.3,30.400000000000002,76.3,2017-01-28 22:56:35.000
1,430723.0,4307.0,24.0,Patiala,Punjab,30.400000000000002,76.3,30.400000000000002,76.3,2017-01-26 22:37:46.000
1,430723.0,4307.0,24.0,Patiala,Punjab,30.400000000000002,76.3,30.400000000000002,76.3,2017-02-20 00:11:55.000
1,430723.0,4307.0,24.0,Patiala,Punjab,30.400000000000002,76.3,30.400000000000002,76.3,2017-03-23 01:23:52.000
1,430723.0,4307.0,24.0,Patiala,Punjab,30.400000000000002,76.3,30.400000000000002,76.3,2017-03-09 23:07:34.999
1,430723.0,4307.0,24.0,Patiala,Punjab,30.400000000000002,76.3,,,2017-04-08 01:21:52.128
1,430723.0,4307.0,24.0,Patiala,Punjab,30.400000000000002,76.3,,,2017-04-08 01:21:52.128
1,430723.0,4307.0,24.0,Patiala,Punjab,30.400000000000002,76.3,30.400000000000002,76.3,2017-02-07 01:30:14.999
1,430723.0,4307.0,24.0,Patiala,Punjab,30.400000000000002,76.3,30.400000000000002,76.3,2017-04-08 00:20:32.000
1,430723.0,4307.0,24.0,Patiala,Punjab,30.400000000000002,76.3,30.400000000000002,76.3,2017-03-10 23:22:38.000
1,430723.0,4307.0,24.0,Patiala,Punjab,30.400000000000002,76.3,30.400000000000002,76.3,2017-03-28 23:29:45.000
1,430727.0,4307.0,24.0,Patiala,Punjab,30.400000000000002,76.3,,,2017-04-08 01:45:53.920
1,430727.0,4307.0,24.0,Patiala,Punjab,30.400000000000002,76.3,,,2017-04-08 01:45:53.920
1,430727.0,4307.0,24.0,Patiala,Punjab,30.400000000000002,76.3,30.400000000000002,76.3,2016-11-28 00:59:59.999
1,430727.0,4307.0,24.0,Patiala,Punjab,30.400000000000002,76.3,30.400000000000002,76.3,2016-11-14 01:15:00.000
1,430727.0,4307.0,24.0,Patiala,Punjab,30.400000000000002,76.3,30.400000000000002,76.3,2016-11-07 00:46:00.000
1,430727.0,4307.0,24.0,Patiala,Punjab,30.400000000000002,76.3,30.400000000000002,76.3,2016-11-26 00:53:00.000
1,430727.0,4307.0,24.0,Patiala,Punjab,30.400000000000002,76.3,30.400000000000002,76.3,2017-02-07 02:01:02.000
1,430727.0,4307.0,24.0,Patiala,Punjab,30.400000000000002,76.3,30.400000000000002,76.3,2016-11-21 23:13:59.999
1,430730.0,4307.0,24.0,Patiala,Punjab,30.400000000000002,76.3,30.400000000000002,76.3,2016-12-29 01:18:59.999
1,430730.0,4307.0,24.0,Patiala,Punjab,30.400000000000002,76.3,30.400000000000002,76.3,2016-12-30 00:36:59.999
1,430730.0,4307.0,24.0,Patiala,Punjab,30.400000000000002,76.3,30.400000000000002,76.3,2017-02-07 00:21:05.999
1,430730.0,4307.0,24.0,Patiala,Punjab,30.400000000000002,76.3,30.400000000000002,76.3,2017-01-29 01:50:08.000
1,430730.0,4307.0,24.0,Patiala,Punjab,30.400000000000002,76.3,30.400000000000002,76.3,2017-02-23 00:15:04.999
1,430730.0,4307.0,24.0,Patiala,Punjab,30.400000000000002,76.3,30.400000000000002,76.3,2016-12-15 01:30:00.000
1,430730.0,4307.0,24.0,Patiala,Punjab,30.400000000000002,76.3,30.400000000000002,76.3,2017-01-14 00:44:58.999
1,430730.0,4307.0,24.0,Patiala,Punjab,30.400000000000002,76.3,30.400000000000002,76.3,2017-01-10 02:06:13.000
1,430730.0,4307.0,24.0,Patiala,Punjab,30.400000000000002,76.3,30.400000000000002,76.3,2017-02-03 01:29:26.999
1,430730.0,4307.0,24.0,Patiala,Punjab,30.400000000000002,76.3,30.400000000000002,76.3,2017-01-31 01:19:31.000
1,430730.0,4307.0,24.0,Patiala,Punjab,30.400000000000002,76.3,30.400000000000002,76.3,2017-01-19 23:33:47.000
1,430732.0,4307.0,24.0,Patiala,Punjab,30.400000000000002,76.3,30.400000000000002,76.3,2017-01-19 23:18:36.999
1,430732.0,4307.0,24.0,Patiala,Punjab,30.400000000000002,76.3,30.400000000000002,76.3,2017-01-19 23:17:31.000
1,430732.0,4307.0,24.0,Patiala,Punjab,30.400000000000002,76.3,30.400000000000002,76.3,2016-11-07 01:50:00.000
1,430732.0,4307.0,24.0,Patiala,Punjab,30.400000000000002,76.3,30.400000000000002,76.3,2017-02-20 01:58:23.999
1,430732.0,4307.0,24.0,Patiala,Punjab,30.400000000000002,76.3,30.400000000000002,76.3,2017-01-31 00:47:58.000
1,430732.0,4307.0,24.0,Patiala,Punjab,30.400000000000002,76.3,30.400000000000002,76.3,2016-12-30 00:17:59.999
1,430732.0,4307.0,24.0,Patiala,Punjab,30.400000000000002,76.3,30.400000000000002,76.3,2017-01-18 01:17:57.000
1,430732.0,4307.0,24.0,Patiala,Punjab,30.400000000000002,76.3,30.400000000000002,76.3,2017-02-09 01:19:55.000
1,430732.0,4307.0,24.0,Patiala,Punjab,30.400000000000002,76.3,30.400000000000002,76.3,2017-02-16 01:27:44.000
1,430732.0,4307.0,24.0,Patiala,Punjab,30.400000000000002,76.3,30.400000000000002,76.3,2016-11-21 00:46:00.000
1,430732.0,4307.0,24.0,Patiala,Punjab,30.400000000000002,76.3,30.400000000000002,76.3,2017-03-11 01:17:08.000
1,430732.0,4307.0,24.0,Patiala,Punjab,30.400000000000002,76.3,30.400000000000002,76.3,2016-11-18 00:17:59.999
1,430732.0,4307.0,24.0,Patiala,Punjab,30.400000000000002,76.3,30.400000000000002,76.3,2017-01-08 23:40:50.999
1,430732.0,4307.0,24.0,Patiala,Punjab,30.400000000000002,76.3,30.400000000000002,76.3,2016-11-27 02:15:00.000
1,430732.0,4307.0,24.0,Patiala,Punjab,30.400000000000002,76.3,30.400000000000002,76.3,2017-04-05 00:18:13.000
1,430732.0,4307.0,24.0,Patiala,Punjab,30.400000000000002,76.3,30.400000000000002,76.3,2017-04-05 23:01:49.000
1,430732.0,4307.0,24.0,Patiala,Punjab,30.400000000000002,76.3,30.400000000000002,76.3,2016-12-14 01:34:59.999
1,430732.0,4307.0,24.0,Patiala,Punjab,30.400000000000002,76.3,30.400000000000002,76.3,2016-11-30 00:04:00.000
1,430732.0,4307.0,24.0,Patiala,Punjab,30.400000000000002,76.3,30.400000000000002,76.3,2016-11-11 01:09:59.999
1,430732.0,4307.0,24.0,Patiala,Punjab,30.400000000000002,76.3,30.400000000000002,76.3,2016-12-22 01:31:59.999
1,430732.0,4307.0,24.0,Patiala,Punjab,30.400000000000002,76.3,30.400000000000002,76.3,2016-11-12 01:37:00.000
1,430732.0,4307.0,24.0,Patiala,Punjab,30.400000000000002,76.3,30.400000000000002,76.3,2017-01-14 23:50:01.999
1,430732.0,4307.0,24.0,Patiala,Punjab,30.400000000000002,76.3,30.400000000000002,76.3,2017-02-02 00:22:50.999
1,430732.0,4307.0,24.0,Patiala,Punjab,30.400000000000002,76.3,30.400000000000002,76.3,2017-03-01 00:34:07.999
1,430732.0,4307.0,24.0,Patiala,Punjab,30.400000000000002,76.3,30.400000000000002,76.3,2016-12-19 00:46:00.000
1,430732.0,4307.0,24.0,Patiala,Punjab,30.400000000000002,76.3,,,2017-04-08 01:56:49.280
1,430732.0,4307.0,24.0,Patiala,Punjab,30.400000000000002,76.3,30.400000000000002,76.3,2016-12-20 01:30:00.000
1,430732.0,4307.0,24.0,Patiala,Punjab,30.400000000000002,76.3,30.400000000000002,76.3,2016-11-10 00:11:00.000
1,430732.0,4307.0,24.0,Patiala,Punjab,30.400000000000002,76.3,30.400000000000002,76.3,2017-04-07 00:06:19.000
1,430732.0,4307.0,24.0,Patiala,Punjab,30.400000000000002,76.3,30.400000000000002,76.3,2017-02-13 00:16:27.000
1,430732.0,4307.0,24.0,Patiala,Punjab,30.400000000000002,76.3,30.400000000000002,76.3,2017-03-24 00:37:48.999
1,430732.0,4307.0,24.0,Patiala,Punjab,30.400000000000002,76.3,30.400000000000002,76.3,2017-02-23 01:03:36.000
1,430732.0,4307.0,24.0,Patiala,Punjab,30.400000000000002,76.3,30.400000000000002,76.3,2016-11-03 23:58:59.999
1,430732.0,4307.0,24.0,Patiala,Punjab,30.400000000000002,76.3,30.400000000000002,76.3,2017-04-08 00:49:30.000
1,430732.0,4307.0,24.0,Patiala,Punjab,30.400000000000002,76.3,30.400000000000002,76.3,2016-12-16 01:28:00.000
1,430732.0,4307.0,24.0,Patiala,Punjab,30.400000000000002,76.3,30.400000000000002,76.3,2016-11-04 00:03:00.000
1,430732.0,4307.0,24.0,Patiala,Punjab,30.400000000000002,76.3,30.400000000000002,76.3,2017-03-06 01:06:24.000
1,430732.0,4307.0,24.0,Patiala,Punjab,30.400000000000002,76.3,30.400000000000002,76.3,2016-12-17 01:24:00.000
1,430732.0,4307.0,24.0,Patiala,Punjab,30.400000000000002,76.3,30.400000000000002,76.3,2017-04-08 00:53:02.000
1,430732.0,4307.0,24.0,Patiala,Punjab,30.400000000000002,76.3,30.400000000000002,76.3,2016-12-18 01:21:59.999
1,430732.0,4307.0,24.0,Patiala,Punjab,30.400000000000002,76.3,30.400000000000002,76.3,2016-12-12 02:03:59.999
1,430732.0,4307.0,24.0,Patiala,Punjab,30.400000000000002,76.3,30.400000000000002,76.3,2016-12-11 01:28:59.999
1,430732.0,4307.0,24.0,Patiala,Punjab,30.400000000000002,76.3,30.400000000000002,76.3,2017-02-06 23:57:11.999
1,430732.0,4307.0,24.0,Patiala,Punjab,30.400000000000002,76.3,30.400000000000002,76.3,2016-12-15 01:01:00.000
1,430732.0,4307.0,24.0,Patiala,Punjab,30.400000000000002,76.3,30.400000000000002,76.3,2017-01-18 01:21:08.000
1,430732.0,4307.0,24.0,Patiala,Punjab,30.400000000000002,76.3,30.400000000000002,76.3,2016-12-16 01:27:00.000
1,430732.0,4307.0,24.0,Patiala,Punjab,30.400000000000002,76.3,30.400000000000002,76.3,2017-03-03 00:51:33.999
1,430732.0,4307.0,24.0,Patiala,Punjab,30.400000000000002,76.3,30.400000000000002,76.3,2017-03-08 00:31:04.000
1,430732.0,4307.0,24.0,Patiala,Punjab,30.400000000000002,76.3,,,2017-04-08 01:56:49.280
1,430732.0,4307.0,24.0,Patiala,Punjab,30.400000000000002,76.3,30.400000000000002,76.3,2016-11-28 23:35:59.999
1,430732.0,4307.0,24.0,Patiala,Punjab,30.400000000000002,76.3,30.400000000000002,76.3,2017-02-14 00:26:56.000
1,430732.0,4307.0,24.0,Patiala,Punjab,30.400000000000002,76.3,30.400000000000002,76.3,2016-11-22 23:06:59.999
1,430732.0,4307.0,24.0,Patiala,Punjab,30.400000000000002,76.3,30.400000000000002,76.3,2017-03-15 00:24:13.999
1,435502.0,4355.0,32.0,Patiala,Punjab,30.200000000000003,76.3,30.200000000000003,76.3,2016-12-19 00:03:00.000
1,435502.0,4355.0,32.0,Patiala,Punjab,30.200000000000003,76.3,30.200000000000003,76.3,2016-12-16 00:01:00.000
1,435502.0,4355.0,32.0,Patiala,Punjab,30.200000000000003,76.3,30.200000000000003,76.3,2016-12-08 02:15:00.000
1,435502.0,4355.0,32.0,Patiala,Punjab,30.200000000000003,76.3,30.200000000000003,76.3,2017-01-13 00:52:45.000
1,435502.0,4355.0,32.0,Patiala,Punjab,30.200000000000003,76.3,30.200000000000003,76.3,2016-11-29 01:25:59.999
1,435502.0,4355.0,32.0,Patiala,Punjab,30.200000000000003,76.3,30.200000000000003,76.3,2016-12-18 01:02:00.000
1,435502.0,4355.0,32.0,Patiala,Punjab,30.200000000000003,76.3,,,2017-04-09 23:42:46.784
1,435502.0,4355.0,32.0,Patiala,Punjab,30.200000000000003,76.3,30.200000000000003,76.3,2017-01-05 00:55:09.000
1,435502.0,4355.0,32.0,Patiala,Punjab,30.200000000000003,76.3,30.200000000000003,76.3,2017-04-06 05:11:30.000
1,435502.0,4355.0,32.0,Patiala,Punjab,30.200000000000003,76.3,30.200000000000003,76.3,2016-12-04 00:59:00.000
1,435502.0,4355.0,32.0,Patiala,Punjab,30.200000000000003,76.3,30.200000000000003,76.3,2017-01-05 00:54:19.000
1,435502.0,4355.0,32.0,Patiala,Punjab,30.200000000000003,76.3,30.200000000000003,76.3,2017-01-25 00:36:30.000
1,435502.0,4355.0,32.0,Patiala,Punjab,30.200000000000003,76.3,30.200000000000003,76.3,2016-11-18 00:11:00.000
1,435502.0,4355.0,32.0,Patiala,Punjab,30.200000000000003,76.3,30.200000000000003,76.3,2016-12-16 00:00:00.000
1,435502.0,4355.0,32.0,Patiala,Punjab,30.200000000000003,76.3,30.200000000000003,76.3,2016-12-23 00:11:59.999
1,435502.0,4355.0,32.0,Patiala,Punjab,30.200000000000003,76.3,30.200000000000003,76.3,2016-12-19 00:03:00.000
1,435502.0,4355.0,32.0,Patiala,Punjab,30.200000000000003,76.3,30.200000000000003,76.3,2016-11-22 01:18:00.000
1,435502.0,4355.0,32.0,Patiala,Punjab,30.200000000000003,76.3,30.200000000000003,76.3,2016-11-25 00:26:00.000
1,435502.0,4355.0,32.0,Patiala,Punjab,30.200000000000003,76.3,,,2017-04-09 23:42:46.784
1,435502.0,4355.0,32.0,Patiala,Punjab,30.200000000000003,76.3,30.200000000000003,76.3,2016-11-29 01:30:00.000
1,435502.0,4355.0,32.0,Patiala,Punjab,30.200000000000003,76.3,30.200000000000003,76.3,2016-12-18 00:58:00.000
1,435502.0,4355.0,32.0,Patiala,Punjab,30.200000000000003,76.3,30.200000000000003,76.3,2016-12-02 00:59:59.999
1,435502.0,4355.0,32.0,Patiala,Punjab,30.200000000000003,76.3,30.200000000000003,76.3,2016-12-04 00:58:00.000
1,435502.0,4355.0,32.0,Patiala,Punjab,30.200000000000003,76.3,30.200000000000003,76.3,2016-11-22 00:59:59.999
1,435502.0,4355.0,32.0,Patiala,Punjab,30.200000000000003,76.3,30.200000000000003,76.3,2017-02-03 02:17:12.000
1,435502.0,4355.0,32.0,Patiala,Punjab,30.200000000000003,76.3,30.200000000000003,76.3,2016-12-23 00:13:00.000
1,435502.0,4355.0,32.0,Patiala,Punjab,30.200000000000003,76.3,30.200000000000003,76.3,2016-12-06 00:33:00.000
1,435502.0,4355.0,32.0,Patiala,Punjab,30.200000000000003,76.3,30.200000000000003,76.3,2016-12-10 02:05:00.000
1,435502.0,4355.0,32.0,Patiala,Punjab,30.200000000000003,76.3,30.200000000000003,76.3,2016-12-18 00:59:00.000
1,435502.0,4355.0,32.0,Patiala,Punjab,30.200000000000003,76.3,30.200000000000003,76.3,2016-12-12 00:56:59.999
1,435502.0,4355.0,32.0,Patiala,Punjab,30.200000000000003,76.3,30.200000000000003,76.3,2017-02-09 23:59:58.999
1,435502.0,4355.0,32.0,Patiala,Punjab,30.200000000000003,76.3,30.200000000000003,76.3,2017-02-03 02:16:32.999
1,435502.0,4355.0,32.0,Patiala,Punjab,30.200000000000003,76.3,30.200000000000003,76.3,2016-12-06 00:33:59.999
1,435502.0,4355.0,32.0,Patiala,Punjab,30.200000000000003,76.3,30.200000000000003,76.3,2017-02-13 23:11:30.000
1,435502.0,4355.0,32.0,Patiala,Punjab,30.200000000000003,76.3,30.200000000000003,76.3,2017-04-06 05:54:41.999
1,435502.0,4355.0,32.0,Patiala,Punjab,30.200000000000003,76.3,30.200000000000003,76.3,2017-01-13 00:56:04.000
1,435502.0,4355.0,32.0,Patiala,Punjab,30.200000000000003,76.3,30.200000000000003,76.3,2017-02-13 23:10:40.000
1,435502.0,4355.0,32.0,Patiala,Punjab,30.200000000000003,76.3,30.200000000000003,76.3,2016-11-27 00:29:00.000
1,435502.0,4355.0,32.0,Patiala,Punjab,30.200000000000003,76.3,30.200000000000003,76.3,2016-11-27 00:30:00.000
1,435502.0,4355.0,32.0,Patiala,Punjab,30.200000000000003,76.3,30.200000000000003,76.3,2016-12-10 02:02:00.000
1,435502.0,4355.0,32.0,Patiala,Punjab,30.200000000000003,76.3,30.200000000000003,76.3,2017-01-13 00:55:16.000
1,435502.0,4355.0,32.0,Patiala,Punjab,30.200000000000003,76.3,30.200000000000003,76.3,2017-02-05 02:10:43.999
1,435502.0,4355.0,32.0,Patiala,Punjab,30.200000000000003,76.3,30.200000000000003,76.3,2017-01-21 00:41:57.000
1,435502.0,4355.0,32.0,Patiala,Punjab,30.200000000000003,76.3,30.200000000000003,76.3,2016-11-18 00:20:59.999
1,435502.0,4355.0,32.0,Patiala,Punjab,30.200000000000003,76.3,30.200000000000003,76.3,2017-02-10 00:01:21.000
1,435502.0,4355.0,32.0,Patiala,Punjab,30.200000000000003,76.3,30.200000000000003,76.3,2017-02-05 02:10:04.000
1,435502.0,4355.0,32.0,Patiala,Punjab,30.200000000000003,76.3,30.200000000000003,76.3,2016-11-25 00:26:00.000
1,435502.0,4355.0,32.0,Patiala,Punjab,30.200000000000003,76.3,30.200000000000003,76.3,2017-01-18 01:48:56.999
1,435502.0,4355.0,32.0,Patiala,Punjab,30.200000000000003,76.3,30.200000000000003,76.3,2017-02-03 02:15:44.999
1,435502.0,4355.0,32.0,Patiala,Punjab,30.200000000000003,76.3,30.200000000000003,76.3,2016-12-12 00:58:00.000
1,435502.0,4355.0,32.0,Patiala,Punjab,30.200000000000003,76.3,,,2017-04-09 23:42:46.784
1,435502.0,4355.0,32.0,Patiala,Punjab,30.200000000000003,76.3,30.200000000000003,76.3,2017-02-05 02:11:20.000
1,435502.0,4355.0,32.0,Patiala,Punjab,30.200000000000003,76.3,30.200000000000003,76.3,2017-01-25 00:37:16.000
1,435502.0,4355.0,32.0,Patiala,Punjab,30.200000000000003,76.3,30.200000000000003,76.3,2017-02-10 00:00:36.999
1,435502.0,4355.0,32.0,Patiala,Punjab,30.200000000000003,76.3,30.200000000000003,76.3,2016-12-02 01:02:00.000
1,435502.0,4355.0,32.0,Patiala,Punjab,30.200000000000003,76.3,,,2017-04-09 23:42:46.784
1,435508.0,4355.0,32.0,Patiala,Punjab,30.200000000000003,76.3,30.200000000000003,76.3,2016-12-16 02:13:59.999
1,435508.0,4355.0,32.0,Patiala,Punjab,30.200000000000003,76.3,30.200000000000003,76.3,2016-11-29 23:19:59.999
1,435508.0,4355.0,32.0,Patiala,Punjab,30.200000000000003,76.3,30.200000000000003,76.3,2017-01-15 02:53:06.000
1,435508.0,4355.0,32.0,Patiala,Punjab,30.200000000000003,76.3,,,2017-04-10 00:39:34.656
1,435508.0,4355.0,32.0,Patiala,Punjab,30.200000000000003,76.3,30.900000000000002,75.8,2016-11-21 01:36:00.000
1,435508.0,4355.0,32.0,Patiala,Punjab,30.200000000000003,76.3,30.200000000000003,76.3,2016-12-05 01:25:00.000
1,435508.0,4355.0,32.0,Patiala,Punjab,30.200000000000003,76.3,30.200000000000003,76.3,2016-12-30 02:10:00.000
1,435508.0,4355.0,32.0,Patiala,Punjab,30.200000000000003,76.3,30.200000000000003,76.3,2017-04-09 23:29:40.000
1,435508.0,4355.0,32.0,Patiala,Punjab,30.200000000000003,76.3,30.200000000000003,76.3,2017-04-09 23:26:24.000
1,435508.0,4355.0,32.0,Patiala,Punjab,30.200000000000003,76.3,30.200000000000003,76.3,2017-03-17 00:00:20.999
1,435508.0,4355.0,32.0,Patiala,Punjab,30.200000000000003,76.3,30.200000000000003,76.3,2017-03-22 03:11:18.000
1,435508.0,4355.0,32.0,Patiala,Punjab,30.200000000000003,76.3,,,2017-04-10 00:39:34.656
1,435508.0,4355.0,32.0,Patiala,Punjab,30.200000000000003,76.3,30.200000000000003,76.3,2016-12-03 00:51:00.000
1,435508.0,4355.0,32.0,Patiala,Punjab,30.200000000000003,76.3,30.200000000000003,76.3,2016-11-21 01:38:59.999
1,435508.0,4355.0,32.0,Patiala,Punjab,30.200000000000003,76.3,30.200000000000003,76.3,2017-02-10 01:20:08.000
1,435508.0,4355.0,32.0,Patiala,Punjab,30.200000000000003,76.3,30.200000000000003,76.3,2016-12-09 02:12:00.000
1,435511.0,4355.0,32.0,Patiala,Punjab,30.200000000000003,76.3,30.200000000000003,76.3,2016-12-12 01:17:00.000
1,435511.0,4355.0,32.0,Patiala,Punjab,30.200000000000003,76.3,30.200000000000003,76.3,2017-03-07 04:03:18.999
1,435511.0,4355.0,32.0,Patiala,Punjab,30.200000000000003,76.3,30.200000000000003,76.3,2017-02-18 03:02:10.999
1,435511.0,4355.0,32.0,Patiala,Punjab,30.200000000000003,76.3,30.200000000000003,76.3,2017-03-02 01:16:42.000
1,435511.0,4355.0,32.0,Patiala,Punjab,30.200000000000003,76.3,30.200000000000003,76.3,2017-01-07 04:00:53.000
1,435511.0,4355.0,32.0,Patiala,Punjab,30.200000000000003,76.3,30.200000000000003,76.3,2016-12-24 01:12:59.999
1,435511.0,4355.0,32.0,Patiala,Punjab,30.200000000000003,76.3,30.200000000000003,76.3,2017-01-24 21:13:38.999
1,435511.0,4355.0,32.0,Patiala,Punjab,30.200000000000003,76.3,30.200000000000003,76.3,2016-12-10 00:29:00.000
1,435511.0,4355.0,32.0,Patiala,Punjab,30.200000000000003,76.3,30.200000000000003,76.3,2017-03-19 03:54:25.000
1,435511.0,4355.0,32.0,Patiala,Punjab,30.200000000000003,76.3,30.200000000000003,76.3,2017-01-09 23:42:54.000
1,435511.0,4355.0,32.0,Patiala,Punjab,30.200000000000003,76.3,30.200000000000003,76.3,2017-01-27 01:17:27.000
1,435511.0,4355.0,32.0,Patiala,Punjab,30.200000000000003,76.3,30.200000000000003,76.3,2017-01-16 05:33:34.000
1,435511.0,4355.0,32.0,Patiala,Punjab,30.200000000000003,76.3,30.200000000000003,76.3,2016-12-26 01:12:59.999
1,435511.0,4355.0,32.0,Patiala,Punjab,30.200000000000003,76.3,,,2017-04-09 23:55:53.216
1,435511.0,4355.0,32.0,Patiala,Punjab,30.200000000000003,76.3,30.200000000000003,76.3,2016-12-16 00:36:59.999
1,435511.0,4355.0,32.0,Patiala,Punjab,30.200000000000003,76.3,30.200000000000003,76.3,2017-04-09 22:43:30.000
1,435511.0,4355.0,32.0,Patiala,Punjab,30.200000000000003,76.3,,,2017-04-09 23:55:53.216
1,435513.0,4355.0,32.0,Patiala,Punjab,30.200000000000003,76.3,30.200000000000003,76.3,2017-02-19 22:10:22.000
1,435513.0,4355.0,32.0,Patiala,Punjab,30.200000000000003,76.3,30.200000000000003,76.3,2016-12-09 02:05:00.000
1,435513.0,4355.0,32.0,Patiala,Punjab,30.200000000000003,76.3,30.200000000000003,76.3,2017-04-07 02:42:56.000
1,435513.0,4355.0,32.0,Patiala,Punjab,30.200000000000003,76.3,30.200000000000003,76.3,2017-02-19 22:09:13.999
1,435513.0,4355.0,32.0,Patiala,Punjab,30.200000000000003,76.3,30.200000000000003,76.3,2016-11-24 00:11:59.999
1,435513.0,4355.0,32.0,Patiala,Punjab,30.200000000000003,76.3,30.200000000000003,76.3,2016-12-17 00:58:00.000
1,435513.0,4355.0,32.0,Patiala,Punjab,30.200000000000003,76.3,30.200000000000003,76.3,2016-12-30 23:50:06.000
1,435513.0,4355.0,32.0,Patiala,Punjab,30.200000000000003,76.3,30.200000000000003,76.3,2017-02-23 23:30:26.999
1,435513.0,4355.0,32.0,Patiala,Punjab,30.200000000000003,76.3,30.200000000000003,76.3,2016-12-24 23:55:59.999
1,435513.0,4355.0,32.0,Patiala,Punjab,30.200000000000003,76.3,30.200000000000003,76.3,2016-12-01 00:16:00.000
1,435513.0,4355.0,32.0,Patiala,Punjab,30.200000000000003,76.3,30.200000000000003,76.3,2016-12-01 00:17:00.000
1,435515.0,4355.0,32.0,Patiala,Punjab,30.200000000000003,76.3,,,2017-04-10 00:28:39.296
1,435515.0,4355.0,32.0,Patiala,Punjab,30.200000000000003,76.3,,,2017-04-10 00:28:39.296
1,435515.0,4355.0,32.0,Patiala,Punjab,30.200000000000003,76.3,30.200000000000003,76.3,2016-12-26 03:56:00.000
1,435515.0,4355.0,32.0,Patiala,Punjab,30.200000000000003,76.3,30.200000000000003,76.3,2017-01-14 00:59:53.000
1,435515.0,4355.0,32.0,Patiala,Punjab,30.200000000000003,76.3,30.200000000000003,76.3,2017-01-03 23:33:26.000
1,435515.0,4355.0,32.0,Patiala,Punjab,30.200000000000003,76.3,30.200000000000003,76.3,2016-12-02 05:00:59.999
1,435515.0,4355.0,32.0,Patiala,Punjab,30.200000000000003,76.3,,,2017-04-10 00:28:39.296
1,435515.0,4355.0,32.0,Patiala,Punjab,30.200000000000003,76.3,30.200000000000003,76.3,2017-01-08 05:14:06.000
1,435515.0,4355.0,32.0,Patiala,Punjab,30.200000000000003,76.3,30.200000000000003,76.3,2017-02-17 21:34:58.000
1,435515.0,4355.0,32.0,Patiala,Punjab,30.200000000000003,76.3,30.200000000000003,76.3,2016-12-17 01:02:00.000
1,435515.0,4355.0,32.0,Patiala,Punjab,30.200000000000003,76.3,30.200000000000003,76.3,2016-12-15 03:52:00.000
1,435515.0,4355.0,32.0,Patiala,Punjab,30.200000000000003,76.3,,,2017-04-10 00:28:39.296
1,435515.0,4355.0,32.0,Patiala,Punjab,30.200000000000003,76.3,30.200000000000003,76.3,2016-12-13 02:09:00.000
1,435516.0,4355.0,32.0,Patiala,Punjab,30.200000000000003,76.3,30.200000000000003,76.3,2016-11-24 02:09:00.000
1,435516.0,4355.0,32.0,Patiala,Punjab,30.200000000000003,76.3,30.200000000000003,76.3,2017-02-12 23:01:53.000
1,435516.0,4355.0,32.0,Patiala,Punjab,30.200000000000003,76.3,30.200000000000003,76.3,2017-02-15 23:24:17.000
1,435516.0,4355.0,32.0,Patiala,Punjab,30.200000000000003,76.3,30.200000000000003,76.3,2017-04-02 22:53:08.999
1,435516.0,4355.0,32.0,Patiala,Punjab,30.200000000000003,76.3,30.200000000000003,76.3,2017-01-23 22:55:30.000
1,435516.0,4355.0,32.0,Patiala,Punjab,30.200000000000003,76.3,30.200000000000003,76.3,2017-03-29 23:34:11.000
1,435516.0,4355.0,32.0,Patiala,Punjab,30.200000000000003,76.3,30.200000000000003,76.3,2016-12-15 22:41:00.000
1,435516.0,4355.0,32.0,Patiala,Punjab,30.200000000000003,76.3,30.200000000000003,76.3,2017-02-21 23:02:52.999
1,435516.0,4355.0,32.0,Patiala,Punjab,30.200000000000003,76.3,30.200000000000003,76.3,2016-11-26 01:34:59.999
1,435516.0,4355.0,32.0,Patiala,Punjab,30.200000000000003,76.3,30.200000000000003,76.3,2017-04-01 22:24:17.000
1,435516.0,4355.0,32.0,Patiala,Punjab,30.200000000000003,76.3,30.200000000000003,76.3,2017-02-09 23:23:42.000
1,435516.0,4355.0,32.0,Patiala,Punjab,30.200000000000003,76.3,30.200000000000003,76.3,2016-12-04 01:36:00.000
1,435516.0,4355.0,32.0,Patiala,Punjab,30.200000000000003,76.3,30.200000000000003,76.3,2017-03-20 23:15:27.000
1,435516.0,4355.0,32.0,Patiala,Punjab,30.200000000000003,76.3,30.200000000000003,76.3,2016-12-08 01:38:00.000
1,435516.0,4355.0,32.0,Patiala,Punjab,30.200000000000003,76.3,30.200000000000003,76.3,2017-01-02 22:55:17.000
1,435516.0,4355.0,32.0,Patiala,Punjab,30.200000000000003,76.3,30.200000000000003,76.3,2016-12-21 22:33:00.000
1,435516.0,4355.0,32.0,Patiala,Punjab,30.200000000000003,76.3,30.200000000000003,76.3,2017-02-03 01:37:41.999
1,435516.0,4355.0,32.0,Patiala,Punjab,30.200000000000003,76.3,30.200000000000003,76.3,2016-12-09 02:19:59.999
1,435516.0,4355.0,32.0,Patiala,Punjab,30.200000000000003,76.3,30.200000000000003,76.3,2017-03-05 22:30:36.000
1,435516.0,4355.0,32.0,Patiala,Punjab,30.200000000000003,76.3,30.200000000000003,76.3,2017-01-11 23:37:39.000
1,435516.0,4355.0,32.0,Patiala,Punjab,30.200000000000003,76.3,30.200000000000003,76.3,2017-03-26 23:57:22.999
1,435516.0,4355.0,32.0,Patiala,Punjab,30.200000000000003,76.3,30.200000000000003,76.3,2016-11-21 02:00:00.000
1,435516.0,4355.0,32.0,Patiala,Punjab,30.200000000000003,76.3,30.200000000000003,76.3,2017-01-11 03:47:34.000
1,435516.0,4355.0,32.0,Patiala,Punjab,30.200000000000003,76.3,30.200000000000003,76.3,2017-01-14 23:39:59.999
1,435516.0,4355.0,32.0,Patiala,Punjab,30.200000000000003,76.3,30.200000000000003,76.3,2017-01-14 02:14:04.000
1,435516.0,4355.0,32.0,Patiala,Punjab,30.200000000000003,76.3,30.200000000000003,76.3,2017-04-08 00:24:51.999
1,435516.0,4355.0,32.0,Patiala,Punjab,30.200000000000003,76.3,30.200000000000003,76.3,2016-12-11 02:18:00.000
1,435516.0,4355.0,32.0,Patiala,Punjab,30.200000000000003,76.3,30.200000000000003,76.3,2017-01-16 23:19:57.000
1,435516.0,4355.0,32.0,Patiala,Punjab,30.200000000000003,76.3,30.200000000000003,76.3,2016-12-20 01:28:00.000
1,435516.0,4355.0,32.0,Patiala,Punjab,30.200000000000003,76.3,30.200000000000003,76.3,2016-12-22 22:57:59.999
1,435516.0,4355.0,32.0,Patiala,Punjab,30.200000000000003,76.3,30.200000000000003,76.3,2016-12-15 00:39:00.000
1,435516.0,4355.0,32.0,Patiala,Punjab,30.200000000000003,76.3,30.200000000000003,76.3,2016-12-06 01:21:00.000
1,435516.0,4355.0,32.0,Patiala,Punjab,30.200000000000003,76.3,30.200000000000003,76.3,2017-01-12 22:54:05.999
1,435516.0,4355.0,32.0,Patiala,Punjab,30.200000000000003,76.3,30.200000000000003,76.3,2017-02-08 22:32:04.000
1,435516.0,4355.0,32.0,Patiala,Punjab,30.200000000000003,76.3,30.200000000000003,76.3,2017-03-27 22:24:25.000
1,435516.0,4355.0,32.0,Patiala,Punjab,30.200000000000003,76.3,30.200000000000003,76.3,2017-02-19 22:59:49.000
1,435516.0,4355.0,32.0,Patiala,Punjab,30.200000000000003,76.3,30.200000000000003,76.3,2017-03-31 22:04:47.999
1,435516.0,4355.0,32.0,Patiala,Punjab,30.200000000000003,76.3,30.200000000000003,76.3,2017-02-25 22:55:46.000
1,435516.0,4355.0,32.0,Patiala,Punjab,30.200000000000003,76.3,30.200000000000003,76.3,2017-02-11 22:56:17.999
1,435516.0,4355.0,32.0,Patiala,Punjab,30.200000000000003,76.3,30.200000000000003,76.3,2017-01-02 01:28:12.000
1,435516.0,4355.0,32.0,Patiala,Punjab,30.200000000000003,76.3,30.200000000000003,76.3,2017-03-23 22:33:09.000
1,435516.0,4355.0,32.0,Patiala,Punjab,30.200000000000003,76.3,30.200000000000003,76.3,2017-03-21 23:07:13.999
1,435516.0,4355.0,32.0,Patiala,Punjab,30.200000000000003,76.3,30.200000000000003,76.3,2017-03-11 03:10:17.999
1,435516.0,4355.0,32.0,Patiala,Punjab,30.200000000000003,76.3,30.200000000000003,76.3,2016-11-19 02:19:00.000
1,435516.0,4355.0,32.0,Patiala,Punjab,30.200000000000003,76.3,30.200000000000003,76.3,2017-02-23 22:29:37.000
1,435516.0,4355.0,32.0,Patiala,Punjab,30.200000000000003,76.3,30.200000000000003,76.3,2017-02-01 01:22:47.000
1,435516.0,4355.0,32.0,Patiala,Punjab,30.200000000000003,76.3,30.200000000000003,76.3,2017-03-04 21:58:25.000
1,435516.0,4355.0,32.0,Patiala,Punjab,30.200000000000003,76.3,30.200000000000003,76.3,2017-02-20 22:49:33.000
1,435516.0,4355.0,32.0,Patiala,Punjab,30.200000000000003,76.3,30.200000000000003,76.3,2017-01-27 00:07:37.000
1,435516.0,4355.0,32.0,Patiala,Punjab,30.200000000000003,76.3,30.200000000000003,76.3,2017-03-19 23:44:12.000
1,435516.0,4355.0,32.0,Patiala,Punjab,30.200000000000003,76.3,30.200000000000003,76.3,2017-02-10 23:34:54.000
1,435516.0,4355.0,32.0,Patiala,Punjab,30.200000000000003,76.3,30.200000000000003,76.3,2017-03-22 23:48:06.000
1,435516.0,4355.0,32.0,Patiala,Punjab,30.200000000000003,76.3,30.200000000000003,76.3,2017-04-06 22:59:09.000
1,435516.0,4355.0,32.0,Patiala,Punjab,30.200000000000003,76.3,30.200000000000003,76.3,2016-12-16 23:55:00.000
1,435516.0,4355.0,32.0,Patiala,Punjab,30.200000000000003,76.3,30.200000000000003,76.3,2017-02-24 22:34:38.999
1,435516.0,4355.0,32.0,Patiala,Punjab,30.200000000000003,76.3,30.200000000000003,76.3,2016-11-17 01:28:59.999
1,435516.0,4355.0,32.0,Patiala,Punjab,30.200000000000003,76.3,30.200000000000003,76.3,2017-01-05 02:08:17.999
1,435518.0,4355.0,32.0,Patiala,Punjab,30.200000000000003,76.3,30.200000000000003,76.3,2017-01-02 23:01:52.000
1,435518.0,4355.0,32.0,Patiala,Punjab,30.200000000000003,76.3,30.200000000000003,76.3,2016-11-23 22:44:59.999
1,435518.0,4355.0,32.0,Patiala,Punjab,30.200000000000003,76.3,,,2017-04-09 23:49:20.000
1,435518.0,4355.0,32.0,Patiala,Punjab,30.200000000000003,76.3,30.200000000000003,76.3,2016-11-19 23:51:00.000
1,435518.0,4355.0,32.0,Patiala,Punjab,30.200000000000003,76.3,30.200000000000003,76.3,2016-12-25 01:28:59.999
1,435518.0,4355.0,32.0,Patiala,Punjab,30.200000000000003,76.3,30.200000000000003,76.3,2016-12-10 00:01:00.000
1,435518.0,4355.0,32.0,Patiala,Punjab,30.200000000000003,76.3,30.200000000000003,76.3,2017-04-09 22:54:10.999
1,435518.0,4355.0,32.0,Patiala,Punjab,30.200000000000003,76.3,30.200000000000003,76.3,2016-12-30 01:01:00.000
1,435518.0,4355.0,32.0,Patiala,Punjab,30.200000000000003,76.3,30.200000000000003,76.3,2017-03-16 02:42:24.999
1,435518.0,4355.0,32.0,Patiala,Punjab,30.200000000000003,76.3,30.200000000000003,76.3,2017-03-20 03:00:05.000
1,435518.0,4355.0,32.0,Patiala,Punjab,30.200000000000003,76.3,30.200000000000003,76.3,2016-12-19 00:13:00.000
1,435518.0,4355.0,32.0,Patiala,Punjab,30.200000000000003,76.3,30.200000000000003,76.3,2017-02-08 21:59:35.000
1,435518.0,4355.0,32.0,Patiala,Punjab,30.200000000000003,76.3,30.200000000000003,76.3,2017-01-04 23:50:41.000
1,435518.0,4355.0,32.0,Patiala,Punjab,30.200000000000003,76.3,30.200000000000003,76.3,2017-01-10 03:58:48.000
1,435518.0,4355.0,32.0,Patiala,Punjab,30.200000000000003,76.3,30.200000000000003,76.3,2017-02-16 00:00:12.000
1,435518.0,4355.0,32.0,Patiala,Punjab,30.200000000000003,76.3,30.200000000000003,76.3,2017-01-14 00:02:53.999
1,435518.0,4355.0,32.0,Patiala,Punjab,30.200000000000003,76.3,30.200000000000003,76.3,2017-02-03 02:20:29.000
1,435518.0,4355.0,32.0,Patiala,Punjab,30.200000000000003,76.3,,,2017-04-09 23:49:20.000
1,435518.0,4355.0,32.0,Patiala,Punjab,30.200000000000003,76.3,30.200000000000003,76.3,2017-04-04 23:24:26.000
1,435518.0,4355.0,32.0,Patiala,Punjab,30.200000000000003,76.3,30.200000000000003,76.3,2017-03-30 23:25:59.000
1,435518.0,4355.0,32.0,Patiala,Punjab,30.200000000000003,76.3,30.200000000000003,76.3,2016-12-16 00:19:00.000
1,435518.0,4355.0,32.0,Patiala,Punjab,30.200000000000003,76.3,30.200000000000003,76.3,2016-12-05 01:04:00.000
1,435518.0,4355.0,32.0,Patiala,Punjab,30.200000000000003,76.3,30.200000000000003,76.3,2016-12-31 22:42:31.999
1,435518.0,4355.0,32.0,Patiala,Punjab,30.200000000000003,76.3,30.200000000000003,76.3,2016-11-21 23:28:00.000
1,435518.0,4355.0,32.0,Patiala,Punjab,30.200000000000003,76.3,30.200000000000003,76.3,2016-12-12 03:13:00.000
1,435518.0,4355.0,32.0,Patiala,Punjab,30.200000000000003,76.3,30.200000000000003,76.3,2017-02-05 22:49:06.000
1,435518.0,4355.0,32.0,Patiala,Punjab,30.200000000000003,76.3,,,2017-04-09 23:49:20.000
1,435518.0,4355.0,32.0,Patiala,Punjab,30.200000000000003,76.3,30.200000000000003,76.3,2016-12-14 02:42:59.999
1,435518.0,4355.0,32.0,Patiala,Punjab,30.200000000000003,76.3,30.200000000000003,76.3,2017-02-24 00:06:54.000
1,435518.0,4355.0,32.0,Patiala,Punjab,30.200000000000003,76.3,30.200000000000003,76.3,2017-01-18 05:02:27.000
1,435518.0,4355.0,32.0,Patiala,Punjab,30.200000000000003,76.3,30.200000000000003,76.3,2017-01-25 01:24:37.000
1,435518.0,4355.0,32.0,Patiala,Punjab,30.200000000000003,76.3,30.200000000000003,76.3,2016-11-30 23:31:00.000
1,435518.0,4355.0,32.0,Patiala,Punjab,30.200000000000003,76.3,30.200000000000003,76.3,2017-03-22 00:32:52.999
1,435518.0,4355.0,32.0,Patiala,Punjab,30.200000000000003,76.3,30.200000000000003,76.3,2017-02-21 01:24:16.000
1,435518.0,4355.0,32.0,Patiala,Punjab,30.200000000000003,76.3,30.200000000000003,76.3,2016-12-27 03:32:00.000
1,435518.0,4355.0,32.0,Patiala,Punjab,30.200000000000003,76.3,,,2017-04-09 23:49:20.000
1,435518.0,4355.0,32.0,Patiala,Punjab,30.200000000000003,76.3,30.200000000000003,76.3,2017-03-08 22:12:39.000
1,435518.0,4355.0,32.0,Patiala,Punjab,30.200000000000003,76.3,30.200000000000003,76.3,2016-12-22 02:19:00.000
1,435518.0,4355.0,32.0,Patiala,Punjab,30.200000000000003,76.3,30.200000000000003,76.3,2016-11-26 01:07:00.000
1,435518.0,4355.0,32.0,Patiala,Punjab,30.200000000000003,76.3,30.200000000000003,76.3,2016-11-28 01:54:59.999
1,435518.0,4355.0,32.0,Patiala,Punjab,30.200000000000003,76.3,30.200000000000003,76.3,2017-02-11 00:40:10.999
1,435518.0,4355.0,32.0,Patiala,Punjab,30.200000000000003,76.3,30.200000000000003,76.3,2016-12-08 01:21:59.999
1,435518.0,4355.0,32.0,Patiala,Punjab,30.200000000000003,76.3,30.200000000000003,76.3,2017-03-13 00:59:24.999
1,435518.0,4355.0,32.0,Patiala,Punjab,30.200000000000003,76.3,30.200000000000003,76.3,2017-02-28 02:31:00.000
1,435518.0,4355.0,32.0,Patiala,Punjab,30.200000000000003,76.3,30.200000000000003,76.3,2017-02-18 00:38:47.000
1,435518.0,4355.0,32.0,Patiala,Punjab,30.200000000000003,76.3,30.200000000000003,76.3,2017-04-06 22:36:57.000
1,435518.0,4355.0,32.0,Patiala,Punjab,30.200000000000003,76.3,30.200000000000003,76.3,2017-02-13 22:34:10.000
1,435518.0,4355.0,32.0,Patiala,Punjab,30.200000000000003,76.3,30.200000000000003,76.3,2017-02-23 05:51:16.999
1,435518.0,4355.0,32.0,Patiala,Punjab,30.200000000000003,76.3,30.200000000000003,76.3,2016-12-03 02:06:00.000
1,435518.0,4355.0,32.0,Patiala,Punjab,30.200000000000003,76.3,30.200000000000003,76.3,2017-03-03 21:39:17.000
1,435519.0,4355.0,32.0,Patiala,Punjab,30.200000000000003,76.3,30.200000000000003,76.3,2017-03-10 23:09:35.000
1,435519.0,4355.0,32.0,Patiala,Punjab,30.200000000000003,76.3,30.200000000000003,76.3,2017-03-04 23:44:35.000
1,435519.0,4355.0,32.0,Patiala,Punjab,30.200000000000003,76.3,30.200000000000003,76.3,2017-04-06 07:30:43.000
1,435519.0,4355.0,32.0,Patiala,Punjab,30.200000000000003,76.3,30.200000000000003,76.3,2017-03-09 22:20:22.000
1,435519.0,4355.0,32.0,Patiala,Punjab,30.200000000000003,76.3,30.200000000000003,76.3,2017-01-10 02:27:03.000
1,435519.0,4355.0,32.0,Patiala,Punjab,30.200000000000003,76.3,,,2017-04-10 00:13:21.792
1,435519.0,4355.0,32.0,Patiala,Punjab,30.200000000000003,76.3,30.200000000000003,76.3,2017-01-09 01:16:10.999
1,435519.0,4355.0,32.0,Patiala,Punjab,30.200000000000003,76.3,30.200000000000003,76.3,2017-04-09 23:20:31.000
1,435519.0,4355.0,32.0,Patiala,Punjab,30.200000000000003,76.3,30.200000000000003,76.3,2017-02-13 00:08:29.000
1,435519.0,4355.0,32.0,Patiala,Punjab,30.200000000000003,76.3,30.200000000000003,76.3,2017-04-06 07:32:01.000
1,435519.0,4355.0,32.0,Patiala,Punjab,30.200000000000003,76.3,30.200000000000003,76.3,2016-11-17 01:08:00.000
1,435519.0,4355.0,32.0,Patiala,Punjab,30.200000000000003,76.3,30.200000000000003,76.3,2017-01-11 02:00:35.000
1,435519.0,4355.0,32.0,Patiala,Punjab,30.200000000000003,76.3,30.200000000000003,76.3,2016-12-27 23:54:00.000
1,435519.0,4355.0,32.0,Patiala,Punjab,30.200000000000003,76.3,30.200000000000003,76.3,2017-01-24 01:15:34.000
1,435519.0,4355.0,32.0,Patiala,Punjab,30.200000000000003,76.3,30.200000000000003,76.3,2017-02-01 01:45:17.000
1,435519.0,4355.0,32.0,Patiala,Punjab,30.200000000000003,76.3,30.200000000000003,76.3,2017-02-17 22:48:15.999
1,435519.0,4355.0,32.0,Patiala,Punjab,30.200000000000003,76.3,30.200000000000003,76.3,2016-12-24 03:40:00.000
1,435519.0,4355.0,32.0,Patiala,Punjab,30.200000000000003,76.3,30.200000000000003,76.3,2016-12-11 05:13:59.999
1,435519.0,4355.0,32.0,Patiala,Punjab,30.200000000000003,76.3,30.200000000000003,76.3,2016-12-09 03:01:00.000
1,435519.0,4355.0,32.0,Patiala,Punjab,30.200000000000003,76.3,30.200000000000003,76.3,2017-01-19 00:27:24.999
1,435519.0,4355.0,32.0,Patiala,Punjab,30.200000000000003,76.3,30.200000000000003,76.3,2017-04-08 07:47:03.999
1,435519.0,4355.0,32.0,Patiala,Punjab,30.200000000000003,76.3,30.200000000000003,76.3,2017-02-15 00:53:44.000
1,435519.0,4355.0,32.0,Patiala,Punjab,30.200000000000003,76.3,30.200000000000003,76.3,2017-01-13 05:04:53.999
1,435519.0,4355.0,32.0,Patiala,Punjab,30.200000000000003,76.3,30.200000000000003,76.3,2016-11-19 01:33:00.000
1,435519.0,4355.0,32.0,Patiala,Punjab,30.200000000000003,76.3,30.200000000000003,76.3,2017-03-01 23:16:21.000
1,435519.0,4355.0,32.0,Patiala,Punjab,30.200000000000003,76.3,30.200000000000003,76.3,2017-02-13 00:07:24.000
1,435519.0,4355.0,32.0,Patiala,Punjab,30.200000000000003,76.3,30.200000000000003,76.3,2016-12-22 22:50:59.999
1,435519.0,4355.0,32.0,Patiala,Punjab,30.200000000000003,76.3,30.200000000000003,76.3,2016-12-30 00:08:00.000
1,435519.0,4355.0,32.0,Patiala,Punjab,30.200000000000003,76.3,30.200000000000003,76.3,2016-11-20 23:00:59.999
1,435519.0,4355.0,32.0,Patiala,Punjab,30.200000000000003,76.3,30.200000000000003,76.3,2016-11-20 23:02:00.000
1,435519.0,4355.0,32.0,Patiala,Punjab,30.200000000000003,76.3,30.200000000000003,76.3,2017-03-14 01:09:29.000
1,435519.0,4355.0,32.0,Patiala,Punjab,30.200000000000003,76.3,30.200000000000003,76.3,2016-11-17 01:09:59.999
1,435519.0,4355.0,32.0,Patiala,Punjab,30.200000000000003,76.3,30.200000000000003,76.3,2017-01-22 02:44:25.000
1,435519.0,4355.0,32.0,Patiala,Punjab,30.200000000000003,76.3,30.200000000000003,76.3,2017-02-26 22:48:53.000
1,435519.0,4355.0,32.0,Patiala,Punjab,30.200000000000003,76.3,30.200000000000003,76.3,2017-03-22 23:42:35.000
1,435519.0,4355.0,32.0,Patiala,Punjab,30.200000000000003,76.3,30.200000000000003,76.3,2017-03-04 00:28:18.999
1,435519.0,4355.0,32.0,Patiala,Punjab,30.200000000000003,76.3,30.200000000000003,76.3,2017-03-18 23:21:09.000
1,435519.0,4355.0,32.0,Patiala,Punjab,30.200000000000003,76.3,,,2017-04-10 00:13:21.792
1,435519.0,4355.0,32.0,Patiala,Punjab,30.200000000000003,76.3,30.200000000000003,76.3,2017-04-20 08:12:41.000
1,435519.0,4355.0,32.0,Patiala,Punjab,30.200000000000003,76.3,30.200000000000003,76.3,2017-03-25 23:45:13.999
1,435519.0,4355.0,32.0,Patiala,Punjab,30.200000000000003,76.3,30.200000000000003,76.3,2016-12-18 02:02:00.000
1,435519.0,4355.0,32.0,Patiala,Punjab,30.200000000000003,76.3,30.200000000000003,76.3,2016-12-12 03:01:59.999
1,435524.0,4355.0,32.0,Patiala,Punjab,30.200000000000003,76.3,30.200000000000003,76.3,2017-01-23 00:17:43.999
1,435524.0,4355.0,32.0,Patiala,Punjab,30.200000000000003,76.3,30.200000000000003,76.3,2017-04-09 22:21:05.000
1,435524.0,4355.0,32.0,Patiala,Punjab,30.200000000000003,76.3,30.200000000000003,76.3,2016-12-10 00:43:00.000
1,435524.0,4355.0,32.0,Patiala,Punjab,30.200000000000003,76.3,30.200000000000003,76.3,2017-01-25 00:59:48.999
1,435524.0,4355.0,32.0,Patiala,Punjab,30.200000000000003,76.3,30.200000000000003,76.3,2017-04-09 22:14:19.000
1,435524.0,4355.0,32.0,Patiala,Punjab,30.200000000000003,76.3,30.200000000000003,76.3,2016-12-15 00:20:59.999
1,435524.0,4355.0,32.0,Patiala,Punjab,30.200000000000003,76.3,30.200000000000003,76.3,2017-01-29 01:52:38.000
1,435524.0,4355.0,32.0,Patiala,Punjab,30.200000000000003,76.3,,,2017-04-09 23:20:56.064
1,435524.0,4355.0,32.0,Patiala,Punjab,30.200000000000003,76.3,30.200000000000003,76.3,2017-01-26 23:55:50.000
1,435524.0,4355.0,32.0,Patiala,Punjab,30.200000000000003,76.3,30.200000000000003,76.3,2017-02-27 00:43:59.999
1,435524.0,4355.0,32.0,Patiala,Punjab,30.200000000000003,76.3,30.200000000000003,76.3,2017-02-16 00:52:14.000
1,435524.0,4355.0,32.0,Patiala,Punjab,30.200000000000003,76.3,30.200000000000003,76.3,2017-01-20 00:40:05.999
1,435524.0,4355.0,32.0,Patiala,Punjab,30.200000000000003,76.3,30.200000000000003,76.3,2017-02-22 00:26:38.999
1,435524.0,4355.0,32.0,Patiala,Punjab,30.200000000000003,76.3,30.200000000000003,76.3,2017-02-23 23:26:04.000
1,435524.0,4355.0,32.0,Patiala,Punjab,30.200000000000003,76.3,30.200000000000003,76.3,2017-02-14 00:43:40.000
1,435524.0,4355.0,32.0,Patiala,Punjab,30.200000000000003,76.3,30.200000000000003,76.3,2017-04-12 01:41:07.000
1,435524.0,4355.0,32.0,Patiala,Punjab,30.200000000000003,76.3,30.200000000000003,76.3,2017-03-05 01:19:45.000
1,435524.0,4355.0,32.0,Patiala,Punjab,30.200000000000003,76.3,30.200000000000003,76.3,2017-01-31 01:45:23.999
1,435524.0,4355.0,32.0,Patiala,Punjab,30.200000000000003,76.3,30.200000000000003,76.3,2016-12-12 01:57:00.000
1,435524.0,4355.0,32.0,Patiala,Punjab,30.200000000000003,76.3,30.200000000000003,76.3,2017-02-08 22:38:43.000
1,435524.0,4355.0,32.0,Patiala,Punjab,30.200000000000003,76.3,30.200000000000003,76.3,2017-03-22 01:26:42.000
1,435524.0,4355.0,32.0,Patiala,Punjab,30.200000000000003,76.3,30.200000000000003,76.3,2017-02-18 23:18:57.999
1,435524.0,4355.0,32.0,Patiala,Punjab,30.200000000000003,76.3,30.200000000000003,76.3,2017-03-18 23:48:40.999
1,435524.0,4355.0,32.0,Patiala,Punjab,30.200000000000003,76.3,30.200000000000003,76.3,2017-03-29 23:43:17.000
1,435524.0,4355.0,32.0,Patiala,Punjab,30.200000000000003,76.3,30.200000000000003,76.3,2017-03-17 01:57:13.000
1,435524.0,4355.0,32.0,Patiala,Punjab,30.200000000000003,76.3,30.200000000000003,76.3,2017-02-05 00:30:59.999
1,435524.0,4355.0,32.0,Patiala,Punjab,30.200000000000003,76.3,30.200000000000003,76.3,2017-01-04 01:59:16.000
1,435524.0,4355.0,32.0,Patiala,Punjab,30.200000000000003,76.3,30.200000000000003,76.3,2017-03-03 00:05:36.000
1,435524.0,4355.0,32.0,Patiala,Punjab,30.200000000000003,76.3,30.200000000000003,76.3,2017-03-15 03:20:18.000
1,435524.0,4355.0,32.0,Patiala,Punjab,30.200000000000003,76.3,30.200000000000003,76.3,2017-02-03 00:54:31.000
1,435524.0,4355.0,32.0,Patiala,Punjab,30.200000000000003,76.3,30.200000000000003,76.3,2017-03-12 01:15:18.000
1,435524.0,4355.0,32.0,Patiala,Punjab,30.200000000000003,76.3,,,2017-04-09 23:20:56.064
1,435526.0,4355.0,32.0,Patiala,Punjab,30.200000000000003,76.3,30.200000000000003,76.3,2017-01-04 03:30:19.999
1,435526.0,4355.0,32.0,Patiala,Punjab,30.200000000000003,76.3,30.200000000000003,76.3,2016-12-24 04:49:00.000
1,435526.0,4355.0,32.0,Patiala,Punjab,30.200000000000003,76.3,30.200000000000003,76.3,2017-01-30 03:42:02.000
1,435526.0,4355.0,32.0,Patiala,Punjab,30.200000000000003,76.3,30.200000000000003,76.3,2017-01-18 03:02:25.000
1,435526.0,4355.0,32.0,Patiala,Punjab,30.200000000000003,76.3,30.200000000000003,76.3,2016-12-26 01:57:00.000
1,435526.0,4355.0,32.0,Patiala,Punjab,30.200000000000003,76.3,30.200000000000003,76.3,2017-02-10 04:16:45.000
1,435526.0,4355.0,32.0,Patiala,Punjab,30.200000000000003,76.3,30.200000000000003,76.3,2017-01-14 04:03:53.999
1,435526.0,4355.0,32.0,Patiala,Punjab,30.200000000000003,76.3,30.200000000000003,76.3,2016-12-17 03:45:00.000
1,435526.0,4355.0,32.0,Patiala,Punjab,30.200000000000003,76.3,30.200000000000003,76.3,2017-02-08 05:33:15.999
1,435526.0,4355.0,32.0,Patiala,Punjab,30.200000000000003,76.3,30.200000000000003,76.3,2017-01-17 04:54:26.000
1,435526.0,4355.0,32.0,Patiala,Punjab,30.200000000000003,76.3,30.200000000000003,76.3,2016-12-11 04:02:59.999
1,435526.0,4355.0,32.0,Patiala,Punjab,30.200000000000003,76.3,30.200000000000003,76.3,2016-12-22 03:58:00.000
1,435526.0,4355.0,32.0,Patiala,Punjab,30.200000000000003,76.3,30.200000000000003,76.3,2017-01-28 01:36:39.999
1,435526.0,4355.0,32.0,Patiala,Punjab,30.200000000000003,76.3,30.200000000000003,76.3,2017-02-09 06:14:12.000
1,435526.0,4355.0,32.0,Patiala,Punjab,30.200000000000003,76.3,30.200000000000003,76.3,2017-01-05 03:12:23.000
1,435526.0,4355.0,32.0,Patiala,Punjab,30.200000000000003,76.3,30.200000000000003,76.3,2017-01-06 04:20:51.000
1,435526.0,4355.0,32.0,Patiala,Punjab,30.200000000000003,76.3,30.200000000000003,76.3,2017-01-03 04:42:42.999
1,435526.0,4355.0,32.0,Patiala,Punjab,30.200000000000003,76.3,30.200000000000003,76.3,2017-01-19 03:33:30.000
1,435526.0,4355.0,32.0,Patiala,Punjab,30.200000000000003,76.3,30.200000000000003,76.3,2016-12-23 05:47:00.000
1,435526.0,4355.0,32.0,Patiala,Punjab,30.200000000000003,76.3,30.200000000000003,76.3,2017-01-24 02:46:41.000
1,435526.0,4355.0,32.0,Patiala,Punjab,30.200000000000003,76.3,30.200000000000003,76.3,2016-12-15 21:16:00.000
1,435526.0,4355.0,32.0,Patiala,Punjab,30.200000000000003,76.3,30.200000000000003,76.3,2017-02-04 03:46:35.999
1,435526.0,4355.0,32.0,Patiala,Punjab,30.200000000000003,76.3,30.200000000000003,76.3,2016-12-19 05:06:00.000
1,435526.0,4355.0,32.0,Patiala,Punjab,30.200000000000003,76.3,30.200000000000003,76.3,2017-02-12 06:20:22.000
1,435526.0,4355.0,32.0,Patiala,Punjab,30.200000000000003,76.3,30.200000000000003,76.3,2017-04-09 23:39:59.000
1,435526.0,4355.0,32.0,Patiala,Punjab,30.200000000000003,76.3,,,2017-04-10 00:48:18.944
1,435526.0,4355.0,32.0,Patiala,Punjab,30.200000000000003,76.3,30.200000000000003,76.3,2016-12-27 03:17:59.999
1,435526.0,4355.0,32.0,Patiala,Punjab,30.200000000000003,76.3,30.200000000000003,76.3,2017-01-08 03:14:40.000
1,435526.0,4355.0,32.0,Patiala,Punjab,30.200000000000003,76.3,30.200000000000003,76.3,2017-01-25 04:31:39.000
1,435526.0,4355.0,32.0,Patiala,Punjab,30.200000000000003,76.3,30.200000000000003,76.3,2017-02-11 06:20:26.000
1,435526.0,4355.0,32.0,Patiala,Punjab,30.200000000000003,76.3,30.200000000000003,76.3,2017-01-28 00:45:01.000
1,435526.0,4355.0,32.0,Patiala,Punjab,30.200000000000003,76.3,30.200000000000003,76.3,2017-01-13 03:45:20.999
1,435526.0,4355.0,32.0,Patiala,Punjab,30.200000000000003,76.3,30.200000000000003,76.3,2017-01-11 03:13:14.000
1,435526.0,4355.0,32.0,Patiala,Punjab,30.200000000000003,76.3,30.200000000000003,76.3,2016-12-29 04:28:00.000
1,435526.0,4355.0,32.0,Patiala,Punjab,30.200000000000003,76.3,30.200000000000003,76.3,2016-12-14 03:13:00.000
1,435526.0,4355.0,32.0,Patiala,Punjab,30.200000000000003,76.3,30.200000000000003,76.3,2017-01-07 03:45:11.000
1,435526.0,4355.0,32.0,Patiala,Punjab,30.200000000000003,76.3,30.200000000000003,76.3,2016-12-09 23:32:59.999
1,435526.0,4355.0,32.0,Patiala,Punjab,30.200000000000003,76.3,30.200000000000003,76.3,2016-12-20 03:01:00.000
1,435526.0,4355.0,32.0,Patiala,Punjab,30.200000000000003,76.3,,,2017-04-10 00:48:18.944
1,435526.0,4355.0,32.0,Patiala,Punjab,30.200000000000003,76.3,30.200000000000003,76.3,2016-12-06 04:21:59.999
1,435526.0,4355.0,32.0,Patiala,Punjab,30.200000000000003,76.3,30.200000000000003,76.3,2017-01-10 04:28:15.000
1,435526.0,4355.0,32.0,Patiala,Punjab,30.200000000000003,76.3,30.200000000000003,76.3,2016-12-09 23:39:59.999
1,435526.0,4355.0,32.0,Patiala,Punjab,30.200000000000003,76.3,30.200000000000003,76.3,2016-12-30 05:06:00.000
1,435526.0,4355.0,32.0,Patiala,Punjab,30.200000000000003,76.3,30.200000000000003,76.3,2016-12-17 03:48:00.000
1,435526.0,4355.0,32.0,Patiala,Punjab,30.200000000000003,76.3,30.200000000000003,76.3,2017-01-14 23:58:13.000
1,435526.0,4355.0,32.0,Patiala,Punjab,30.200000000000003,76.3,30.200000000000003,76.3,2017-02-05 03:14:56.999
1,435526.0,4355.0,32.0,Patiala,Punjab,30.200000000000003,76.3,30.200000000000003,76.3,2016-12-07 05:23:59.999
1,435526.0,4355.0,32.0,Patiala,Punjab,30.200000000000003,76.3,30.200000000000003,76.3,2017-02-19 04:26:06.000
1,435526.0,4355.0,32.0,Patiala,Punjab,30.200000000000003,76.3,30.200000000000003,76.3,2017-02-17 22:22:51.000
1,435527.0,4355.0,32.0,Patiala,Punjab,30.200000000000003,76.3,30.200000000000003,76.3,2017-03-02 04:51:34.999
1,435527.0,4355.0,32.0,Patiala,Punjab,30.200000000000003,76.3,30.200000000000003,76.3,2016-12-07 01:36:00.000
1,435527.0,4355.0,32.0,Patiala,Punjab,30.200000000000003,76.3,30.200000000000003,76.3,2017-03-26 22:54:37.999
1,435527.0,4355.0,32.0,Patiala,Punjab,30.200000000000003,76.3,,,2017-04-09 23:40:35.712
1,435527.0,4355.0,32.0,Patiala,Punjab,30.200000000000003,76.3,30.200000000000003,76.3,2017-04-11 23:30:44.000
1,435527.0,4355.0,32.0,Patiala,Punjab,30.200000000000003,76.3,30.200000000000003,76.3,2017-02-03 04:42:07.999
1,435527.0,4355.0,32.0,Patiala,Punjab,30.200000000000003,76.3,30.200000000000003,76.3,2016-12-05 01:08:00.000
1,435527.0,4355.0,32.0,Patiala,Punjab,30.200000000000003,76.3,30.200000000000003,76.3,2016-12-09 23:48:00.000
1,435527.0,4355.0,32.0,Patiala,Punjab,30.200000000000003,76.3,30.200000000000003,76.3,2016-11-26 03:14:59.999
1,435527.0,4355.0,32.0,Patiala,Punjab,30.200000000000003,76.3,,,2017-04-09 23:40:35.712
1,435527.0,4355.0,32.0,Patiala,Punjab,30.200000000000003,76.3,30.200000000000003,76.3,2017-03-16 05:15:47.000
1,435527.0,4355.0,32.0,Patiala,Punjab,30.200000000000003,76.3,30.200000000000003,76.3,2016-12-02 04:38:59.999
1,435527.0,4355.0,32.0,Patiala,Punjab,30.200000000000003,76.3,30.200000000000003,76.3,2017-02-10 01:04:11.000
1,435527.0,4355.0,32.0,Patiala,Punjab,30.200000000000003,76.3,30.200000000000003,76.3,2016-11-20 02:02:00.000
1,435527.0,4355.0,32.0,Patiala,Punjab,30.200000000000003,76.3,30.200000000000003,76.3,2016-11-28 02:03:59.999
1,435527.0,4355.0,32.0,Patiala,Punjab,30.200000000000003,76.3,,,2017-04-09 23:40:35.712
1,435527.0,4355.0,32.0,Patiala,Punjab,30.200000000000003,76.3,30.200000000000003,76.3,2017-04-09 23:10:20.000
1,435527.0,4355.0,32.0,Patiala,Punjab,30.200000000000003,76.3,30.200000000000003,76.3,2017-01-12 00:36:11.999
1,435527.0,4355.0,32.0,Patiala,Punjab,30.200000000000003,76.3,30.200000000000003,76.3,2016-12-07 01:38:59.999
1,435527.0,4355.0,32.0,Patiala,Punjab,30.200000000000003,76.3,30.200000000000003,76.3,2017-02-20 04:48:12.000
1,435527.0,4355.0,32.0,Patiala,Punjab,30.200000000000003,76.3,30.200000000000003,76.3,2017-02-07 05:09:22.000
1,435527.0,4355.0,32.0,Patiala,Punjab,30.200000000000003,76.3,30.200000000000003,76.3,2017-04-04 23:20:29.000
1,435527.0,4355.0,32.0,Patiala,Punjab,30.200000000000003,76.3,30.200000000000003,76.3,2016-11-20 02:03:00.000
1,435527.0,4355.0,32.0,Patiala,Punjab,30.200000000000003,76.3,30.200000000000003,76.3,2017-03-11 00:41:31.000
1,435527.0,4355.0,32.0,Patiala,Punjab,30.200000000000003,76.3,30.200000000000003,76.3,2017-01-29 01:09:37.999
1,435527.0,4355.0,32.0,Patiala,Punjab,30.200000000000003,76.3,30.200000000000003,76.3,2016-11-20 00:11:00.000
1,435527.0,4355.0,32.0,Patiala,Punjab,30.200000000000003,76.3,30.200000000000003,76.3,2016-11-21 23:42:00.000
1,435527.0,4355.0,32.0,Patiala,Punjab,30.200000000000003,76.3,30.200000000000003,76.3,2016-12-09 01:09:00.000
1,435527.0,4355.0,32.0,Patiala,Punjab,30.200000000000003,76.3,30.200000000000003,76.3,2016-12-12 03:17:59.999
1,435527.0,4355.0,32.0,Patiala,Punjab,30.200000000000003,76.3,30.200000000000003,76.3,2016-12-22 03:01:00.000
1,435527.0,4355.0,32.0,Patiala,Punjab,30.200000000000003,76.3,30.200000000000003,76.3,2017-02-13 22:44:19.999
1,435527.0,4355.0,32.0,Patiala,Punjab,30.200000000000003,76.3,30.200000000000003,76.3,2016-11-23 22:37:00.000
1,435527.0,4355.0,32.0,Patiala,Punjab,30.200000000000003,76.3,30.200000000000003,76.3,2016-12-16 00:33:59.999
1,435527.0,4355.0,32.0,Patiala,Punjab,30.200000000000003,76.3,30.200000000000003,76.3,2017-02-21 01:14:13.000
1,435527.0,4355.0,32.0,Patiala,Punjab,30.200000000000003,76.3,30.200000000000003,76.3,2016-12-03 02:09:00.000
1,435527.0,4355.0,32.0,Patiala,Punjab,30.200000000000003,76.3,,,2017-04-09 23:40:35.712
1,435527.0,4355.0,32.0,Patiala,Punjab,30.200000000000003,76.3,30.200000000000003,76.3,2017-02-15 23:51:11.000
1,435527.0,4355.0,32.0,Patiala,Punjab,30.200000000000003,76.3,30.200000000000003,76.3,2017-02-24 00:18:18.000
1,435527.0,4355.0,32.0,Patiala,Punjab,30.200000000000003,76.3,30.200000000000003,76.3,2017-03-26 22:55:12.999
1,435529.0,4355.0,32.0,Patiala,Punjab,30.200000000000003,76.3,30.200000000000003,76.3,2016-12-20 23:00:00.000
1,435529.0,4355.0,32.0,Patiala,Punjab,30.200000000000003,76.3,30.200000000000003,76.3,2017-02-26 01:46:16.000
1,435529.0,4355.0,32.0,Patiala,Punjab,30.200000000000003,76.3,30.200000000000003,76.3,2017-04-07 00:06:07.000
1,435529.0,4355.0,32.0,Patiala,Punjab,30.200000000000003,76.3,30.200000000000003,76.3,2017-04-07 00:05:05.000
1,435529.0,4355.0,32.0,Patiala,Punjab,30.200000000000003,76.3,30.200000000000003,76.3,2017-01-07 02:01:23.000
1,435529.0,4355.0,32.0,Patiala,Punjab,30.200000000000003,76.3,30.200000000000003,76.3,2016-11-18 22:38:59.999
1,435529.0,4355.0,32.0,Patiala,Punjab,30.200000000000003,76.3,30.200000000000003,76.3,2016-12-29 00:46:59.999
1,435529.0,4355.0,32.0,Patiala,Punjab,30.200000000000003,76.3,30.200000000000003,76.3,2017-02-18 00:24:29.000
1,435529.0,4355.0,32.0,Patiala,Punjab,30.200000000000003,76.3,30.200000000000003,76.3,2017-04-06 05:47:03.000
1,435529.0,4355.0,32.0,Patiala,Punjab,30.200000000000003,76.3,30.200000000000003,76.3,2016-12-15 23:53:00.000
1,435529.0,4355.0,32.0,Patiala,Punjab,30.200000000000003,76.3,30.200000000000003,76.3,2016-12-29 00:46:00.000
1,435529.0,4355.0,32.0,Patiala,Punjab,30.200000000000003,76.3,30.200000000000003,76.3,2016-12-15 23:53:00.000
1,435529.0,4355.0,32.0,Patiala,Punjab,30.200000000000003,76.3,30.200000000000003,76.3,2017-01-24 23:46:26.000
1,435529.0,4355.0,32.0,Patiala,Punjab,30.200000000000003,76.3,30.200000000000003,76.3,2017-01-04 00:40:02.999
1,435529.0,4355.0,32.0,Patiala,Punjab,30.200000000000003,76.3,30.200000000000003,76.3,2017-04-07 00:07:35.999
1,435529.0,4355.0,32.0,Patiala,Punjab,30.200000000000003,76.3,30.200000000000003,76.3,2016-12-04 00:52:00.000
1,435529.0,4355.0,32.0,Patiala,Punjab,30.200000000000003,76.3,30.200000000000003,76.3,2017-02-22 23:43:15.999
1,435529.0,4355.0,32.0,Patiala,Punjab,30.200000000000003,76.3,30.200000000000003,76.3,2016-11-27 00:19:00.000
1,435529.0,4355.0,32.0,Patiala,Punjab,30.200000000000003,76.3,30.200000000000003,76.3,2017-02-01 00:59:07.000
1,435529.0,4355.0,32.0,Patiala,Punjab,30.200000000000003,76.3,30.200000000000003,76.3,2017-02-01 00:59:47.000
1,435529.0,4355.0,32.0,Patiala,Punjab,30.200000000000003,76.3,30.200000000000003,76.3,2016-11-27 00:17:59.999
1,435529.0,4355.0,32.0,Patiala,Punjab,30.200000000000003,76.3,30.200000000000003,76.3,2017-03-07 22:53:49.000
1,435529.0,4355.0,32.0,Patiala,Punjab,30.200000000000003,76.3,30.200000000000003,76.3,2017-04-09 22:17:09.000
1,435529.0,4355.0,32.0,Patiala,Punjab,30.200000000000003,76.3,30.200000000000003,76.3,2017-02-18 00:25:03.000
1,435529.0,4355.0,32.0,Patiala,Punjab,30.200000000000003,76.3,30.200000000000003,76.3,2017-02-06 01:14:30.999
1,435529.0,4355.0,32.0,Patiala,Punjab,30.200000000000003,76.3,30.200000000000003,76.3,2017-02-08 22:51:26.000
1,435529.0,4355.0,32.0,Patiala,Punjab,30.200000000000003,76.3,30.200000000000003,76.3,2017-02-22 23:47:16.000
1,435529.0,4355.0,32.0,Patiala,Punjab,30.200000000000003,76.3,30.200000000000003,76.3,2017-02-06 01:13:52.000
1,435529.0,4355.0,32.0,Patiala,Punjab,30.200000000000003,76.3,30.200000000000003,76.3,2016-12-02 01:18:59.999
1,435529.0,4355.0,32.0,Patiala,Punjab,30.200000000000003,76.3,30.200000000000003,76.3,2016-11-20 22:37:00.000
1,435529.0,4355.0,32.0,Patiala,Punjab,30.200000000000003,76.3,30.200000000000003,76.3,2017-02-15 23:54:18.000
1,435529.0,4355.0,32.0,Patiala,Punjab,30.200000000000003,76.3,30.200000000000003,76.3,2017-02-13 23:03:53.000
1,435529.0,4355.0,32.0,Patiala,Punjab,30.200000000000003,76.3,30.200000000000003,76.3,2017-04-06 05:21:04.999
1,435529.0,4355.0,32.0,Patiala,Punjab,30.200000000000003,76.3,30.200000000000003,76.3,2017-01-18 01:42:38.000
1,435529.0,4355.0,32.0,Patiala,Punjab,30.200000000000003,76.3,30.200000000000003,76.3,2017-02-12 01:31:11.000
1,435529.0,4355.0,32.0,Patiala,Punjab,30.200000000000003,76.3,30.200000000000003,76.3,2016-12-19 00:08:00.000
1,435529.0,4355.0,32.0,Patiala,Punjab,30.200000000000003,76.3,30.200000000000003,76.3,2017-02-03 02:23:24.000
1,435529.0,4355.0,32.0,Patiala,Punjab,30.200000000000003,76.3,30.200000000000003,76.3,2017-03-12 23:41:06.999
1,435529.0,4355.0,32.0,Patiala,Punjab,30.200000000000003,76.3,30.200000000000003,76.3,2016-12-06 02:06:59.999
1,435529.0,4355.0,32.0,Patiala,Punjab,30.200000000000003,76.3,30.200000000000003,76.3,2016-12-04 00:49:59.999
1,435529.0,4355.0,32.0,Patiala,Punjab,30.200000000000003,76.3,30.200000000000003,76.3,2017-01-29 22:41:51.000
1,435529.0,4355.0,32.0,Patiala,Punjab,30.200000000000003,76.3,,,2017-04-09 23:29:40.352
1,435529.0,4355.0,32.0,Patiala,Punjab,30.200000000000003,76.3,,,2017-04-09 23:29:40.352
1,435529.0,4355.0,32.0,Patiala,Punjab,30.200000000000003,76.3,30.200000000000003,76.3,2017-01-05 00:46:29.000
1,435529.0,4355.0,32.0,Patiala,Punjab,30.200000000000003,76.3,30.200000000000003,76.3,2017-01-09 02:19:35.000
1,435529.0,4355.0,32.0,Patiala,Punjab,30.200000000000003,76.3,30.200000000000003,76.3,2016-12-24 01:57:00.000
1,435529.0,4355.0,32.0,Patiala,Punjab,30.200000000000003,76.3,30.200000000000003,76.3,2017-03-07 22:53:06.999
1,435529.0,4355.0,32.0,Patiala,Punjab,30.200000000000003,76.3,30.200000000000003,76.3,2016-11-22 23:06:59.999
1,435529.0,4355.0,32.0,Patiala,Punjab,30.200000000000003,76.3,30.200000000000003,76.3,2017-04-07 00:09:42.999
1,435529.0,4355.0,32.0,Patiala,Punjab,30.200000000000003,76.3,30.200000000000003,76.3,2017-02-13 23:04:42.000
1,435529.0,4355.0,32.0,Patiala,Punjab,30.200000000000003,76.3,30.200000000000003,76.3,2017-03-18 00:40:08.999
1,435529.0,4355.0,32.0,Patiala,Punjab,30.200000000000003,76.3,30.200000000000003,76.3,2017-01-12 23:50:41.000
1,435529.0,4355.0,32.0,Patiala,Punjab,30.200000000000003,76.3,30.200000000000003,76.3,2017-03-15 23:34:55.999
1,435529.0,4355.0,32.0,Patiala,Punjab,30.200000000000003,76.3,30.200000000000003,76.3,2016-12-27 01:08:00.000
1,435529.0,4355.0,32.0,Patiala,Punjab,30.200000000000003,76.3,30.200000000000003,76.3,2017-04-09 22:21:51.999
1,435529.0,4355.0,32.0,Patiala,Punjab,30.200000000000003,76.3,30.200000000000003,76.3,2017-04-06 05:23:10.000
1,435529.0,4355.0,32.0,Patiala,Punjab,30.200000000000003,76.3,30.200000000000003,76.3,2017-01-24 23:47:20.999
1,435529.0,4355.0,32.0,Patiala,Punjab,30.200000000000003,76.3,30.200000000000003,76.3,2016-12-16 23:48:59.999
1,435529.0,4355.0,32.0,Patiala,Punjab,30.200000000000003,76.3,30.200000000000003,76.3,2016-11-25 00:17:59.999
1,435529.0,4355.0,32.0,Patiala,Punjab,30.200000000000003,76.3,30.200000000000003,76.3,2017-01-21 00:47:50.000
1,435529.0,4355.0,32.0,Patiala,Punjab,30.200000000000003,76.3,30.200000000000003,76.3,2016-11-25 00:17:00.000
1,435529.0,4355.0,32.0,Patiala,Punjab,30.200000000000003,76.3,30.200000000000003,76.3,2017-01-27 00:11:23.000
1,435529.0,4355.0,32.0,Patiala,Punjab,30.200000000000003,76.3,30.200000000000003,76.3,2016-11-18 22:36:00.000
1,435529.0,4355.0,32.0,Patiala,Punjab,30.200000000000003,76.3,30.200000000000003,76.3,2016-12-06 02:06:00.000
1,435529.0,4355.0,32.0,Patiala,Punjab,30.200000000000003,76.3,30.200000000000003,76.3,2017-02-21 00:13:55.000
1,435529.0,4355.0,32.0,Patiala,Punjab,30.200000000000003,76.3,30.200000000000003,76.3,2017-02-22 23:44:22.999
1,435531.0,4355.0,32.0,Patiala,Punjab,30.200000000000003,76.3,30.200000000000003,76.3,2017-04-05 05:53:47.000
1,435531.0,4355.0,32.0,Patiala,Punjab,30.200000000000003,76.3,30.200000000000003,76.3,2017-03-15 06:01:10.000
1,435531.0,4355.0,32.0,Patiala,Punjab,30.200000000000003,76.3,30.200000000000003,76.3,2016-12-20 22:49:00.000
1,435531.0,4355.0,32.0,Patiala,Punjab,30.200000000000003,76.3,30.200000000000003,76.3,2016-12-05 01:38:00.000
1,435531.0,4355.0,32.0,Patiala,Punjab,30.200000000000003,76.3,30.200000000000003,76.3,2017-03-19 01:37:48.000
1,435531.0,4355.0,32.0,Patiala,Punjab,30.200000000000003,76.3,30.200000000000003,76.3,2016-11-20 01:54:00.000
1,435531.0,4355.0,32.0,Patiala,Punjab,30.200000000000003,76.3,30.200000000000003,76.3,2017-01-27 06:19:09.999
1,435531.0,4355.0,32.0,Patiala,Punjab,30.200000000000003,76.3,,,2017-04-10 00:19:55.008
1,435531.0,4355.0,32.0,Patiala,Punjab,30.200000000000003,76.3,30.200000000000003,76.3,2017-02-17 22:47:57.000
1,435531.0,4355.0,32.0,Patiala,Punjab,30.200000000000003,76.3,30.200000000000003,76.3,2017-02-12 22:00:49.000
1,435531.0,4355.0,32.0,Patiala,Punjab,30.200000000000003,76.3,30.200000000000003,76.3,2017-01-01 22:12:29.000
1,435531.0,4355.0,32.0,Patiala,Punjab,30.200000000000003,76.3,30.200000000000003,76.3,2017-03-08 03:21:55.000
1,435531.0,4355.0,32.0,Patiala,Punjab,30.200000000000003,76.3,30.200000000000003,76.3,2016-12-29 22:21:00.000
1,435531.0,4355.0,32.0,Patiala,Punjab,30.200000000000003,76.3,30.200000000000003,76.3,2017-02-27 22:11:06.999
1,435531.0,4355.0,32.0,Patiala,Punjab,30.200000000000003,76.3,30.200000000000003,76.3,2017-03-03 21:44:47.999
1,435531.0,4355.0,32.0,Patiala,Punjab,30.200000000000003,76.3,30.200000000000003,76.3,2017-02-03 22:46:48.000
1,435531.0,4355.0,32.0,Patiala,Punjab,30.200000000000003,76.3,30.200000000000003,76.3,2017-03-08 22:41:02.999
1,435531.0,4355.0,32.0,Patiala,Punjab,30.200000000000003,76.3,30.200000000000003,76.3,2017-03-04 21:33:30.000
1,435531.0,4355.0,32.0,Patiala,Punjab,30.200000000000003,76.3,30.200000000000003,76.3,2017-03-27 03:30:56.000
1,435531.0,4355.0,32.0,Patiala,Punjab,30.200000000000003,76.3,,,2017-04-10 00:19:55.008
1,435531.0,4355.0,32.0,Patiala,Punjab,30.200000000000003,76.3,30.200000000000003,76.3,2017-03-11 22:10:26.000
1,435531.0,4355.0,32.0,Patiala,Punjab,30.200000000000003,76.3,30.200000000000003,76.3,2017-01-12 22:48:42.000
1,435531.0,4355.0,32.0,Patiala,Punjab,30.200000000000003,76.3,30.200000000000003,76.3,2017-02-25 23:57:56.000
1,435531.0,4355.0,32.0,Patiala,Punjab,30.200000000000003,76.3,30.200000000000003,76.3,2017-04-09 23:09:46.999
1,435531.0,4355.0,32.0,Patiala,Punjab,30.200000000000003,76.3,30.200000000000003,76.3,2017-02-16 05:24:28.999
1,435531.0,4355.0,32.0,Patiala,Punjab,30.200000000000003,76.3,30.200000000000003,76.3,2017-02-03 00:06:35.000
1,435531.0,4355.0,32.0,Patiala,Punjab,30.200000000000003,76.3,30.200000000000003,76.3,2017-01-24 22:26:12.999
1,435531.0,4355.0,32.0,Patiala,Punjab,30.200000000000003,76.3,30.200000000000003,76.3,2016-12-19 02:00:00.000
1,435531.0,4355.0,32.0,Patiala,Punjab,30.200000000000003,76.3,30.200000000000003,76.3,2016-12-09 23:48:00.000
1,435531.0,4355.0,32.0,Patiala,Punjab,30.200000000000003,76.3,30.200000000000003,76.3,2017-04-07 04:02:07.000
1,435531.0,4355.0,32.0,Patiala,Punjab,30.200000000000003,76.3,30.200000000000003,76.3,2017-03-06 02:31:09.000
1,435531.0,4355.0,32.0,Patiala,Punjab,30.200000000000003,76.3,30.200000000000003,76.3,2017-04-09 23:07:02.000
1,435535.0,4355.0,32.0,Patiala,Punjab,30.200000000000003,76.3,30.200000000000003,76.3,2017-02-12 22:17:09.999
1,435535.0,4355.0,32.0,Patiala,Punjab,30.200000000000003,76.3,30.200000000000003,76.3,2017-03-17 03:35:39.000
1,435535.0,4355.0,32.0,Patiala,Punjab,30.200000000000003,76.3,30.200000000000003,76.3,2017-01-13 01:07:25.000
1,435535.0,4355.0,32.0,Patiala,Punjab,30.200000000000003,76.3,,,2017-04-10 00:24:17.152
1,435535.0,4355.0,32.0,Patiala,Punjab,30.200000000000003,76.3,30.200000000000003,76.3,2017-04-09 23:11:47.000
1,435535.0,4355.0,32.0,Patiala,Punjab,30.200000000000003,76.3,30.200000000000003,76.3,2017-02-03 00:03:55.000
1,435535.0,4355.0,32.0,Patiala,Punjab,30.200000000000003,76.3,30.200000000000003,76.3,2017-03-08 02:21:14.000
1,435535.0,4355.0,32.0,Patiala,Punjab,30.200000000000003,76.3,30.200000000000003,76.3,2016-12-08 22:28:00.000
1,435535.0,4355.0,32.0,Patiala,Punjab,30.200000000000003,76.3,,,2017-04-10 00:24:17.152
1,435535.0,4355.0,32.0,Patiala,Punjab,30.200000000000003,76.3,30.200000000000003,76.3,2017-04-09 23:14:53.999
1,435535.0,4355.0,32.0,Patiala,Punjab,30.200000000000003,76.3,30.200000000000003,76.3,2017-02-21 22:03:50.000
1,435535.0,4355.0,32.0,Patiala,Punjab,30.200000000000003,76.3,30.200000000000003,76.3,2016-11-18 23:35:00.000
1,435535.0,4355.0,32.0,Patiala,Punjab,30.200000000000003,76.3,30.200000000000003,76.3,2016-11-22 22:47:59.999
1,435811.0,4358.0,30.0,Patiala,Punjab,30.200000000000003,76.3,30.200000000000003,76.3,2016-12-16 01:57:00.000
1,435811.0,4358.0,30.0,Patiala,Punjab,30.200000000000003,76.3,30.200000000000003,76.3,2017-04-07 00:56:47.000
1,435811.0,4358.0,30.0,Patiala,Punjab,30.200000000000003,76.3,30.200000000000003,76.3,2017-01-04 23:44:49.000
1,435811.0,4358.0,30.0,Patiala,Punjab,30.200000000000003,76.3,30.200000000000003,76.3,2016-12-12 02:28:00.000
1,435811.0,4358.0,30.0,Patiala,Punjab,30.200000000000003,76.3,30.200000000000003,76.3,2016-11-22 01:34:00.000
1,435811.0,4358.0,30.0,Patiala,Punjab,30.200000000000003,76.3,,,2017-04-10 05:01:43.296
1,435811.0,4358.0,30.0,Patiala,Punjab,30.200000000000003,76.3,,,2017-04-10 05:01:43.296
1,435811.0,4358.0,30.0,Patiala,Punjab,30.200000000000003,76.3,30.200000000000003,76.3,2017-01-11 00:57:20.999
1,435811.0,4358.0,30.0,Patiala,Punjab,30.200000000000003,76.3,30.200000000000003,76.3,2017-01-10 02:05:52.999
1,435811.0,4358.0,30.0,Patiala,Punjab,30.200000000000003,76.3,,,2017-04-10 05:01:43.296
1,435811.0,4358.0,30.0,Patiala,Punjab,30.200000000000003,76.3,,,2017-04-10 05:01:43.296
1,435811.0,4358.0,30.0,Patiala,Punjab,30.200000000000003,76.3,30.200000000000003,76.3,2017-04-07 00:52:51.000
1,435811.0,4358.0,30.0,Patiala,Punjab,30.200000000000003,76.3,30.200000000000003,76.3,2017-01-27 01:39:35.000
1,435811.0,4358.0,30.0,Patiala,Punjab,30.200000000000003,76.3,30.200000000000003,76.3,2016-11-19 02:05:00.000
1,435811.0,4358.0,30.0,Patiala,Punjab,30.200000000000003,76.3,30.200000000000003,76.3,2017-01-06 02:14:25.000
1,435812.0,4358.0,30.0,Patiala,Punjab,30.200000000000003,76.3,30.200000000000003,76.3,2017-01-12 00:44:17.000
1,435812.0,4358.0,30.0,Patiala,Punjab,30.200000000000003,76.3,30.200000000000003,76.3,2016-11-29 00:29:00.000
1,435812.0,4358.0,30.0,Patiala,Punjab,30.200000000000003,76.3,30.200000000000003,76.3,2016-11-29 00:27:00.000
1,435814.0,4358.0,30.0,Patiala,Punjab,30.200000000000003,76.3,30.200000000000003,76.3,2016-12-25 23:25:00.000
1,435814.0,4358.0,30.0,Patiala,Punjab,30.200000000000003,76.3,30.200000000000003,76.3,2016-12-08 02:19:59.999
1,435814.0,4358.0,30.0,Patiala,Punjab,30.200000000000003,76.3,30.200000000000003,76.3,2017-01-11 01:36:06.000
1,435814.0,4358.0,30.0,Patiala,Punjab,30.200000000000003,76.3,30.200000000000003,76.3,2016-11-30 01:54:59.999
1,435814.0,4358.0,30.0,Patiala,Punjab,30.200000000000003,76.3,30.200000000000003,76.3,2017-01-26 01:52:03.000
1,435814.0,4358.0,30.0,Patiala,Punjab,30.200000000000003,76.3,30.200000000000003,76.3,2017-01-02 02:04:18.000
1,435814.0,4358.0,30.0,Patiala,Punjab,30.200000000000003,76.3,30.200000000000003,76.3,2017-03-21 04:10:25.000
1,435814.0,4358.0,30.0,Patiala,Punjab,30.200000000000003,76.3,30.200000000000003,76.3,2017-03-03 01:56:41.000
1,435814.0,4358.0,30.0,Patiala,Punjab,30.200000000000003,76.3,30.200000000000003,76.3,2016-11-19 01:59:00.000
1,435814.0,4358.0,30.0,Patiala,Punjab,30.200000000000003,76.3,30.200000000000003,76.3,2016-12-22 23:42:00.000
1,435814.0,4358.0,30.0,Patiala,Punjab,30.200000000000003,76.3,30.200000000000003,76.3,2017-01-23 01:05:32.000
1,435814.0,4358.0,30.0,Patiala,Punjab,30.200000000000003,76.3,30.200000000000003,76.3,2016-12-19 00:46:59.999
1,435814.0,4358.0,30.0,Patiala,Punjab,30.200000000000003,76.3,30.200000000000003,76.3,2017-02-06 23:45:58.000
1,435814.0,4358.0,30.0,Patiala,Punjab,30.200000000000003,76.3,30.200000000000003,76.3,2017-02-04 01:29:18.000
1,435814.0,4358.0,30.0,Patiala,Punjab,30.200000000000003,76.3,30.200000000000003,76.3,2016-12-16 02:10:00.000
1,435814.0,4358.0,30.0,Patiala,Punjab,30.200000000000003,76.3,30.200000000000003,76.3,2016-12-11 01:28:59.999
1,435814.0,4358.0,30.0,Patiala,Punjab,30.200000000000003,76.3,30.200000000000003,76.3,2017-01-05 01:49:38.000
1,435814.0,4358.0,30.0,Patiala,Punjab,30.200000000000003,76.3,30.200000000000003,76.3,2016-12-08 02:06:59.999
1,435814.0,4358.0,30.0,Patiala,Punjab,30.200000000000003,76.3,30.200000000000003,76.3,2017-01-07 23:53:43.000
1,435814.0,4358.0,30.0,Patiala,Punjab,30.200000000000003,76.3,30.200000000000003,76.3,2017-04-10 03:11:00.999
1,435814.0,4358.0,30.0,Patiala,Punjab,30.200000000000003,76.3,30.200000000000003,76.3,2016-12-28 02:09:00.000
1,435814.0,4358.0,30.0,Patiala,Punjab,30.200000000000003,76.3,30.200000000000003,76.3,2016-12-03 02:23:00.000
1,435814.0,4358.0,30.0,Patiala,Punjab,30.200000000000003,76.3,,,2017-04-10 04:20:12.928
1,435814.0,4358.0,30.0,Patiala,Punjab,30.200000000000003,76.3,30.200000000000003,76.3,2017-02-23 04:44:04.000
1,435814.0,4358.0,30.0,Patiala,Punjab,30.200000000000003,76.3,30.200000000000003,76.3,2017-03-23 06:35:17.000
1,435814.0,4358.0,30.0,Patiala,Punjab,30.200000000000003,76.3,,,2017-04-10 04:20:12.928
1,435814.0,4358.0,30.0,Patiala,Punjab,30.200000000000003,76.3,30.200000000000003,76.3,2017-03-08 01:05:11.999
1,435814.0,4358.0,30.0,Patiala,Punjab,30.200000000000003,76.3,30.200000000000003,76.3,2017-03-13 01:15:59.000
1,435814.0,4358.0,30.0,Patiala,Punjab,30.200000000000003,76.3,30.200000000000003,76.3,2017-04-02 02:33:39.000
1,435814.0,4358.0,30.0,Patiala,Punjab,30.200000000000003,76.3,30.200000000000003,76.3,2017-02-05 23:02:59.000
1,435814.0,4358.0,30.0,Patiala,Punjab,30.200000000000003,76.3,30.200000000000003,76.3,2017-03-29 06:49:22.999
1,435814.0,4358.0,30.0,Patiala,Punjab,30.200000000000003,76.3,30.200000000000003,76.3,2017-02-27 01:20:52.999
1,435814.0,4358.0,30.0,Patiala,Punjab,30.200000000000003,76.3,30.200000000000003,76.3,2017-03-25 01:36:42.000
1,435814.0,4358.0,30.0,Patiala,Punjab,30.200000000000003,76.3,30.200000000000003,76.3,2017-02-12 02:12:05.000
1,435814.0,4358.0,30.0,Patiala,Punjab,30.200000000000003,76.3,30.200000000000003,76.3,2017-04-06 23:43:58.000
1,435814.0,4358.0,30.0,Patiala,Punjab,30.200000000000003,76.3,30.200000000000003,76.3,2017-02-20 01:24:02.000
1,435814.0,4358.0,30.0,Patiala,Punjab,30.200000000000003,76.3,30.200000000000003,76.3,2017-01-30 00:29:48.000
1,435814.0,4358.0,30.0,Patiala,Punjab,30.200000000000003,76.3,30.200000000000003,76.3,2016-12-15 02:35:59.999
1,435814.0,4358.0,30.0,Patiala,Punjab,30.200000000000003,76.3,30.200000000000003,76.3,2016-11-26 02:16:59.999
1,435814.0,4358.0,30.0,Patiala,Punjab,30.200000000000003,76.3,30.200000000000003,76.3,2017-04-03 00:57:26.999
1,435814.0,4358.0,30.0,Patiala,Punjab,30.200000000000003,76.3,30.200000000000003,76.3,2016-11-22 01:15:00.000
1,435814.0,4358.0,30.0,Patiala,Punjab,30.200000000000003,76.3,30.200000000000003,76.3,2017-04-10 03:06:54.000
1,435814.0,4358.0,30.0,Patiala,Punjab,30.200000000000003,76.3,30.200000000000003,76.3,2017-02-28 02:40:39.999
1,435814.0,4358.0,30.0,Patiala,Punjab,30.200000000000003,76.3,30.200000000000003,76.3,2017-03-14 03:14:29.999
1,435815.0,4358.0,30.0,Patiala,Punjab,30.200000000000003,76.3,30.200000000000003,76.3,2017-01-13 02:14:28.000
1,435815.0,4358.0,30.0,Patiala,Punjab,30.200000000000003,76.3,,,2017-04-10 03:43:04.704
1,435815.0,4358.0,30.0,Patiala,Punjab,30.200000000000003,76.3,,,2017-04-10 03:43:04.704
1,435815.0,4358.0,30.0,Patiala,Punjab,30.200000000000003,76.3,30.200000000000003,76.3,2017-01-04 23:07:02.999
1,435815.0,4358.0,30.0,Patiala,Punjab,30.200000000000003,76.3,30.200000000000003,76.3,2017-01-05 22:24:24.000
1,435815.0,4358.0,30.0,Patiala,Punjab,30.200000000000003,76.3,30.200000000000003,76.3,2017-01-07 04:13:20.999
1,435815.0,4358.0,30.0,Patiala,Punjab,30.200000000000003,76.3,30.200000000000003,76.3,2017-01-17 05:30:56.000
1,435815.0,4358.0,30.0,Patiala,Punjab,30.200000000000003,76.3,,,2017-04-10 03:43:04.704
1,435815.0,4358.0,30.0,Patiala,Punjab,30.200000000000003,76.3,30.200000000000003,76.3,2017-01-28 23:02:46.000
1,435815.0,4358.0,30.0,Patiala,Punjab,30.200000000000003,76.3,,,2017-04-10 03:43:04.704
1,435816.0,4358.0,30.0,Patiala,Punjab,30.200000000000003,76.3,30.200000000000003,76.3,2017-01-03 23:26:07.000
1,435816.0,4358.0,30.0,Patiala,Punjab,30.200000000000003,76.3,30.200000000000003,76.3,2017-03-06 21:54:01.999
1,435816.0,4358.0,30.0,Patiala,Punjab,30.200000000000003,76.3,30.200000000000003,76.3,2017-02-13 23:56:47.000
1,435816.0,4358.0,30.0,Patiala,Punjab,30.200000000000003,76.3,30.200000000000003,76.3,2016-12-25 23:42:59.999
1,435816.0,4358.0,30.0,Patiala,Punjab,30.200000000000003,76.3,30.200000000000003,76.3,2017-01-01 23:07:24.000
1,435816.0,4358.0,30.0,Patiala,Punjab,30.200000000000003,76.3,30.200000000000003,76.3,2017-03-22 23:34:00.000
1,435816.0,4358.0,30.0,Patiala,Punjab,30.200000000000003,76.3,30.200000000000003,76.3,2016-12-01 00:33:59.999
1,435816.0,4358.0,30.0,Patiala,Punjab,30.200000000000003,76.3,30.200000000000003,76.3,2016-12-06 01:56:00.000
1,435816.0,4358.0,30.0,Patiala,Punjab,30.200000000000003,76.3,30.200000000000003,76.3,2017-02-10 23:37:09.000
1,435816.0,4358.0,30.0,Patiala,Punjab,30.200000000000003,76.3,30.200000000000003,76.3,2017-03-03 22:56:00.000
1,435816.0,4358.0,30.0,Patiala,Punjab,30.200000000000003,76.3,30.200000000000003,76.3,2016-12-07 01:47:00.000
1,435816.0,4358.0,30.0,Patiala,Punjab,30.200000000000003,76.3,30.200000000000003,76.3,2016-12-11 00:10:00.000
1,435816.0,4358.0,30.0,Patiala,Punjab,30.200000000000003,76.3,30.200000000000003,76.3,2017-02-28 23:37:58.000
1,435816.0,4358.0,30.0,Patiala,Punjab,30.200000000000003,76.3,30.200000000000003,76.3,2016-12-10 00:23:00.000
1,435816.0,4358.0,30.0,Patiala,Punjab,30.200000000000003,76.3,30.200000000000003,76.3,2017-03-01 23:43:57.000
1,435816.0,4358.0,30.0,Patiala,Punjab,30.200000000000003,76.3,30.200000000000003,76.3,2016-12-06 01:54:00.000
1,435816.0,4358.0,30.0,Patiala,Punjab,30.200000000000003,76.3,30.200000000000003,76.3,2016-12-16 23:55:59.999
1,435816.0,4358.0,30.0,Patiala,Punjab,30.200000000000003,76.3,30.200000000000003,76.3,2017-03-20 23:11:20.000
1,435816.0,4358.0,30.0,Patiala,Punjab,30.200000000000003,76.3,,,2017-04-10 03:51:48.992
1,435816.0,4358.0,30.0,Patiala,Punjab,30.200000000000003,76.3,30.200000000000003,76.3,2016-11-27 00:29:00.000
1,435816.0,4358.0,30.0,Patiala,Punjab,30.200000000000003,76.3,30.200000000000003,76.3,2017-02-25 22:04:12.999
1,435816.0,4358.0,30.0,Patiala,Punjab,30.200000000000003,76.3,30.200000000000003,76.3,2017-03-24 23:21:49.000
1,435816.0,4358.0,30.0,Patiala,Punjab,30.200000000000003,76.3,30.200000000000003,76.3,2016-12-22 23:55:59.999
1,435816.0,4358.0,30.0,Patiala,Punjab,30.200000000000003,76.3,30.200000000000003,76.3,2017-01-07 23:12:16.000
1,435816.0,4358.0,30.0,Patiala,Punjab,30.200000000000003,76.3,30.200000000000003,76.3,2016-12-02 02:15:00.000
1,435816.0,4358.0,30.0,Patiala,Punjab,30.200000000000003,76.3,30.200000000000003,76.3,2017-03-08 23:26:51.999
1,435816.0,4358.0,30.0,Patiala,Punjab,30.200000000000003,76.3,30.200000000000003,76.3,2017-03-22 23:31:38.000
1,435816.0,4358.0,30.0,Patiala,Punjab,30.200000000000003,76.3,30.200000000000003,76.3,2017-02-09 00:50:10.999
1,435816.0,4358.0,30.0,Patiala,Punjab,30.200000000000003,76.3,30.200000000000003,76.3,2017-03-10 21:30:24.999
1,435816.0,4358.0,30.0,Patiala,Punjab,30.200000000000003,76.3,30.200000000000003,76.3,2016-12-19 23:22:00.000
1,435816.0,4358.0,30.0,Patiala,Punjab,30.200000000000003,76.3,,,2017-04-10 03:51:48.992
1,435816.0,4358.0,30.0,Patiala,Punjab,30.200000000000003,76.3,30.200000000000003,76.3,2017-03-03 22:58:26.000
1,435816.0,4358.0,30.0,Patiala,Punjab,30.200000000000003,76.3,30.200000000000003,76.3,2017-03-16 23:19:18.000
1,435816.0,4358.0,30.0,Patiala,Punjab,30.200000000000003,76.3,30.200000000000003,76.3,2017-03-12 23:01:01.000
1,435816.0,4358.0,30.0,Patiala,Punjab,30.200000000000003,76.3,30.200000000000003,76.3,2016-12-23 23:06:59.999
1,435816.0,4358.0,30.0,Patiala,Punjab,30.200000000000003,76.3,30.200000000000003,76.3,2016-12-29 23:34:00.000
1,435816.0,4358.0,30.0,Patiala,Punjab,30.200000000000003,76.3,30.200000000000003,76.3,2017-01-03 23:24:36.000
1,435816.0,4358.0,30.0,Patiala,Punjab,30.200000000000003,76.3,30.200000000000003,76.3,2017-03-10 21:31:23.999
1,435816.0,4358.0,30.0,Patiala,Punjab,30.200000000000003,76.3,30.200000000000003,76.3,2017-03-20 23:10:37.999
1,435816.0,4358.0,30.0,Patiala,Punjab,30.200000000000003,76.3,30.200000000000003,76.3,2017-01-07 23:13:37.999
1,435816.0,4358.0,30.0,Patiala,Punjab,30.200000000000003,76.3,30.200000000000003,76.3,2017-03-12 23:01:56.000
1,435816.0,4358.0,30.0,Patiala,Punjab,30.200000000000003,76.3,30.200000000000003,76.3,2017-03-12 23:02:47.999
1,435816.0,4358.0,30.0,Patiala,Punjab,30.200000000000003,76.3,30.200000000000003,76.3,2016-12-12 23:53:00.000
1,435816.0,4358.0,30.0,Patiala,Punjab,30.200000000000003,76.3,30.200000000000003,76.3,2016-12-21 22:57:00.000
1,435816.0,4358.0,30.0,Patiala,Punjab,30.200000000000003,76.3,,,2017-04-10 03:51:48.992
1,435816.0,4358.0,30.0,Patiala,Punjab,30.200000000000003,76.3,,,2017-04-10 03:51:48.992
1,435816.0,4358.0,30.0,Patiala,Punjab,30.200000000000003,76.3,30.200000000000003,76.3,2016-12-12 23:51:00.000
1,435816.0,4358.0,30.0,Patiala,Punjab,30.200000000000003,76.3,30.200000000000003,76.3,2016-12-19 00:04:00.000
1,435816.0,4358.0,30.0,Patiala,Punjab,30.200000000000003,76.3,30.200000000000003,76.3,2017-01-01 23:05:49.000
1,435816.0,4358.0,30.0,Patiala,Punjab,30.200000000000003,76.3,30.200000000000003,76.3,2017-03-03 22:57:37.999
1,435816.0,4358.0,30.0,Patiala,Punjab,30.200000000000003,76.3,30.200000000000003,76.3,2017-03-22 23:33:02.999
1,435816.0,4358.0,30.0,Patiala,Punjab,30.200000000000003,76.3,30.200000000000003,76.3,2017-02-06 23:31:13.000
1,435816.0,4358.0,30.0,Patiala,Punjab,30.200000000000003,76.3,30.200000000000003,76.3,2017-02-13 23:57:49.999
1,435816.0,4358.0,30.0,Patiala,Punjab,30.200000000000003,76.3,30.200000000000003,76.3,2017-02-06 23:32:03.999
1,435818.0,4358.0,30.0,Patiala,Punjab,30.200000000000003,76.3,30.200000000000003,76.3,2017-02-14 23:50:44.999
1,435818.0,4358.0,30.0,Patiala,Punjab,30.200000000000003,76.3,30.200000000000003,76.3,2017-03-13 01:28:02.000
1,435818.0,4358.0,30.0,Patiala,Punjab,30.200000000000003,76.3,30.200000000000003,76.3,2017-03-13 01:29:36.000
1,435818.0,4358.0,30.0,Patiala,Punjab,30.200000000000003,76.3,30.200000000000003,76.3,2016-12-23 01:41:00.000
1,435818.0,4358.0,30.0,Patiala,Punjab,30.200000000000003,76.3,30.200000000000003,76.3,2016-12-16 23:29:00.000
1,435818.0,4358.0,30.0,Patiala,Punjab,30.200000000000003,76.3,30.200000000000003,76.3,2016-12-18 23:19:59.999
1,435818.0,4358.0,30.0,Patiala,Punjab,30.200000000000003,76.3,30.200000000000003,76.3,2017-01-09 23:49:55.000
1,435818.0,4358.0,30.0,Patiala,Punjab,30.200000000000003,76.3,30.200000000000003,76.3,2016-12-29 01:59:00.000
1,435818.0,4358.0,30.0,Patiala,Punjab,30.200000000000003,76.3,30.200000000000003,76.3,2016-12-05 23:45:00.000
1,435818.0,4358.0,30.0,Patiala,Punjab,30.200000000000003,76.3,30.200000000000003,76.3,2017-03-08 22:47:05.999
1,435818.0,4358.0,30.0,Patiala,Punjab,30.200000000000003,76.3,30.200000000000003,76.3,2017-03-18 01:31:51.999
1,435818.0,4358.0,30.0,Patiala,Punjab,30.200000000000003,76.3,30.200000000000003,76.3,2016-12-05 23:42:59.999
1,435818.0,4358.0,30.0,Patiala,Punjab,30.200000000000003,76.3,30.200000000000003,76.3,2017-02-10 23:24:41.000
1,435818.0,4358.0,30.0,Patiala,Punjab,30.200000000000003,76.3,30.200000000000003,76.3,2017-03-24 00:39:18.000
1,435818.0,4358.0,30.0,Patiala,Punjab,30.200000000000003,76.3,30.200000000000003,76.3,2017-03-02 23:21:07.000
1,435818.0,4358.0,30.0,Patiala,Punjab,30.200000000000003,76.3,30.200000000000003,76.3,2016-12-07 23:48:59.999
1,435818.0,4358.0,30.0,Patiala,Punjab,30.200000000000003,76.3,30.200000000000003,76.3,2017-03-16 01:23:46.000
1,435818.0,4358.0,30.0,Patiala,Punjab,30.200000000000003,76.3,30.200000000000003,76.3,2017-01-09 00:09:28.999
1,435818.0,4358.0,30.0,Patiala,Punjab,30.200000000000003,76.3,30.200000000000003,76.3,2017-02-10 23:25:38.999
1,435818.0,4358.0,30.0,Patiala,Punjab,30.200000000000003,76.3,30.200000000000003,76.3,2016-12-18 23:22:00.000
1,435818.0,4358.0,30.0,Patiala,Punjab,30.200000000000003,76.3,30.200000000000003,76.3,2017-02-19 01:37:54.000
1,435818.0,4358.0,30.0,Patiala,Punjab,30.200000000000003,76.3,30.200000000000003,76.3,2017-01-09 00:08:34.000
1,435818.0,4358.0,30.0,Patiala,Punjab,30.200000000000003,76.3,30.200000000000003,76.3,2017-03-05 00:28:01.000
1,435818.0,4358.0,30.0,Patiala,Punjab,30.200000000000003,76.3,30.200000000000003,76.3,2017-02-18 00:18:37.000
1,435818.0,4358.0,30.0,Patiala,Punjab,30.200000000000003,76.3,30.200000000000003,76.3,2017-03-21 01:54:16.999
1,435818.0,4358.0,30.0,Patiala,Punjab,30.200000000000003,76.3,30.200000000000003,76.3,2016-12-04 00:22:00.000
1,435818.0,4358.0,30.0,Patiala,Punjab,30.200000000000003,76.3,30.200000000000003,76.3,2017-02-19 01:36:47.999
1,435818.0,4358.0,30.0,Patiala,Punjab,30.200000000000003,76.3,30.200000000000003,76.3,2017-03-30 00:03:57.000
1,435818.0,4358.0,30.0,Patiala,Punjab,30.200000000000003,76.3,30.200000000000003,76.3,2017-02-06 23:20:21.000
1,435818.0,4358.0,30.0,Patiala,Punjab,30.200000000000003,76.3,30.200000000000003,76.3,2016-12-07 23:48:00.000
1,435819.0,4358.0,30.0,Patiala,Punjab,30.200000000000003,76.3,30.200000000000003,76.3,2016-12-05 23:55:59.999
1,435819.0,4358.0,30.0,Patiala,Punjab,30.200000000000003,76.3,,,2017-04-10 04:18:01.856
1,435819.0,4358.0,30.0,Patiala,Punjab,30.200000000000003,76.3,30.200000000000003,76.3,2016-12-14 02:10:59.999
1,435819.0,4358.0,30.0,Patiala,Punjab,30.200000000000003,76.3,30.200000000000003,76.3,2016-11-24 23:10:00.000
1,435819.0,4358.0,30.0,Patiala,Punjab,30.200000000000003,76.3,30.200000000000003,76.3,2016-11-24 23:05:00.000
1,435819.0,4358.0,30.0,Patiala,Punjab,30.200000000000003,76.3,30.200000000000003,76.3,2016-12-14 02:16:00.000
1,435819.0,4358.0,30.0,Patiala,Punjab,30.200000000000003,76.3,30.200000000000003,76.3,2017-01-08 02:16:22.000
1,435819.0,4358.0,30.0,Patiala,Punjab,30.200000000000003,76.3,30.200000000000003,76.3,2016-12-15 03:36:59.999
1,435819.0,4358.0,30.0,Patiala,Punjab,30.200000000000003,76.3,30.200000000000003,76.3,2017-04-10 03:20:32.000
1,435819.0,4358.0,30.0,Patiala,Punjab,30.200000000000003,76.3,30.200000000000003,76.3,2016-11-27 23:05:00.000
1,435819.0,4358.0,30.0,Patiala,Punjab,30.200000000000003,76.3,30.200000000000003,76.3,2017-04-07 04:49:41.000
1,435819.0,4358.0,30.0,Patiala,Punjab,30.200000000000003,76.3,30.200000000000003,76.3,2016-11-26 23:10:00.000
1,435819.0,4358.0,30.0,Patiala,Punjab,30.200000000000003,76.3,30.200000000000003,76.3,2017-02-05 01:37:57.000
1,435819.0,4358.0,30.0,Patiala,Punjab,30.200000000000003,76.3,,,2017-04-10 04:18:01.856
1,435819.0,4358.0,30.0,Patiala,Punjab,30.200000000000003,76.3,30.200000000000003,76.3,2017-01-18 23:44:32.000
1,435826.0,4358.0,30.0,Patiala,Punjab,30.200000000000003,76.3,30.200000000000003,76.3,2017-01-05 23:18:43.000
1,435826.0,4358.0,30.0,Patiala,Punjab,30.200000000000003,76.3,30.200000000000003,76.3,2017-02-03 23:03:07.000
1,435826.0,4358.0,30.0,Patiala,Punjab,30.200000000000003,76.3,30.200000000000003,76.3,2016-11-18 22:47:59.999
1,435826.0,4358.0,30.0,Patiala,Punjab,30.200000000000003,76.3,30.200000000000003,76.3,2016-12-18 23:23:00.000
1,435826.0,4358.0,30.0,Patiala,Punjab,30.200000000000003,76.3,30.200000000000003,76.3,2016-11-21 00:01:00.000
1,435826.0,4358.0,30.0,Patiala,Punjab,30.200000000000003,76.3,30.200000000000003,76.3,2016-11-20 23:55:59.999
1,435826.0,4358.0,30.0,Patiala,Punjab,30.200000000000003,76.3,30.200000000000003,76.3,2017-02-09 21:12:53.000
1,435826.0,4358.0,30.0,Patiala,Punjab,30.200000000000003,76.3,30.200000000000003,76.3,2017-01-03 23:26:45.999
1,435826.0,4358.0,30.0,Patiala,Punjab,30.200000000000003,76.3,30.200000000000003,76.3,2016-12-29 23:23:00.000
1,435826.0,4358.0,30.0,Patiala,Punjab,30.200000000000003,76.3,30.200000000000003,76.3,2016-12-27 21:42:00.000
1,435826.0,4358.0,30.0,Patiala,Punjab,30.200000000000003,76.3,30.200000000000003,76.3,2017-01-28 23:26:29.999
1,435826.0,4358.0,30.0,Patiala,Punjab,30.200000000000003,76.3,30.200000000000003,76.3,2016-12-18 23:22:00.000
1,435826.0,4358.0,30.0,Patiala,Punjab,30.200000000000003,76.3,30.200000000000003,76.3,2017-03-11 22:11:14.000
1,435826.0,4358.0,30.0,Patiala,Punjab,30.200000000000003,76.3,30.200000000000003,76.3,2017-03-05 22:24:52.000
1,435826.0,4358.0,30.0,Patiala,Punjab,30.200000000000003,76.3,30.200000000000003,76.3,2017-01-05 23:17:23.999
1,435826.0,4358.0,30.0,Patiala,Punjab,30.200000000000003,76.3,30.200000000000003,76.3,2016-12-29 23:22:00.000
1,435826.0,4358.0,30.0,Patiala,Punjab,30.200000000000003,76.3,30.200000000000003,76.3,2016-12-16 22:54:00.000
1,435826.0,4358.0,30.0,Patiala,Punjab,30.200000000000003,76.3,30.200000000000003,76.3,2017-02-11 22:35:44.000
1,435826.0,4358.0,30.0,Patiala,Punjab,30.200000000000003,76.3,30.200000000000003,76.3,2017-04-19 06:54:25.000
1,435826.0,4358.0,30.0,Patiala,Punjab,30.200000000000003,76.3,30.200000000000003,76.3,2017-02-15 23:07:40.999
1,435826.0,4358.0,30.0,Patiala,Punjab,30.200000000000003,76.3,30.200000000000003,76.3,2017-01-08 00:01:43.999
1,435826.0,4358.0,30.0,Patiala,Punjab,30.200000000000003,76.3,30.200000000000003,76.3,2017-02-18 22:27:05.000
1,435826.0,4358.0,30.0,Patiala,Punjab,30.200000000000003,76.3,30.200000000000003,76.3,2017-04-02 20:28:29.000
1,435826.0,4358.0,30.0,Patiala,Punjab,30.200000000000003,76.3,30.200000000000003,76.3,2017-03-16 22:47:35.999
1,435826.0,4358.0,30.0,Patiala,Punjab,30.200000000000003,76.3,,,2017-04-10 04:02:44.352
1,435826.0,4358.0,30.0,Patiala,Punjab,30.200000000000003,76.3,,,2017-04-10 04:02:44.352
1,435826.0,4358.0,30.0,Patiala,Punjab,30.200000000000003,76.3,30.200000000000003,76.3,2016-12-19 23:58:00.000
1,435826.0,4358.0,30.0,Patiala,Punjab,30.200000000000003,76.3,30.200000000000003,76.3,2017-01-07 04:14:16.000
1,435826.0,4358.0,30.0,Patiala,Punjab,30.200000000000003,76.3,30.200000000000003,76.3,2017-01-12 22:42:42.999
1,435826.0,4358.0,30.0,Patiala,Punjab,30.200000000000003,76.3,30.200000000000003,76.3,2016-12-16 23:06:59.999
1,435826.0,4358.0,30.0,Patiala,Punjab,30.200000000000003,76.3,30.200000000000003,76.3,2017-02-05 23:09:19.000
1,435826.0,4358.0,30.0,Patiala,Punjab,30.200000000000003,76.3,30.200000000000003,76.3,2016-11-25 22:41:59.999
1,435826.0,4358.0,30.0,Patiala,Punjab,30.200000000000003,76.3,30.200000000000003,76.3,2017-02-13 22:53:08.999
1,435826.0,4358.0,30.0,Patiala,Punjab,30.200000000000003,76.3,30.200000000000003,76.3,2017-01-02 01:07:17.999
1,435826.0,4358.0,30.0,Patiala,Punjab,30.200000000000003,76.3,30.200000000000003,76.3,2017-01-01 23:58:43.000
1,435826.0,4358.0,30.0,Patiala,Punjab,30.200000000000003,76.3,30.200000000000003,76.3,2017-02-07 22:18:05.000
1,435826.0,4358.0,30.0,Patiala,Punjab,30.200000000000003,76.3,30.200000000000003,76.3,2017-01-08 00:00:27.000
1,435826.0,4358.0,30.0,Patiala,Punjab,30.200000000000003,76.3,30.200000000000003,76.3,2017-03-15 23:11:31.000
1,435826.0,4358.0,30.0,Patiala,Punjab,30.200000000000003,76.3,30.200000000000003,76.3,2016-12-15 00:03:00.000
1,435826.0,4358.0,30.0,Patiala,Punjab,30.200000000000003,76.3,30.200000000000003,76.3,2017-03-21 21:46:19.999
1,435826.0,4358.0,30.0,Patiala,Punjab,30.200000000000003,76.3,30.200000000000003,76.3,2017-04-11 21:51:01.000
1,435826.0,4358.0,30.0,Patiala,Punjab,30.200000000000003,76.3,30.200000000000003,76.3,2017-03-09 20:41:46.000
1,435826.0,4358.0,30.0,Patiala,Punjab,30.200000000000003,76.3,30.200000000000003,76.3,2016-11-18 22:43:00.000
1,435826.0,4358.0,30.0,Patiala,Punjab,30.200000000000003,76.3,30.200000000000003,76.3,2017-01-26 23:01:53.000
1,435826.0,4358.0,30.0,Patiala,Punjab,30.200000000000003,76.3,30.200000000000003,76.3,2017-01-15 23:36:25.000
1,435826.0,4358.0,30.0,Patiala,Punjab,30.200000000000003,76.3,30.200000000000003,76.3,2016-12-23 23:45:59.999
1,435826.0,4358.0,30.0,Patiala,Punjab,30.200000000000003,76.3,,,2017-04-10 04:02:44.352
1,435826.0,4358.0,30.0,Patiala,Punjab,30.200000000000003,76.3,30.200000000000003,76.3,2017-02-21 22:24:00.000
1,435826.0,4358.0,30.0,Patiala,Punjab,30.200000000000003,76.3,30.200000000000003,76.3,2017-03-01 21:32:14.999
1,435826.0,4358.0,30.0,Patiala,Punjab,30.200000000000003,76.3,30.200000000000003,76.3,2017-01-10 23:50:17.999
1,435826.0,4358.0,30.0,Patiala,Punjab,30.200000000000003,76.3,30.200000000000003,76.3,2017-01-07 04:15:26.000
1,435826.0,4358.0,30.0,Patiala,Punjab,30.200000000000003,76.3,30.200000000000003,76.3,2017-01-20 23:53:17.999
1,435826.0,4358.0,30.0,Patiala,Punjab,30.200000000000003,76.3,30.200000000000003,76.3,2016-12-15 00:08:59.999
1,435826.0,4358.0,30.0,Patiala,Punjab,30.200000000000003,76.3,,,2017-04-10 04:02:44.352
1,435826.0,4358.0,30.0,Patiala,Punjab,30.200000000000003,76.3,30.200000000000003,76.3,2017-03-23 21:47:25.000
1,435832.0,4358.0,30.0,Patiala,Punjab,30.200000000000003,76.3,30.200000000000003,76.3,2016-12-12 01:43:00.000
1,435832.0,4358.0,30.0,Patiala,Punjab,30.200000000000003,76.3,30.200000000000003,76.3,2017-03-06 02:15:30.999
1,435832.0,4358.0,30.0,Patiala,Punjab,30.200000000000003,76.3,30.200000000000003,76.3,2016-11-19 01:15:00.000
1,435832.0,4358.0,30.0,Patiala,Punjab,30.200000000000003,76.3,30.200000000000003,76.3,2016-11-22 02:06:59.999
1,435832.0,4358.0,30.0,Patiala,Punjab,30.200000000000003,76.3,30.200000000000003,76.3,2016-11-16 01:57:00.000
1,435832.0,4358.0,30.0,Patiala,Punjab,30.200000000000003,76.3,30.200000000000003,76.3,2017-04-06 00:14:27.000
1,435832.0,4358.0,30.0,Patiala,Punjab,30.200000000000003,76.3,30.200000000000003,76.3,2016-12-22 00:27:00.000
1,435832.0,4358.0,30.0,Patiala,Punjab,30.200000000000003,76.3,30.200000000000003,76.3,2017-01-19 00:04:27.999
1,435832.0,4358.0,30.0,Patiala,Punjab,30.200000000000003,76.3,30.200000000000003,76.3,2017-03-15 01:41:08.000
1,435832.0,4358.0,30.0,Patiala,Punjab,30.200000000000003,76.3,30.200000000000003,76.3,2017-02-04 23:07:37.000
1,435832.0,4358.0,30.0,Patiala,Punjab,30.200000000000003,76.3,30.200000000000003,76.3,2017-01-27 00:02:42.999
1,435832.0,4358.0,30.0,Patiala,Punjab,30.200000000000003,76.3,30.200000000000003,76.3,2016-12-30 22:34:59.999
1,435832.0,4358.0,30.0,Patiala,Punjab,30.200000000000003,76.3,30.200000000000003,76.3,2017-01-20 23:37:46.000
1,435832.0,4358.0,30.0,Patiala,Punjab,30.200000000000003,76.3,30.200000000000003,76.3,2017-03-08 23:00:51.999
1,435832.0,4358.0,30.0,Patiala,Punjab,30.200000000000003,76.3,30.200000000000003,76.3,2016-12-01 01:23:00.000
1,435836.0,4358.0,30.0,Patiala,Punjab,30.200000000000003,76.3,30.200000000000003,76.3,2017-01-30 01:52:15.000
1,435836.0,4358.0,30.0,Patiala,Punjab,30.200000000000003,76.3,30.200000000000003,76.3,2016-12-05 01:12:59.999
1,435836.0,4358.0,30.0,Patiala,Punjab,30.200000000000003,76.3,30.200000000000003,76.3,2016-12-28 23:13:00.000
1,435836.0,4358.0,30.0,Patiala,Punjab,30.200000000000003,76.3,30.200000000000003,76.3,2016-12-20 00:32:00.000
1,435836.0,4358.0,30.0,Patiala,Punjab,30.200000000000003,76.3,30.200000000000003,76.3,2017-01-05 23:43:20.999
1,435836.0,4358.0,30.0,Patiala,Punjab,30.200000000000003,76.3,30.200000000000003,76.3,2017-03-12 01:46:25.999
1,435836.0,4358.0,30.0,Patiala,Punjab,30.200000000000003,76.3,30.200000000000003,76.3,2017-01-31 00:12:50.999
1,435836.0,4358.0,30.0,Patiala,Punjab,30.200000000000003,76.3,,,2017-04-10 04:46:25.792
1,435836.0,4358.0,30.0,Patiala,Punjab,30.200000000000003,76.3,30.200000000000003,76.3,2017-02-16 23:11:46.000
1,435836.0,4358.0,30.0,Patiala,Punjab,30.200000000000003,76.3,30.200000000000003,76.3,2017-01-02 00:04:07.000
1,435836.0,4358.0,30.0,Patiala,Punjab,30.200000000000003,76.3,30.200000000000003,76.3,2016-12-24 01:43:00.000
1,435836.0,4358.0,30.0,Patiala,Punjab,30.200000000000003,76.3,30.200000000000003,76.3,2017-01-09 02:37:03.000
1,435836.0,4358.0,30.0,Patiala,Punjab,30.200000000000003,76.3,30.200000000000003,76.3,2016-12-13 01:28:00.000
1,435836.0,4358.0,30.0,Patiala,Punjab,30.200000000000003,76.3,30.200000000000003,76.3,2017-03-19 01:34:41.000
1,435836.0,4358.0,30.0,Patiala,Punjab,30.200000000000003,76.3,30.200000000000003,76.3,2017-04-10 03:41:50.000
1,435836.0,4358.0,30.0,Patiala,Punjab,30.200000000000003,76.3,30.200000000000003,76.3,2017-02-26 02:04:32.000
1,435836.0,4358.0,30.0,Patiala,Punjab,30.200000000000003,76.3,30.200000000000003,76.3,2017-01-13 01:48:37.999
1,435836.0,4358.0,30.0,Patiala,Punjab,30.200000000000003,76.3,,,2017-04-10 04:46:25.792
1,435836.0,4358.0,30.0,Patiala,Punjab,30.200000000000003,76.3,30.200000000000003,76.3,2017-01-11 03:19:12.000
1,435836.0,4358.0,30.0,Patiala,Punjab,30.200000000000003,76.3,30.200000000000003,76.3,2016-11-26 23:45:59.999
1,435836.0,4358.0,30.0,Patiala,Punjab,30.200000000000003,76.3,30.200000000000003,76.3,2016-11-22 00:01:00.000
1,435836.0,4358.0,30.0,Patiala,Punjab,30.200000000000003,76.3,30.200000000000003,76.3,2017-03-01 22:35:42.000
1,435836.0,4358.0,30.0,Patiala,Punjab,30.200000000000003,76.3,30.200000000000003,76.3,2016-11-24 23:18:00.000
1,435836.0,4358.0,30.0,Patiala,Punjab,30.200000000000003,76.3,30.200000000000003,76.3,2017-02-03 02:13:13.000
1,435836.0,4358.0,30.0,Patiala,Punjab,30.200000000000003,76.3,30.200000000000003,76.3,2017-03-18 02:03:08.000
1,435836.0,4358.0,30.0,Patiala,Punjab,30.200000000000003,76.3,30.200000000000003,76.3,2017-03-25 01:01:41.000
1,435836.0,4358.0,30.0,Patiala,Punjab,30.200000000000003,76.3,30.200000000000003,76.3,2017-01-25 01:41:08.000
1,442701.0,4427.0,12.0,Patiala,Punjab,30.3,76.60000000000001,30.3,76.60000000000001,2017-02-20 02:13:53.000
1,442701.0,4427.0,12.0,Patiala,Punjab,30.3,76.60000000000001,30.3,76.60000000000001,2017-03-30 23:53:47.000
1,442701.0,4427.0,12.0,Patiala,Punjab,30.3,76.60000000000001,30.3,76.60000000000001,2017-02-12 01:02:48.999
1,442701.0,4427.0,12.0,Patiala,Punjab,30.3,76.60000000000001,30.3,76.60000000000001,2017-02-27 22:52:52.999
1,442701.0,4427.0,12.0,Patiala,Punjab,30.3,76.60000000000001,30.3,76.60000000000001,2017-02-18 02:10:36.000
1,442701.0,4427.0,12.0,Patiala,Punjab,30.3,76.60000000000001,30.3,76.60000000000001,2017-03-05 22:56:14.999
1,442701.0,4427.0,12.0,Patiala,Punjab,30.3,76.60000000000001,30.3,76.60000000000001,2017-03-16 00:48:03.000
1,442701.0,4427.0,12.0,Patiala,Punjab,30.3,76.60000000000001,30.3,76.60000000000001,2017-02-18 02:13:04.000
1,442701.0,4427.0,12.0,Patiala,Punjab,30.3,76.60000000000001,30.3,76.60000000000001,2017-01-24 23:46:18.999
1,442701.0,4427.0,12.0,Patiala,Punjab,30.3,76.60000000000001,30.3,76.60000000000001,2017-03-24 03:05:29.999
1,442701.0,4427.0,12.0,Patiala,Punjab,30.3,76.60000000000001,30.3,76.60000000000001,2017-02-03 23:59:37.000
1,442701.0,4427.0,12.0,Patiala,Punjab,30.3,76.60000000000001,30.3,76.60000000000001,2017-02-27 22:54:13.000
1,442701.0,4427.0,12.0,Patiala,Punjab,30.3,76.60000000000001,30.3,76.60000000000001,2017-03-09 22:29:01.000
1,442701.0,4427.0,12.0,Patiala,Punjab,30.3,76.60000000000001,30.3,76.60000000000001,2017-02-07 01:39:01.999
1,442701.0,4427.0,12.0,Patiala,Punjab,30.3,76.60000000000001,30.3,76.60000000000001,2017-02-27 22:48:40.000
1,442701.0,4427.0,12.0,Patiala,Punjab,30.3,76.60000000000001,30.3,76.60000000000001,2017-02-20 23:05:50.000
1,442701.0,4427.0,12.0,Patiala,Punjab,30.3,76.60000000000001,30.3,76.60000000000001,2017-02-01 00:26:57.999
1,442701.0,4427.0,12.0,Patiala,Punjab,30.3,76.60000000000001,30.3,76.60000000000001,2017-02-23 22:28:59.000
1,442701.0,4427.0,12.0,Patiala,Punjab,30.3,76.60000000000001,30.3,76.60000000000001,2017-03-11 22:29:09.000
1,442701.0,4427.0,12.0,Patiala,Punjab,30.3,76.60000000000001,30.3,76.60000000000001,2017-03-01 00:11:13.999
1,442701.0,4427.0,12.0,Patiala,Punjab,30.3,76.60000000000001,30.3,76.60000000000001,2017-02-27 01:50:33.000
1,442701.0,4427.0,12.0,Patiala,Punjab,30.3,76.60000000000001,,,2017-04-08 23:14:46.400
1,442701.0,4427.0,12.0,Patiala,Punjab,30.3,76.60000000000001,30.3,76.60000000000001,2017-03-09 22:28:16.999
1,442701.0,4427.0,12.0,Patiala,Punjab,30.3,76.60000000000001,30.3,76.60000000000001,2017-02-12 01:03:26.999
1,442701.0,4427.0,12.0,Patiala,Punjab,30.3,76.60000000000001,30.3,76.60000000000001,2017-02-05 23:08:54.000
1,442701.0,4427.0,12.0,Patiala,Punjab,30.3,76.60000000000001,30.3,76.60000000000001,2017-03-11 22:31:51.999
1,442701.0,4427.0,12.0,Patiala,Punjab,30.3,76.60000000000001,30.3,76.60000000000001,2017-03-01 00:10:02.000
1,442701.0,4427.0,12.0,Patiala,Punjab,30.3,76.60000000000001,30.3,76.60000000000001,2017-03-05 22:55:23.999
1,442701.0,4427.0,12.0,Patiala,Punjab,30.3,76.60000000000001,30.3,76.60000000000001,2017-02-20 02:13:48.999
1,442701.0,4427.0,12.0,Patiala,Punjab,30.3,76.60000000000001,30.3,76.60000000000001,2017-03-28 03:25:36.000
1,442701.0,4427.0,12.0,Patiala,Punjab,30.3,76.60000000000001,30.3,76.60000000000001,2017-02-09 22:31:22.000
1,442701.0,4427.0,12.0,Patiala,Punjab,30.3,76.60000000000001,30.3,76.60000000000001,2017-02-05 23:09:35.000
1,442701.0,4427.0,12.0,Patiala,Punjab,30.3,76.60000000000001,30.3,76.60000000000001,2017-03-16 00:46:11.999
1,442701.0,4427.0,12.0,Patiala,Punjab,30.3,76.60000000000001,30.3,76.60000000000001,2017-02-13 23:33:26.000
1,442701.0,4427.0,12.0,Patiala,Punjab,30.3,76.60000000000001,30.3,76.60000000000001,2017-02-15 02:38:18.000
1,442701.0,4427.0,12.0,Patiala,Punjab,30.3,76.60000000000001,30.3,76.60000000000001,2017-02-27 01:48:37.000
1,442701.0,4427.0,12.0,Patiala,Punjab,30.3,76.60000000000001,,,2017-04-08 23:14:46.400
1,442701.0,4427.0,12.0,Patiala,Punjab,30.3,76.60000000000001,30.3,76.60000000000001,2017-03-12 23:47:38.000
1,442701.0,4427.0,12.0,Patiala,Punjab,30.3,76.60000000000001,30.3,76.60000000000001,2017-02-20 23:03:22.000
1,442701.0,4427.0,12.0,Patiala,Punjab,30.3,76.60000000000001,30.3,76.60000000000001,2017-03-11 22:30:00.000
1,442701.0,4427.0,12.0,Patiala,Punjab,30.3,76.60000000000001,30.3,76.60000000000001,2017-02-15 23:07:37.999
1,442701.0,4427.0,12.0,Patiala,Punjab,30.3,76.60000000000001,30.3,76.60000000000001,2017-02-07 01:40:24.000
1,442701.0,4427.0,12.0,Patiala,Punjab,30.3,76.60000000000001,30.3,76.60000000000001,2017-03-14 00:25:55.999
1,442701.0,4427.0,12.0,Patiala,Punjab,30.3,76.60000000000001,30.3,76.60000000000001,2017-02-26 00:57:11.000
1,442701.0,4427.0,12.0,Patiala,Punjab,30.3,76.60000000000001,30.3,76.60000000000001,2017-02-21 22:57:31.000
1,442701.0,4427.0,12.0,Patiala,Punjab,30.3,76.60000000000001,30.3,76.60000000000001,2017-03-05 01:48:53.000
1,442704.0,4427.0,12.0,Patiala,Punjab,30.3,76.60000000000001,,,2017-04-08 23:43:10.336
1,442704.0,4427.0,12.0,Patiala,Punjab,30.3,76.60000000000001,,,2017-04-08 23:43:10.336
1,442704.0,4427.0,12.0,Patiala,Punjab,30.3,76.60000000000001,,,2017-04-08 23:43:10.336
1,442704.0,4427.0,12.0,Patiala,Punjab,30.3,76.60000000000001,30.3,76.60000000000001,2016-11-06 01:05:59.999
1,442704.0,4427.0,12.0,Patiala,Punjab,30.3,76.60000000000001,,,2017-04-08 23:43:10.336
1,442706.0,4427.0,12.0,Patiala,Punjab,30.3,76.60000000000001,30.3,76.60000000000001,2017-03-23 23:49:18.999
1,442706.0,4427.0,12.0,Patiala,Punjab,30.3,76.60000000000001,30.3,76.60000000000001,2016-12-20 02:12:00.000
1,442706.0,4427.0,12.0,Patiala,Punjab,30.3,76.60000000000001,30.3,76.60000000000001,2016-12-15 01:46:00.000
1,442706.0,4427.0,12.0,Patiala,Punjab,30.3,76.60000000000001,30.3,76.60000000000001,2017-01-13 02:14:01.000
1,442706.0,4427.0,12.0,Patiala,Punjab,30.3,76.60000000000001,30.3,76.60000000000001,2017-03-27 23:41:30.999
1,442706.0,4427.0,12.0,Patiala,Punjab,30.3,76.60000000000001,30.3,76.60000000000001,2017-03-11 03:10:17.000
1,442706.0,4427.0,12.0,Patiala,Punjab,30.3,76.60000000000001,30.3,76.60000000000001,2016-12-28 00:46:59.999
1,442706.0,4427.0,12.0,Patiala,Punjab,30.3,76.60000000000001,30.3,76.60000000000001,2017-01-21 03:39:14.999
1,442706.0,4427.0,12.0,Patiala,Punjab,30.3,76.60000000000001,30.3,76.60000000000001,2017-01-23 02:26:04.000
1,442706.0,4427.0,12.0,Patiala,Punjab,30.3,76.60000000000001,30.3,76.60000000000001,2016-12-17 00:33:59.999
1,442706.0,4427.0,12.0,Patiala,Punjab,30.3,76.60000000000001,,,2017-04-08 23:30:03.904
1,442706.0,4427.0,12.0,Patiala,Punjab,30.3,76.60000000000001,30.3,76.60000000000001,2017-01-10 00:38:52.000
1,442706.0,4427.0,12.0,Patiala,Punjab,30.3,76.60000000000001,30.3,76.60000000000001,2017-01-15 03:22:57.000
1,442706.0,4427.0,12.0,Patiala,Punjab,30.3,76.60000000000001,,,2017-04-08 23:30:03.904
1,442706.0,4427.0,12.0,Patiala,Punjab,30.3,76.60000000000001,30.3,76.60000000000001,2017-04-08 22:20:39.999
1,442706.0,4427.0,12.0,Patiala,Punjab,30.3,76.60000000000001,30.3,76.60000000000001,2017-02-06 02:28:06.000
1,442706.0,4427.0,12.0,Patiala,Punjab,30.3,76.60000000000001,30.3,76.60000000000001,2017-03-16 23:35:03.000
1,442706.0,4427.0,12.0,Patiala,Punjab,30.3,76.60000000000001,30.3,76.60000000000001,2016-12-12 01:25:00.000
1,442706.0,4427.0,12.0,Patiala,Punjab,30.3,76.60000000000001,30.3,76.60000000000001,2017-03-02 06:05:13.000
1,442706.0,4427.0,12.0,Patiala,Punjab,30.3,76.60000000000001,30.3,76.60000000000001,2017-04-10 23:30:09.000
1,442706.0,4427.0,12.0,Patiala,Punjab,30.3,76.60000000000001,30.3,76.60000000000001,2017-01-27 02:02:47.000
1,442706.0,4427.0,12.0,Patiala,Punjab,30.3,76.60000000000001,30.3,76.60000000000001,2017-02-12 04:09:04.000
1,442706.0,4427.0,12.0,Patiala,Punjab,30.3,76.60000000000001,30.3,76.60000000000001,2016-12-24 03:10:00.000
1,442706.0,4427.0,12.0,Patiala,Punjab,30.3,76.60000000000001,30.3,76.60000000000001,2017-02-14 01:53:46.999
1,442706.0,4427.0,12.0,Patiala,Punjab,30.3,76.60000000000001,30.3,76.60000000000001,2017-03-07 00:01:03.999
1,442706.0,4427.0,12.0,Patiala,Punjab,30.3,76.60000000000001,30.3,76.60000000000001,2017-02-24 22:25:43.000
1,442706.0,4427.0,12.0,Patiala,Punjab,30.3,76.60000000000001,30.3,76.60000000000001,2017-01-18 04:05:40.000
1,442709.0,4427.0,12.0,Patiala,Punjab,30.3,76.60000000000001,30.3,76.60000000000001,2016-12-10 22:38:59.999
1,442709.0,4427.0,12.0,Patiala,Punjab,30.3,76.60000000000001,30.3,76.60000000000001,2017-03-01 23:04:44.000
1,442709.0,4427.0,12.0,Patiala,Punjab,30.3,76.60000000000001,30.3,76.60000000000001,2017-02-09 00:14:37.000
1,442709.0,4427.0,12.0,Patiala,Punjab,30.3,76.60000000000001,30.3,76.60000000000001,2016-11-13 22:41:00.000
1,442709.0,4427.0,12.0,Patiala,Punjab,30.3,76.60000000000001,30.3,76.60000000000001,2017-01-14 02:26:00.000
1,442709.0,4427.0,12.0,Patiala,Punjab,30.3,76.60000000000001,30.3,76.60000000000001,2016-12-20 02:10:00.000
1,442709.0,4427.0,12.0,Patiala,Punjab,30.3,76.60000000000001,30.3,76.60000000000001,2017-04-05 00:24:18.999
1,442709.0,4427.0,12.0,Patiala,Punjab,30.3,76.60000000000001,30.3,76.60000000000001,2016-12-23 23:26:00.000
1,442709.0,4427.0,12.0,Patiala,Punjab,30.3,76.60000000000001,30.3,76.60000000000001,2017-01-17 00:11:59.999
1,442709.0,4427.0,12.0,Patiala,Punjab,30.3,76.60000000000001,30.3,76.60000000000001,2017-04-08 05:36:32.000
1,442709.0,4427.0,12.0,Patiala,Punjab,30.3,76.60000000000001,30.3,76.60000000000001,2017-02-04 22:48:45.000
1,442709.0,4427.0,12.0,Patiala,Punjab,30.3,76.60000000000001,30.3,76.60000000000001,2016-11-20 23:03:59.999
1,442709.0,4427.0,12.0,Patiala,Punjab,30.3,76.60000000000001,30.3,76.60000000000001,2017-02-11 01:53:06.000
1,442709.0,4427.0,12.0,Patiala,Punjab,30.3,76.60000000000001,30.3,76.60000000000001,2017-01-14 02:24:57.000
1,442709.0,4427.0,12.0,Patiala,Punjab,30.3,76.60000000000001,30.3,76.60000000000001,2017-01-11 23:39:42.000
1,442709.0,4427.0,12.0,Patiala,Punjab,30.3,76.60000000000001,30.3,76.60000000000001,2017-01-07 01:38:43.000
1,442709.0,4427.0,12.0,Patiala,Punjab,30.3,76.60000000000001,30.3,76.60000000000001,2017-02-06 23:34:28.999
1,442709.0,4427.0,12.0,Patiala,Punjab,30.3,76.60000000000001,30.3,76.60000000000001,2017-02-20 22:38:10.000
1,442709.0,4427.0,12.0,Patiala,Punjab,30.3,76.60000000000001,30.3,76.60000000000001,2017-01-09 01:29:09.000
1,442709.0,4427.0,12.0,Patiala,Punjab,30.3,76.60000000000001,30.3,76.60000000000001,2017-01-23 00:43:12.000
1,442709.0,4427.0,12.0,Patiala,Punjab,30.3,76.60000000000001,30.3,76.60000000000001,2017-01-15 02:47:55.999
1,442709.0,4427.0,12.0,Patiala,Punjab,30.3,76.60000000000001,30.3,76.60000000000001,2016-12-30 22:52:00.000
1,442709.0,4427.0,12.0,Patiala,Punjab,30.3,76.60000000000001,,,2017-04-08 23:16:57.472
1,442709.0,4427.0,12.0,Patiala,Punjab,30.3,76.60000000000001,30.3,76.60000000000001,2017-04-08 22:17:39.000
1,442709.0,4427.0,12.0,Patiala,Punjab,30.3,76.60000000000001,30.3,76.60000000000001,2017-01-10 00:48:25.000
1,442709.0,4427.0,12.0,Patiala,Punjab,30.3,76.60000000000001,30.3,76.60000000000001,2016-11-12 01:59:00.000
1,442709.0,4427.0,12.0,Patiala,Punjab,30.3,76.60000000000001,30.3,76.60000000000001,2017-02-15 01:07:00.000
1,442709.0,4427.0,12.0,Patiala,Punjab,30.3,76.60000000000001,30.3,76.60000000000001,2016-11-25 01:44:00.000
1,442709.0,4427.0,12.0,Patiala,Punjab,30.3,76.60000000000001,30.3,76.60000000000001,2016-11-29 00:30:00.000
1,442709.0,4427.0,12.0,Patiala,Punjab,30.3,76.60000000000001,30.3,76.60000000000001,2016-12-14 02:16:00.000
1,442709.0,4427.0,12.0,Patiala,Punjab,30.3,76.60000000000001,30.3,76.60000000000001,2017-02-10 00:05:52.000
1,442709.0,4427.0,12.0,Patiala,Punjab,30.3,76.60000000000001,30.3,76.60000000000001,2017-02-13 00:16:05.000
1,442709.0,4427.0,12.0,Patiala,Punjab,30.3,76.60000000000001,30.3,76.60000000000001,2016-12-28 00:14:59.999
1,442709.0,4427.0,12.0,Patiala,Punjab,30.3,76.60000000000001,30.3,76.60000000000001,2017-02-04 00:56:08.999
1,442709.0,4427.0,12.0,Patiala,Punjab,30.3,76.60000000000001,,,2017-04-08 23:16:57.472
1,442709.0,4427.0,12.0,Patiala,Punjab,30.3,76.60000000000001,30.3,76.60000000000001,2016-11-30 23:26:00.000
1,442709.0,4427.0,12.0,Patiala,Punjab,30.3,76.60000000000001,30.3,76.60000000000001,2017-02-08 01:00:14.000
1,442709.0,4427.0,12.0,Patiala,Punjab,30.3,76.60000000000001,30.3,76.60000000000001,2016-11-18 00:11:00.000
1,442709.0,4427.0,12.0,Patiala,Punjab,30.3,76.60000000000001,30.3,76.60000000000001,2017-02-28 23:11:15.000
1,442709.0,4427.0,12.0,Patiala,Punjab,30.3,76.60000000000001,30.3,76.60000000000001,2017-02-09 00:15:20.000
1,442709.0,4427.0,12.0,Patiala,Punjab,30.3,76.60000000000001,30.3,76.60000000000001,2016-11-15 22:54:59.999
1,442709.0,4427.0,12.0,Patiala,Punjab,30.3,76.60000000000001,30.3,76.60000000000001,2017-01-23 00:42:21.000
1,442709.0,4427.0,12.0,Patiala,Punjab,30.3,76.60000000000001,30.3,76.60000000000001,2017-01-05 23:15:44.999
1,442709.0,4427.0,12.0,Patiala,Punjab,30.3,76.60000000000001,30.3,76.60000000000001,2017-04-08 22:26:07.000
1,442709.0,4427.0,12.0,Patiala,Punjab,30.3,76.60000000000001,30.3,76.60000000000001,2017-03-21 23:41:43.000
1,442710.0,4427.0,12.0,Patiala,Punjab,30.3,76.60000000000001,30.3,76.60000000000001,2017-04-08 22:20:22.000
1,442710.0,4427.0,12.0,Patiala,Punjab,30.3,76.60000000000001,30.3,76.60000000000001,2017-01-13 23:31:14.999
1,442710.0,4427.0,12.0,Patiala,Punjab,30.3,76.60000000000001,,,2017-04-08 23:25:41.760
1,442710.0,4427.0,12.0,Patiala,Punjab,30.3,76.60000000000001,30.3,76.60000000000001,2016-11-24 22:44:59.999
1,442710.0,4427.0,12.0,Patiala,Punjab,30.3,76.60000000000001,30.3,76.60000000000001,2017-03-05 01:42:23.000
1,442710.0,4427.0,12.0,Patiala,Punjab,30.3,76.60000000000001,,,2017-04-08 23:25:41.760
1,442710.0,4427.0,12.0,Patiala,Punjab,30.3,76.60000000000001,30.3,76.60000000000001,2016-12-21 23:03:00.000
1,442710.0,4427.0,12.0,Patiala,Punjab,30.3,76.60000000000001,30.3,76.60000000000001,2017-02-12 23:24:23.999
1,442710.0,4427.0,12.0,Patiala,Punjab,30.3,76.60000000000001,30.3,76.60000000000001,2017-03-11 00:19:41.999
1,442712.0,4427.0,12.0,Patiala,Punjab,30.3,76.60000000000001,30.3,76.60000000000001,2017-01-31 01:19:10.000
1,442712.0,4427.0,12.0,Patiala,Punjab,30.3,76.60000000000001,30.3,76.60000000000001,2016-12-21 23:29:59.999
1,442712.0,4427.0,12.0,Patiala,Punjab,30.3,76.60000000000001,30.3,76.60000000000001,2016-12-30 22:53:00.000
1,442712.0,4427.0,12.0,Patiala,Punjab,30.3,76.60000000000001,30.3,76.60000000000001,2017-01-09 23:42:39.000
1,442712.0,4427.0,12.0,Patiala,Punjab,30.3,76.60000000000001,30.3,76.60000000000001,2017-01-11 22:46:08.000
1,442712.0,4427.0,12.0,Patiala,Punjab,30.3,76.60000000000001,30.3,76.60000000000001,2016-11-29 22:59:00.000
1,442712.0,4427.0,12.0,Patiala,Punjab,30.3,76.60000000000001,30.3,76.60000000000001,2017-02-25 22:55:01.000
1,442712.0,4427.0,12.0,Patiala,Punjab,30.3,76.60000000000001,30.3,76.60000000000001,2016-12-19 23:29:59.999
1,442712.0,4427.0,12.0,Patiala,Punjab,30.3,76.60000000000001,30.3,76.60000000000001,2016-12-10 22:57:00.000
1,442712.0,4427.0,12.0,Patiala,Punjab,30.3,76.60000000000001,30.3,76.60000000000001,2017-02-16 00:40:53.000
1,442712.0,4427.0,12.0,Patiala,Punjab,30.3,76.60000000000001,30.3,76.60000000000001,2017-01-15 23:16:02.000
1,442715.0,4427.0,12.0,Patiala,Punjab,30.3,76.60000000000001,30.3,76.60000000000001,2016-11-21 02:03:59.999
1,442715.0,4427.0,12.0,Patiala,Punjab,30.3,76.60000000000001,30.3,76.60000000000001,2016-12-31 01:32:29.000
1,442719.0,4427.0,12.0,Patiala,Punjab,30.3,76.60000000000001,30.3,76.60000000000001,2016-12-10 02:25:00.000
1,442719.0,4427.0,12.0,Patiala,Punjab,30.3,76.60000000000001,30.3,76.60000000000001,2016-12-13 02:32:59.999
1,442728.0,4427.0,12.0,Patiala,Punjab,30.3,76.60000000000001,30.3,76.60000000000001,2017-01-15 23:58:40.999
1,442728.0,4427.0,12.0,Patiala,Punjab,30.3,76.60000000000001,30.3,76.60000000000001,2017-04-13 07:12:05.000
1,442728.0,4427.0,12.0,Patiala,Punjab,30.3,76.60000000000001,30.3,76.60000000000001,2016-12-27 23:03:59.999
1,442728.0,4427.0,12.0,Patiala,Punjab,30.3,76.60000000000001,30.3,76.60000000000001,2017-02-20 23:23:01.000
1,442728.0,4427.0,12.0,Patiala,Punjab,30.3,76.60000000000001,30.3,76.60000000000001,2016-12-22 00:22:00.000
1,442728.0,4427.0,12.0,Patiala,Punjab,30.3,76.60000000000001,30.3,76.60000000000001,2016-12-01 23:10:00.000
1,442728.0,4427.0,12.0,Patiala,Punjab,30.3,76.60000000000001,30.3,76.60000000000001,2016-11-29 00:30:00.000
1,442728.0,4427.0,12.0,Patiala,Punjab,30.3,76.60000000000001,30.3,76.60000000000001,2017-01-13 01:26:55.000
1,442728.0,4427.0,12.0,Patiala,Punjab,30.3,76.60000000000001,30.3,76.60000000000001,2017-02-19 00:15:37.999
1,442728.0,4427.0,12.0,Patiala,Punjab,30.3,76.60000000000001,30.3,76.60000000000001,2017-01-11 01:43:16.000
1,442728.0,4427.0,12.0,Patiala,Punjab,30.3,76.60000000000001,,,2017-04-08 23:58:27.840
1,442728.0,4427.0,12.0,Patiala,Punjab,30.3,76.60000000000001,30.3,76.60000000000001,2017-03-04 01:34:35.000
1,442728.0,4427.0,12.0,Patiala,Punjab,30.3,76.60000000000001,,,2017-04-08 23:58:27.840
1,442728.0,4427.0,12.0,Patiala,Punjab,30.3,76.60000000000001,30.3,76.60000000000001,2016-12-12 00:46:59.999
1,442728.0,4427.0,12.0,Patiala,Punjab,30.3,76.60000000000001,30.3,76.60000000000001,2017-04-08 22:50:26.000
1,442728.0,4427.0,12.0,Patiala,Punjab,30.3,76.60000000000001,30.3,76.60000000000001,2017-02-24 01:12:29.999
1,442728.0,4427.0,12.0,Patiala,Punjab,30.3,76.60000000000001,30.3,76.60000000000001,2017-02-16 00:01:43.999
1,442728.0,4427.0,12.0,Patiala,Punjab,30.3,76.60000000000001,30.3,76.60000000000001,2017-01-10 01:15:08.000
1,442728.0,4427.0,12.0,Patiala,Punjab,30.3,76.60000000000001,30.3,76.60000000000001,2017-02-07 23:34:09.999
1,442728.0,4427.0,12.0,Patiala,Punjab,30.3,76.60000000000001,30.3,76.60000000000001,2017-02-02 01:06:17.000
1,442728.0,4427.0,12.0,Patiala,Punjab,30.3,76.60000000000001,30.3,76.60000000000001,2017-02-23 00:35:09.999
1,442728.0,4427.0,12.0,Patiala,Punjab,30.3,76.60000000000001,30.3,76.60000000000001,2016-11-17 00:46:59.999
1,442728.0,4427.0,12.0,Patiala,Punjab,30.3,76.60000000000001,30.3,76.60000000000001,2016-12-30 22:56:00.000
1,442737.0,4427.0,12.0,Patiala,Punjab,30.3,76.60000000000001,30.3,76.60000000000001,2017-02-09 05:09:43.000
1,442737.0,4427.0,12.0,Patiala,Punjab,30.3,76.60000000000001,30.3,76.60000000000001,2017-02-12 02:00:42.000
1,442737.0,4427.0,12.0,Patiala,Punjab,30.3,76.60000000000001,30.3,76.60000000000001,2016-12-27 01:47:59.999
1,442737.0,4427.0,12.0,Patiala,Punjab,30.3,76.60000000000001,30.3,76.60000000000001,2016-12-10 23:22:00.000
1,442737.0,4427.0,12.0,Patiala,Punjab,30.3,76.60000000000001,30.3,76.60000000000001,2017-03-15 00:05:45.000
1,442737.0,4427.0,12.0,Patiala,Punjab,30.3,76.60000000000001,30.3,76.60000000000001,2017-01-23 03:12:09.000
1,442737.0,4427.0,12.0,Patiala,Punjab,30.3,76.60000000000001,30.3,76.60000000000001,2016-11-10 23:29:59.999
1,442737.0,4427.0,12.0,Patiala,Punjab,30.3,76.60000000000001,30.3,76.60000000000001,2016-12-30 02:06:59.999
1,442737.0,4427.0,12.0,Patiala,Punjab,30.3,76.60000000000001,,,2017-04-08 23:38:48.192
1,442737.0,4427.0,12.0,Patiala,Punjab,30.3,76.60000000000001,30.3,76.60000000000001,2016-12-22 01:50:59.999
1,442737.0,4427.0,12.0,Patiala,Punjab,30.3,76.60000000000001,30.3,76.60000000000001,2017-02-23 22:46:01.000
1,442737.0,4427.0,12.0,Patiala,Punjab,30.3,76.60000000000001,30.3,76.60000000000001,2016-11-10 23:35:00.000
1,442737.0,4427.0,12.0,Patiala,Punjab,30.3,76.60000000000001,30.3,76.60000000000001,2017-01-08 02:27:36.000
1,442737.0,4427.0,12.0,Patiala,Punjab,30.3,76.60000000000001,30.3,76.60000000000001,2017-01-24 23:08:52.999
1,442737.0,4427.0,12.0,Patiala,Punjab,30.3,76.60000000000001,30.3,76.60000000000001,2017-01-06 02:04:10.999
1,442737.0,4427.0,12.0,Patiala,Punjab,30.3,76.60000000000001,30.3,76.60000000000001,2017-01-11 03:06:09.999
1,442737.0,4427.0,12.0,Patiala,Punjab,30.3,76.60000000000001,30.3,76.60000000000001,2017-01-22 02:47:51.000
1,442737.0,4427.0,12.0,Patiala,Punjab,30.3,76.60000000000001,30.3,76.60000000000001,2016-12-19 00:52:00.000
1,442737.0,4427.0,12.0,Patiala,Punjab,30.3,76.60000000000001,30.3,76.60000000000001,2017-02-19 03:24:48.000
1,442737.0,4427.0,12.0,Patiala,Punjab,30.3,76.60000000000001,30.3,76.60000000000001,2017-01-18 04:08:37.000
1,442737.0,4427.0,12.0,Patiala,Punjab,30.3,76.60000000000001,30.3,76.60000000000001,2017-03-19 23:31:28.000
1,442737.0,4427.0,12.0,Patiala,Punjab,30.3,76.60000000000001,,,2017-04-08 23:38:48.192
1,442737.0,4427.0,12.0,Patiala,Punjab,30.3,76.60000000000001,30.3,76.60000000000001,2016-11-10 23:31:00.000
1,442737.0,4427.0,12.0,Patiala,Punjab,30.3,76.60000000000001,30.3,76.60000000000001,2017-02-12 23:44:38.999
1,442737.0,4427.0,12.0,Patiala,Punjab,30.3,76.60000000000001,30.3,76.60000000000001,2017-01-29 01:23:57.000
1,442737.0,4427.0,12.0,Patiala,Punjab,30.3,76.60000000000001,30.3,76.60000000000001,2017-01-20 02:27:39.999
1,453502.0,4535.0,32.0,Patiala,Punjab,30.200000000000003,76.4,30.200000000000003,76.4,2016-12-07 01:47:00.000
1,453502.0,4535.0,32.0,Patiala,Punjab,30.200000000000003,76.4,30.200000000000003,76.4,2016-12-14 02:21:00.000
1,453502.0,4535.0,32.0,Patiala,Punjab,30.200000000000003,76.4,30.200000000000003,76.4,2016-12-05 05:13:00.000
1,453502.0,4535.0,32.0,Patiala,Punjab,30.200000000000003,76.4,30.200000000000003,76.4,2016-12-23 01:41:59.999
1,453502.0,4535.0,32.0,Patiala,Punjab,30.200000000000003,76.4,30.200000000000003,76.4,2017-04-12 00:48:06.999
1,453502.0,4535.0,32.0,Patiala,Punjab,30.200000000000003,76.4,30.200000000000003,76.4,2017-02-26 23:22:51.999
1,453502.0,4535.0,32.0,Patiala,Punjab,30.200000000000003,76.4,30.200000000000003,76.4,2017-01-24 23:42:51.000
1,453502.0,4535.0,32.0,Patiala,Punjab,30.200000000000003,76.4,30.200000000000003,76.4,2017-01-19 00:36:18.000
1,453502.0,4535.0,32.0,Patiala,Punjab,30.200000000000003,76.4,30.200000000000003,76.4,2016-11-24 00:36:00.000
1,453502.0,4535.0,32.0,Patiala,Punjab,30.200000000000003,76.4,30.200000000000003,76.4,2017-03-20 00:14:13.000
1,453502.0,4535.0,32.0,Patiala,Punjab,30.200000000000003,76.4,30.200000000000003,76.4,2017-04-05 23:44:27.000
1,453502.0,4535.0,32.0,Patiala,Punjab,30.200000000000003,76.4,30.200000000000003,76.4,2016-11-18 02:19:59.999
1,453502.0,4535.0,32.0,Patiala,Punjab,30.200000000000003,76.4,30.200000000000003,76.4,2017-02-08 01:06:37.000
1,453502.0,4535.0,32.0,Patiala,Punjab,30.200000000000003,76.4,30.200000000000003,76.4,2017-01-17 01:16:47.000
1,453502.0,4535.0,32.0,Patiala,Punjab,30.200000000000003,76.4,30.200000000000003,76.4,2017-03-22 03:38:03.000
1,453502.0,4535.0,32.0,Patiala,Punjab,30.200000000000003,76.4,30.200000000000003,76.4,2017-04-05 22:53:33.000
1,453502.0,4535.0,32.0,Patiala,Punjab,30.200000000000003,76.4,30.200000000000003,76.4,2016-12-09 03:17:00.000
1,453502.0,4535.0,32.0,Patiala,Punjab,30.200000000000003,76.4,30.200000000000003,76.4,2016-11-27 23:50:00.000
1,453502.0,4535.0,32.0,Patiala,Punjab,30.200000000000003,76.4,30.200000000000003,76.4,2017-03-07 02:09:08.000
1,453504.0,4535.0,32.0,Patiala,Punjab,30.200000000000003,76.4,30.200000000000003,76.4,2017-01-30 23:46:29.000
1,453504.0,4535.0,32.0,Patiala,Punjab,30.200000000000003,76.4,30.200000000000003,76.4,2017-02-13 00:50:52.000
1,453504.0,4535.0,32.0,Patiala,Punjab,30.200000000000003,76.4,30.200000000000003,76.4,2017-01-28 01:24:21.000
1,453504.0,4535.0,32.0,Patiala,Punjab,30.200000000000003,76.4,,,2017-04-10 02:09:08.608
1,453504.0,4535.0,32.0,Patiala,Punjab,30.200000000000003,76.4,30.200000000000003,76.4,2017-03-07 01:41:29.000
1,453504.0,4535.0,32.0,Patiala,Punjab,30.200000000000003,76.4,30.200000000000003,76.4,2017-01-18 23:57:52.000
1,453504.0,4535.0,32.0,Patiala,Punjab,30.200000000000003,76.4,30.200000000000003,76.4,2017-03-02 01:11:52.000
1,453504.0,4535.0,32.0,Patiala,Punjab,30.200000000000003,76.4,30.200000000000003,76.4,2017-02-20 01:48:12.000
1,453504.0,4535.0,32.0,Patiala,Punjab,30.200000000000003,76.4,30.200000000000003,76.4,2017-03-22 23:35:49.000
1,453504.0,4535.0,32.0,Patiala,Punjab,30.200000000000003,76.4,30.200000000000003,76.4,2016-12-22 22:54:00.000
1,453504.0,4535.0,32.0,Patiala,Punjab,30.200000000000003,76.4,30.200000000000003,76.4,2016-12-16 22:50:59.999
1,453504.0,4535.0,32.0,Patiala,Punjab,30.200000000000003,76.4,30.200000000000003,76.4,2016-12-13 02:16:59.999
1,453504.0,4535.0,32.0,Patiala,Punjab,30.200000000000003,76.4,30.200000000000003,76.4,2017-01-15 00:04:26.000
1,453504.0,4535.0,32.0,Patiala,Punjab,30.200000000000003,76.4,30.200000000000003,76.4,2016-12-18 23:53:00.000
1,453504.0,4535.0,32.0,Patiala,Punjab,30.200000000000003,76.4,30.200000000000003,76.4,2017-03-05 00:04:08.999
1,453504.0,4535.0,32.0,Patiala,Punjab,30.200000000000003,76.4,30.200000000000003,76.4,2017-01-10 23:22:49.999
1,453504.0,4535.0,32.0,Patiala,Punjab,30.200000000000003,76.4,30.200000000000003,76.4,2017-04-06 02:51:02.000
1,453504.0,4535.0,32.0,Patiala,Punjab,30.200000000000003,76.4,30.200000000000003,76.4,2016-12-05 23:22:00.000
1,453504.0,4535.0,32.0,Patiala,Punjab,30.200000000000003,76.4,30.200000000000003,76.4,2017-02-19 00:52:27.999
1,453504.0,4535.0,32.0,Patiala,Punjab,30.200000000000003,76.4,30.200000000000003,76.4,2017-03-10 02:23:40.999
1,453504.0,4535.0,32.0,Patiala,Punjab,30.200000000000003,76.4,30.200000000000003,76.4,2017-01-17 01:27:06.999
1,453504.0,4535.0,32.0,Patiala,Punjab,30.200000000000003,76.4,30.200000000000003,76.4,2016-11-26 00:53:00.000
1,453504.0,4535.0,32.0,Patiala,Punjab,30.200000000000003,76.4,30.200000000000003,76.4,2017-02-02 00:54:54.000
1,453504.0,4535.0,32.0,Patiala,Punjab,30.200000000000003,76.4,30.200000000000003,76.4,2017-04-08 02:57:46.000
1,453504.0,4535.0,32.0,Patiala,Punjab,30.200000000000003,76.4,30.200000000000003,76.4,2017-04-10 00:58:32.000
1,453504.0,4535.0,32.0,Patiala,Punjab,30.200000000000003,76.4,30.200000000000003,76.4,2016-12-29 00:39:00.000
1,453504.0,4535.0,32.0,Patiala,Punjab,30.200000000000003,76.4,,,2017-04-10 02:09:08.608
1,453504.0,4535.0,32.0,Patiala,Punjab,30.200000000000003,76.4,30.200000000000003,76.4,2016-11-30 01:18:00.000
1,453504.0,4535.0,32.0,Patiala,Punjab,30.200000000000003,76.4,30.200000000000003,76.4,2016-12-21 01:09:00.000
1,453504.0,4535.0,32.0,Patiala,Punjab,30.200000000000003,76.4,30.200000000000003,76.4,2016-11-23 00:43:59.999
1,453504.0,4535.0,32.0,Patiala,Punjab,30.200000000000003,76.4,30.200000000000003,76.4,2017-03-21 00:54:54.000
1,453504.0,4535.0,32.0,Patiala,Punjab,30.200000000000003,76.4,30.200000000000003,76.4,2016-12-08 00:27:00.000
1,453504.0,4535.0,32.0,Patiala,Punjab,30.200000000000003,76.4,30.200000000000003,76.4,2017-03-28 00:22:39.999
1,453504.0,4535.0,32.0,Patiala,Punjab,30.200000000000003,76.4,30.200000000000003,76.4,2016-12-30 23:27:42.000
1,453504.0,4535.0,32.0,Patiala,Punjab,30.200000000000003,76.4,30.200000000000003,76.4,2017-02-17 01:21:05.000
1,453504.0,4535.0,32.0,Patiala,Punjab,30.200000000000003,76.4,30.200000000000003,76.4,2017-03-17 01:34:30.999
1,453504.0,4535.0,32.0,Patiala,Punjab,30.200000000000003,76.4,30.200000000000003,76.4,2016-11-21 01:18:59.999
1,453504.0,4535.0,32.0,Patiala,Punjab,30.200000000000003,76.4,30.200000000000003,76.4,2016-11-28 02:03:59.999
1,453504.0,4535.0,32.0,Patiala,Punjab,30.200000000000003,76.4,30.200000000000003,76.4,2016-12-03 00:59:00.000
1,453504.0,4535.0,32.0,Patiala,Punjab,30.200000000000003,76.4,30.200000000000003,76.4,2017-01-27 01:08:38.999
1,453504.0,4535.0,32.0,Patiala,Punjab,30.200000000000003,76.4,30.200000000000003,76.4,2017-02-26 23:01:50.000
1,453504.0,4535.0,32.0,Patiala,Punjab,30.200000000000003,76.4,30.200000000000003,76.4,2017-03-15 00:52:43.000
1,453504.0,4535.0,32.0,Patiala,Punjab,30.200000000000003,76.4,30.200000000000003,76.4,2016-11-19 00:35:00.000
1,453504.0,4535.0,32.0,Patiala,Punjab,30.200000000000003,76.4,30.200000000000003,76.4,2017-02-08 23:35:03.999
1,453504.0,4535.0,32.0,Patiala,Punjab,30.200000000000003,76.4,30.200000000000003,76.4,2016-12-10 01:50:59.999
1,453504.0,4535.0,32.0,Patiala,Punjab,30.200000000000003,76.4,30.200000000000003,76.4,2017-04-10 01:03:06.000
1,453504.0,4535.0,32.0,Patiala,Punjab,30.200000000000003,76.4,30.200000000000003,76.4,2017-01-01 23:40:47.999
1,453504.0,4535.0,32.0,Patiala,Punjab,30.200000000000003,76.4,30.200000000000003,76.4,2017-01-09 00:19:15.000
1,453504.0,4535.0,32.0,Patiala,Punjab,30.200000000000003,76.4,30.200000000000003,76.4,2017-01-25 02:15:33.999
1,453504.0,4535.0,32.0,Patiala,Punjab,30.200000000000003,76.4,30.200000000000003,76.4,2017-04-05 01:24:13.000
1,453518.0,4535.0,32.0,Patiala,Punjab,30.200000000000003,76.4,,,2017-04-10 02:35:21.472
1,453518.0,4535.0,32.0,Patiala,Punjab,30.200000000000003,76.4,30.200000000000003,76.4,2017-01-05 23:57:38.999
1,453518.0,4535.0,32.0,Patiala,Punjab,30.200000000000003,76.4,30.200000000000003,76.4,2016-11-19 23:16:00.000
1,453518.0,4535.0,32.0,Patiala,Punjab,30.200000000000003,76.4,30.200000000000003,76.4,2016-11-19 23:23:00.000
1,453518.0,4535.0,32.0,Patiala,Punjab,30.200000000000003,76.4,,,2017-04-10 02:35:21.472
1,453518.0,4535.0,32.0,Patiala,Punjab,30.200000000000003,76.4,30.200000000000003,76.4,2017-03-06 23:45:02.000
1,453518.0,4535.0,32.0,Patiala,Punjab,30.200000000000003,76.4,,,2017-04-10 02:35:21.472
1,453518.0,4535.0,32.0,Patiala,Punjab,30.200000000000003,76.4,30.200000000000003,76.4,2016-12-13 02:29:59.999
1,453518.0,4535.0,32.0,Patiala,Punjab,30.200000000000003,76.4,,,2017-04-10 02:35:21.472
1,453518.0,4535.0,32.0,Patiala,Punjab,30.200000000000003,76.4,30.200000000000003,76.4,2017-02-03 01:27:16.000
1,453527.0,4535.0,32.0,Patiala,Punjab,30.200000000000003,76.4,30.200000000000003,76.4,2016-11-25 23:16:00.000
1,453527.0,4535.0,32.0,Patiala,Punjab,30.200000000000003,76.4,30.200000000000003,76.4,2016-11-28 01:14:00.000
1,453527.0,4535.0,32.0,Patiala,Punjab,30.200000000000003,76.4,30.200000000000003,76.4,2016-12-12 23:34:00.000
1,453527.0,4535.0,32.0,Patiala,Punjab,30.200000000000003,76.4,30.200000000000003,76.4,2016-11-19 01:21:00.000
1,453527.0,4535.0,32.0,Patiala,Punjab,30.200000000000003,76.4,30.200000000000003,76.4,2016-12-14 23:00:00.000
1,453530.0,4535.0,32.0,Patiala,Punjab,30.200000000000003,76.4,30.200000000000003,76.4,2016-11-22 23:19:00.000
1,453530.0,4535.0,32.0,Patiala,Punjab,30.200000000000003,76.4,30.200000000000003,76.4,2017-01-27 01:38:20.000
1,453530.0,4535.0,32.0,Patiala,Punjab,30.200000000000003,76.4,30.200000000000003,76.4,2016-12-02 23:32:59.999
1,453530.0,4535.0,32.0,Patiala,Punjab,30.200000000000003,76.4,30.200000000000003,76.4,2016-12-03 23:23:00.000
1,453530.0,4535.0,32.0,Patiala,Punjab,30.200000000000003,76.4,30.200000000000003,76.4,2016-11-27 00:26:00.000
1,453605.0,4536.0,24.0,Patiala,Punjab,30.200000000000003,76.2,30.3,76.3,2016-12-30 00:43:00.000
1,453605.0,4536.0,24.0,Patiala,Punjab,30.200000000000003,76.2,30.3,76.3,2017-02-16 22:55:46.000
1,453605.0,4536.0,24.0,Patiala,Punjab,30.200000000000003,76.2,30.3,76.3,2017-01-02 00:16:41.999
1,453605.0,4536.0,24.0,Patiala,Punjab,30.200000000000003,76.2,30.3,76.3,2017-01-28 23:04:25.000
1,453605.0,4536.0,24.0,Patiala,Punjab,30.200000000000003,76.2,30.3,76.3,2017-02-14 22:50:35.999
1,453605.0,4536.0,24.0,Patiala,Punjab,30.200000000000003,76.2,30.3,76.3,2017-02-09 23:12:25.999
1,453605.0,4536.0,24.0,Patiala,Punjab,30.200000000000003,76.2,30.3,76.3,2016-11-19 23:02:00.000
1,453605.0,4536.0,24.0,Patiala,Punjab,30.200000000000003,76.2,30.3,76.3,2017-02-08 22:52:31.000
1,453605.0,4536.0,24.0,Patiala,Punjab,30.200000000000003,76.2,30.3,76.3,2016-12-20 23:55:00.000
1,453605.0,4536.0,24.0,Patiala,Punjab,30.200000000000003,76.2,30.3,76.3,2017-02-12 00:11:29.000
1,453605.0,4536.0,24.0,Patiala,Punjab,30.200000000000003,76.2,30.3,76.3,2016-12-24 00:01:59.999
1,453605.0,4536.0,24.0,Patiala,Punjab,30.200000000000003,76.2,30.3,76.3,2017-01-20 22:57:21.000
1,453605.0,4536.0,24.0,Patiala,Punjab,30.200000000000003,76.2,30.3,76.3,2017-02-22 00:08:18.999
1,453605.0,4536.0,24.0,Patiala,Punjab,30.200000000000003,76.2,30.3,76.3,2016-12-16 23:26:00.000
1,453605.0,4536.0,24.0,Patiala,Punjab,30.200000000000003,76.2,30.3,76.3,2016-12-12 00:39:00.000
1,453605.0,4536.0,24.0,Patiala,Punjab,30.200000000000003,76.2,30.3,76.3,2016-11-30 23:29:59.999
1,453605.0,4536.0,24.0,Patiala,Punjab,30.200000000000003,76.2,,,2017-04-08 05:59:18.272
1,453605.0,4536.0,24.0,Patiala,Punjab,30.200000000000003,76.2,30.3,76.3,2017-01-29 22:45:41.000
1,453605.0,4536.0,24.0,Patiala,Punjab,30.200000000000003,76.2,30.3,76.3,2016-12-31 23:02:49.000
1,453605.0,4536.0,24.0,Patiala,Punjab,30.200000000000003,76.2,30.3,76.3,2017-02-23 22:44:51.000
1,453605.0,4536.0,24.0,Patiala,Punjab,30.200000000000003,76.2,30.3,76.3,2016-11-17 23:44:00.000
1,453605.0,4536.0,24.0,Patiala,Punjab,30.200000000000003,76.2,30.3,76.3,2017-02-02 22:39:15.999
1,453605.0,4536.0,24.0,Patiala,Punjab,30.200000000000003,76.2,30.3,76.3,2016-12-08 00:48:00.000
1,453605.0,4536.0,24.0,Patiala,Punjab,30.200000000000003,76.2,30.3,76.3,2017-02-21 00:17:22.000
1,453605.0,4536.0,24.0,Patiala,Punjab,30.200000000000003,76.2,30.3,76.3,2016-11-23 00:06:00.000
1,453605.0,4536.0,24.0,Patiala,Punjab,30.200000000000003,76.2,30.3,76.3,2017-01-10 23:30:42.000
1,453605.0,4536.0,24.0,Patiala,Punjab,30.200000000000003,76.2,30.3,76.3,2016-11-25 01:56:00.000
1,453605.0,4536.0,24.0,Patiala,Punjab,30.200000000000003,76.2,30.3,76.3,2017-01-21 23:34:33.999
1,453605.0,4536.0,24.0,Patiala,Punjab,30.200000000000003,76.2,,,2017-04-08 05:59:18.272
1,453605.0,4536.0,24.0,Patiala,Punjab,30.200000000000003,76.2,30.3,76.3,2017-01-11 23:48:18.000
1,453605.0,4536.0,24.0,Patiala,Punjab,30.200000000000003,76.2,30.3,76.3,2017-02-19 00:37:59.000
1,453605.0,4536.0,24.0,Patiala,Punjab,30.200000000000003,76.2,30.3,76.3,2017-01-16 23:20:21.000
1,453605.0,4536.0,24.0,Patiala,Punjab,30.200000000000003,76.2,30.3,76.3,2016-11-15 23:53:00.000
1,453605.0,4536.0,24.0,Patiala,Punjab,30.200000000000003,76.2,30.3,76.3,2017-01-18 00:54:12.999
1,453605.0,4536.0,24.0,Patiala,Punjab,30.200000000000003,76.2,30.3,76.3,2016-12-10 02:26:00.000
1,453605.0,4536.0,24.0,Patiala,Punjab,30.200000000000003,76.2,30.3,76.3,2017-01-28 00:40:31.000
1,453605.0,4536.0,24.0,Patiala,Punjab,30.200000000000003,76.2,30.3,76.3,2017-01-05 23:23:21.999
1,453606.0,4536.0,24.0,Patiala,Punjab,30.200000000000003,76.2,30.3,76.3,2017-03-18 00:42:33.000
1,453606.0,4536.0,24.0,Patiala,Punjab,30.200000000000003,76.2,,,2017-04-08 05:04:41.472
1,453606.0,4536.0,24.0,Patiala,Punjab,30.200000000000003,76.2,30.3,76.3,2017-03-23 23:32:03.999
1,453606.0,4536.0,24.0,Patiala,Punjab,30.200000000000003,76.2,,,2017-04-08 05:04:41.472
1,453606.0,4536.0,24.0,Patiala,Punjab,30.200000000000003,76.2,30.3,76.3,2017-03-26 23:52:05.999
1,453606.0,4536.0,24.0,Patiala,Punjab,30.200000000000003,76.2,,,2017-04-08 05:04:41.472
1,453606.0,4536.0,24.0,Patiala,Punjab,30.200000000000003,76.2,30.3,76.3,2017-04-02 02:23:23.000
1,453606.0,4536.0,24.0,Patiala,Punjab,30.200000000000003,76.2,,,2017-04-08 05:04:41.472
1,453609.0,4536.0,24.0,Patiala,Punjab,30.200000000000003,76.2,30.3,76.3,2016-12-15 01:38:59.999
1,453609.0,4536.0,24.0,Patiala,Punjab,30.200000000000003,76.2,30.3,76.3,2017-02-07 23:50:41.000
1,453609.0,4536.0,24.0,Patiala,Punjab,30.200000000000003,76.2,,,2017-04-08 05:11:14.688
1,453609.0,4536.0,24.0,Patiala,Punjab,30.200000000000003,76.2,30.3,76.3,2017-04-06 02:28:17.999
1,453609.0,4536.0,24.0,Patiala,Punjab,30.200000000000003,76.2,30.3,76.3,2017-01-16 01:50:51.000
1,453609.0,4536.0,24.0,Patiala,Punjab,30.200000000000003,76.2,30.3,76.3,2016-11-23 00:10:00.000
1,453609.0,4536.0,24.0,Patiala,Punjab,30.200000000000003,76.2,30.3,76.3,2016-12-22 02:23:59.999
1,453609.0,4536.0,24.0,Patiala,Punjab,30.200000000000003,76.2,,,2017-04-08 05:11:14.688
1,453609.0,4536.0,24.0,Patiala,Punjab,30.200000000000003,76.2,30.3,76.3,2017-03-25 23:12:17.999
1,453609.0,4536.0,24.0,Patiala,Punjab,30.200000000000003,76.2,30.3,76.3,2017-02-05 01:58:50.999
1,453609.0,4536.0,24.0,Patiala,Punjab,30.200000000000003,76.2,30.3,76.3,2017-01-11 02:04:26.000
1,453609.0,4536.0,24.0,Patiala,Punjab,30.200000000000003,76.2,30.3,76.3,2017-03-17 23:51:38.000
1,453609.0,4536.0,24.0,Patiala,Punjab,30.200000000000003,76.2,30.3,76.3,2016-11-25 01:57:59.999
1,453609.0,4536.0,24.0,Patiala,Punjab,30.200000000000003,76.2,,,2017-04-08 05:11:14.688
1,453609.0,4536.0,24.0,Patiala,Punjab,30.200000000000003,76.2,30.3,76.3,2017-03-02 23:40:01.999
1,453609.0,4536.0,24.0,Patiala,Punjab,30.200000000000003,76.2,30.3,76.3,2016-11-15 23:48:00.000
1,453609.0,4536.0,24.0,Patiala,Punjab,30.200000000000003,76.2,30.3,76.3,2017-02-10 02:00:08.999
1,453609.0,4536.0,24.0,Patiala,Punjab,30.200000000000003,76.2,30.3,76.3,2017-01-08 02:34:52.000
1,453609.0,4536.0,24.0,Patiala,Punjab,30.200000000000003,76.2,,,2017-04-08 05:11:14.688
1,453611.0,4536.0,24.0,Patiala,Punjab,30.200000000000003,76.2,30.3,76.3,2016-11-25 00:33:00.000
1,453611.0,4536.0,24.0,Patiala,Punjab,30.200000000000003,76.2,,,2017-04-08 04:29:44.320
1,453611.0,4536.0,24.0,Patiala,Punjab,30.200000000000003,76.2,,,2017-04-08 04:29:44.320
1,453611.0,4536.0,24.0,Patiala,Punjab,30.200000000000003,76.2,30.3,76.3,2016-11-22 23:12:00.000
1,453613.0,4536.0,24.0,Patiala,Punjab,30.200000000000003,76.2,30.3,76.2,2017-01-30 00:43:26.000
1,453613.0,4536.0,24.0,Patiala,Punjab,30.200000000000003,76.2,30.3,76.2,2017-01-21 01:58:17.000
1,453613.0,4536.0,24.0,Patiala,Punjab,30.200000000000003,76.2,30.3,76.2,2017-01-08 00:16:04.000
1,453613.0,4536.0,24.0,Patiala,Punjab,30.200000000000003,76.2,30.3,76.2,2017-03-25 03:10:46.000
1,453613.0,4536.0,24.0,Patiala,Punjab,30.200000000000003,76.2,30.3,76.2,2017-01-16 02:11:50.999
1,453613.0,4536.0,24.0,Patiala,Punjab,30.200000000000003,76.2,30.3,76.2,2016-12-29 02:00:00.000
1,453613.0,4536.0,24.0,Patiala,Punjab,30.200000000000003,76.2,,,2017-04-08 04:38:28.608
1,453613.0,4536.0,24.0,Patiala,Punjab,30.200000000000003,76.2,30.3,76.2,2016-12-10 02:13:59.999
1,453613.0,4536.0,24.0,Patiala,Punjab,30.200000000000003,76.2,,,2017-04-08 04:38:28.608
1,453613.0,4536.0,24.0,Patiala,Punjab,30.200000000000003,76.2,30.3,76.2,2017-04-08 03:32:46.000
1,453613.0,4536.0,24.0,Patiala,Punjab,30.200000000000003,76.2,30.3,76.2,2016-12-06 23:39:59.999
1,453613.0,4536.0,24.0,Patiala,Punjab,30.200000000000003,76.2,30.3,76.2,2017-01-03 02:15:05.000
1,453613.0,4536.0,24.0,Patiala,Punjab,30.200000000000003,76.2,30.3,76.2,2017-03-07 23:04:34.000
1,453613.0,4536.0,24.0,Patiala,Punjab,30.200000000000003,76.2,30.3,76.2,2017-02-23 23:36:48.000
1,453613.0,4536.0,24.0,Patiala,Punjab,30.200000000000003,76.2,30.3,76.2,2016-12-13 00:53:59.999
1,453613.0,4536.0,24.0,Patiala,Punjab,30.200000000000003,76.2,30.3,76.2,2017-04-08 03:29:25.000
1,453613.0,4536.0,24.0,Patiala,Punjab,30.200000000000003,76.2,30.3,76.2,2017-03-21 03:17:18.000
1,453613.0,4536.0,24.0,Patiala,Punjab,30.200000000000003,76.2,30.3,76.2,2017-01-06 00:00:40.000
1,453613.0,4536.0,24.0,Patiala,Punjab,30.200000000000003,76.2,30.3,76.2,2016-12-15 01:43:00.000
1,453613.0,4536.0,24.0,Patiala,Punjab,30.200000000000003,76.2,30.3,76.2,2017-03-11 01:18:30.999
1,453613.0,4536.0,24.0,Patiala,Punjab,30.200000000000003,76.2,30.3,76.2,2017-02-07 23:24:12.999
1,453615.0,4536.0,24.0,Patiala,Punjab,30.200000000000003,76.2,30.3,76.2,2017-01-23 00:33:42.000
1,453615.0,4536.0,24.0,Patiala,Punjab,30.200000000000003,76.2,30.3,76.2,2017-01-13 02:03:54.999
1,453615.0,4536.0,24.0,Patiala,Punjab,30.200000000000003,76.2,,,2017-04-08 04:25:22.176
1,453615.0,4536.0,24.0,Patiala,Punjab,30.200000000000003,76.2,30.3,76.2,2016-11-23 22:37:00.000
1,453615.0,4536.0,24.0,Patiala,Punjab,30.200000000000003,76.2,30.3,76.2,2017-02-13 22:54:08.000
1,453615.0,4536.0,24.0,Patiala,Punjab,30.200000000000003,76.2,30.3,76.2,2017-03-27 01:31:24.000
1,453615.0,4536.0,24.0,Patiala,Punjab,30.200000000000003,76.2,30.3,76.2,2016-12-07 01:50:00.000
1,453615.0,4536.0,24.0,Patiala,Punjab,30.200000000000003,76.2,30.3,76.2,2017-03-13 02:07:08.000
1,453615.0,4536.0,24.0,Patiala,Punjab,30.200000000000003,76.2,30.3,76.2,2017-02-26 01:21:19.000
1,453615.0,4536.0,24.0,Patiala,Punjab,30.200000000000003,76.2,30.3,76.2,2017-01-22 00:54:35.000
1,453615.0,4536.0,24.0,Patiala,Punjab,30.200000000000003,76.2,30.3,76.2,2017-01-28 23:32:10.000
1,453615.0,4536.0,24.0,Patiala,Punjab,30.200000000000003,76.2,30.3,76.2,2017-02-11 01:16:17.000
1,453615.0,4536.0,24.0,Patiala,Punjab,30.200000000000003,76.2,30.3,76.2,2017-01-03 01:49:59.000
1,453615.0,4536.0,24.0,Patiala,Punjab,30.200000000000003,76.2,30.3,76.2,2017-04-08 03:15:58.999
1,453615.0,4536.0,24.0,Patiala,Punjab,30.200000000000003,76.2,30.3,76.2,2016-11-27 23:35:59.999
1,453615.0,4536.0,24.0,Patiala,Punjab,30.200000000000003,76.2,30.3,76.2,2016-12-02 23:32:00.000
1,453615.0,4536.0,24.0,Patiala,Punjab,30.200000000000003,76.2,30.3,76.2,2016-12-16 00:53:00.000
1,453615.0,4536.0,24.0,Patiala,Punjab,30.200000000000003,76.2,30.3,76.2,2017-01-08 23:23:20.000
1,453615.0,4536.0,24.0,Patiala,Punjab,30.200000000000003,76.2,30.3,76.2,2017-03-05 23:09:00.000
1,453615.0,4536.0,24.0,Patiala,Punjab,30.200000000000003,76.2,30.3,76.2,2017-01-21 01:04:06.000
1,453615.0,4536.0,24.0,Patiala,Punjab,30.200000000000003,76.2,30.3,76.2,2017-02-12 00:24:26.000
1,453615.0,4536.0,24.0,Patiala,Punjab,30.200000000000003,76.2,30.3,76.2,2017-02-13 01:14:28.000
1,453615.0,4536.0,24.0,Patiala,Punjab,30.200000000000003,76.2,30.3,76.2,2017-01-24 01:29:33.000
1,453615.0,4536.0,24.0,Patiala,Punjab,30.200000000000003,76.2,30.3,76.2,2017-02-07 23:57:01.000
1,453615.0,4536.0,24.0,Patiala,Punjab,30.200000000000003,76.2,30.3,76.2,2016-11-22 22:47:00.000
1,453615.0,4536.0,24.0,Patiala,Punjab,30.200000000000003,76.2,30.3,76.2,2016-12-10 23:55:00.000
1,453615.0,4536.0,24.0,Patiala,Punjab,30.200000000000003,76.2,30.3,76.2,2017-01-16 01:35:44.000
1,453615.0,4536.0,24.0,Patiala,Punjab,30.200000000000003,76.2,30.3,76.2,2016-12-26 00:30:59.999
1,453615.0,4536.0,24.0,Patiala,Punjab,30.200000000000003,76.2,30.3,76.2,2016-11-29 00:53:00.000
1,453615.0,4536.0,24.0,Patiala,Punjab,30.200000000000003,76.2,30.3,76.2,2016-12-27 23:26:00.000
1,453615.0,4536.0,24.0,Patiala,Punjab,30.200000000000003,76.2,30.3,76.2,2017-01-14 23:56:45.000
1,453615.0,4536.0,24.0,Patiala,Punjab,30.200000000000003,76.2,30.3,76.2,2017-01-07 01:38:37.000
1,453615.0,4536.0,24.0,Patiala,Punjab,30.200000000000003,76.2,30.3,76.2,2016-11-26 00:48:00.000
1,453615.0,4536.0,24.0,Patiala,Punjab,30.200000000000003,76.2,30.3,76.2,2016-12-21 01:09:00.000
1,453615.0,4536.0,24.0,Patiala,Punjab,30.200000000000003,76.2,30.3,76.2,2017-02-16 00:57:22.000
1,453615.0,4536.0,24.0,Patiala,Punjab,30.200000000000003,76.2,30.3,76.2,2017-01-30 22:55:20.999
1,453615.0,4536.0,24.0,Patiala,Punjab,30.200000000000003,76.2,30.3,76.2,2016-12-19 22:54:59.999
1,453615.0,4536.0,24.0,Patiala,Punjab,30.200000000000003,76.2,30.3,76.2,2017-02-07 02:06:40.000
1,453615.0,4536.0,24.0,Patiala,Punjab,30.200000000000003,76.2,30.3,76.2,2017-02-02 00:38:52.000
1,453615.0,4536.0,24.0,Patiala,Punjab,30.200000000000003,76.2,30.3,76.2,2016-11-17 01:01:00.000
1,453615.0,4536.0,24.0,Patiala,Punjab,30.200000000000003,76.2,30.3,76.2,2017-01-01 01:03:28.000
1,453615.0,4536.0,24.0,Patiala,Punjab,30.200000000000003,76.2,30.3,76.2,2017-03-20 02:31:28.000
1,453615.0,4536.0,24.0,Patiala,Punjab,30.200000000000003,76.2,30.3,76.2,2017-03-21 00:05:26.999
1,453615.0,4536.0,24.0,Patiala,Punjab,30.200000000000003,76.2,30.3,76.2,2017-02-21 00:08:12.000
1,453615.0,4536.0,24.0,Patiala,Punjab,30.200000000000003,76.2,30.3,76.2,2016-12-24 00:56:59.999
1,453615.0,4536.0,24.0,Patiala,Punjab,30.200000000000003,76.2,30.3,76.2,2017-01-11 23:35:33.000
1,453615.0,4536.0,24.0,Patiala,Punjab,30.200000000000003,76.2,30.3,76.2,2016-11-15 22:31:59.999
1,453615.0,4536.0,24.0,Patiala,Punjab,30.200000000000003,76.2,30.3,76.2,2017-02-06 00:27:05.000
1,453615.0,4536.0,24.0,Patiala,Punjab,30.200000000000003,76.2,30.3,76.2,2017-02-22 00:35:33.000
1,453615.0,4536.0,24.0,Patiala,Punjab,30.200000000000003,76.2,30.3,76.2,2017-01-19 01:20:36.000
1,453615.0,4536.0,24.0,Patiala,Punjab,30.200000000000003,76.2,30.3,76.2,2017-02-05 01:16:57.000
1,453615.0,4536.0,24.0,Patiala,Punjab,30.200000000000003,76.2,30.3,76.2,2016-12-06 00:20:59.999
1,453615.0,4536.0,24.0,Patiala,Punjab,30.200000000000003,76.2,30.3,76.2,2016-12-18 22:41:00.000
1,453615.0,4536.0,24.0,Patiala,Punjab,30.200000000000003,76.2,30.3,76.2,2017-03-15 01:05:11.999
1,453615.0,4536.0,24.0,Patiala,Punjab,30.200000000000003,76.2,30.3,76.2,2017-03-07 01:08:03.999
1,453615.0,4536.0,24.0,Patiala,Punjab,30.200000000000003,76.2,30.3,76.2,2016-12-14 00:01:00.000
1,453615.0,4536.0,24.0,Patiala,Punjab,30.200000000000003,76.2,30.3,76.2,2017-01-25 00:44:39.000
1,453615.0,4536.0,24.0,Patiala,Punjab,30.200000000000003,76.2,30.3,76.2,2016-12-30 23:42:07.000
1,453615.0,4536.0,24.0,Patiala,Punjab,30.200000000000003,76.2,30.3,76.2,2016-12-13 01:08:00.000
1,453615.0,4536.0,24.0,Patiala,Punjab,30.200000000000003,76.2,30.3,76.2,2017-01-02 01:00:57.000
1,453615.0,4536.0,24.0,Patiala,Punjab,30.200000000000003,76.2,30.3,76.2,2016-11-21 23:29:59.999
1,453615.0,4536.0,24.0,Patiala,Punjab,30.200000000000003,76.2,30.3,76.2,2017-04-08 03:22:03.000
1,453615.0,4536.0,24.0,Patiala,Punjab,30.200000000000003,76.2,,,2017-04-08 04:25:22.176
1,453615.0,4536.0,24.0,Patiala,Punjab,30.200000000000003,76.2,30.3,76.2,2016-12-15 00:36:00.000
1,453615.0,4536.0,24.0,Patiala,Punjab,30.200000000000003,76.2,30.3,76.2,2016-12-04 23:10:00.000
1,453615.0,4536.0,24.0,Patiala,Punjab,30.200000000000003,76.2,30.3,76.2,2017-01-18 02:05:20.000
1,453615.0,4536.0,24.0,Patiala,Punjab,30.200000000000003,76.2,30.3,76.2,2016-12-03 22:47:00.000
1,453615.0,4536.0,24.0,Patiala,Punjab,30.200000000000003,76.2,30.3,76.2,2017-02-10 00:33:08.999
1,453615.0,4536.0,24.0,Patiala,Punjab,30.200000000000003,76.2,30.3,76.2,2016-12-08 01:38:00.000
1,453615.0,4536.0,24.0,Patiala,Punjab,30.200000000000003,76.2,30.3,76.2,2017-03-26 00:58:43.000
1,453615.0,4536.0,24.0,Patiala,Punjab,30.200000000000003,76.2,30.3,76.2,2017-01-29 23:50:27.000
1,453615.0,4536.0,24.0,Patiala,Punjab,30.200000000000003,76.2,30.3,76.2,2016-12-22 23:06:59.999
1,453615.0,4536.0,24.0,Patiala,Punjab,30.200000000000003,76.2,30.3,76.2,2016-11-21 23:32:00.000
1,453615.0,4536.0,24.0,Patiala,Punjab,30.200000000000003,76.2,30.3,76.2,2017-03-16 23:32:48.999
1,453615.0,4536.0,24.0,Patiala,Punjab,30.200000000000003,76.2,30.3,76.2,2017-03-02 02:05:12.999
1,453615.0,4536.0,24.0,Patiala,Punjab,30.200000000000003,76.2,30.3,76.2,2017-02-28 00:05:53.999
1,453615.0,4536.0,24.0,Patiala,Punjab,30.200000000000003,76.2,30.3,76.2,2016-11-26 23:18:00.000
1,453615.0,4536.0,24.0,Patiala,Punjab,30.200000000000003,76.2,30.3,76.2,2017-02-04 02:07:53.999
1,453615.0,4536.0,24.0,Patiala,Punjab,30.200000000000003,76.2,30.3,76.2,2017-01-11 00:33:48.000
1,453615.0,4536.0,24.0,Patiala,Punjab,30.200000000000003,76.2,30.3,76.2,2017-02-24 00:27:13.000
1,453615.0,4536.0,24.0,Patiala,Punjab,30.200000000000003,76.2,30.3,76.2,2016-12-12 01:47:59.999
1,453615.0,4536.0,24.0,Patiala,Punjab,30.200000000000003,76.2,30.3,76.2,2017-03-11 00:56:29.999
1,453615.0,4536.0,24.0,Patiala,Punjab,30.200000000000003,76.2,30.3,76.2,2016-11-25 01:08:00.000
1,453615.0,4536.0,24.0,Patiala,Punjab,30.200000000000003,76.2,30.3,76.2,2017-01-05 01:26:09.000
1,453615.0,4536.0,24.0,Patiala,Punjab,30.200000000000003,76.2,30.3,76.2,2017-02-14 23:36:34.000
1,453616.0,4536.0,24.0,Patiala,Punjab,30.200000000000003,76.2,30.3,76.3,2017-02-12 23:32:21.000
1,453616.0,4536.0,24.0,Patiala,Punjab,30.200000000000003,76.2,30.3,76.3,2016-12-15 01:40:00.000
1,453616.0,4536.0,24.0,Patiala,Punjab,30.200000000000003,76.2,30.3,76.3,2017-03-01 22:35:13.999
1,453616.0,4536.0,24.0,Patiala,Punjab,30.200000000000003,76.2,30.3,76.3,2017-02-27 23:22:16.000
1,453616.0,4536.0,24.0,Patiala,Punjab,30.200000000000003,76.2,30.3,76.3,2017-01-02 23:59:42.000
1,453616.0,4536.0,24.0,Patiala,Punjab,30.200000000000003,76.2,30.3,76.3,2016-12-30 00:46:00.000
1,453616.0,4536.0,24.0,Patiala,Punjab,30.200000000000003,76.2,30.3,76.3,2017-02-23 23:54:46.999
1,453616.0,4536.0,24.0,Patiala,Punjab,30.200000000000003,76.2,30.3,76.3,2016-12-22 02:25:00.000
1,453616.0,4536.0,24.0,Patiala,Punjab,30.200000000000003,76.2,30.3,76.3,2017-03-12 23:45:10.000
1,453616.0,4536.0,24.0,Patiala,Punjab,30.200000000000003,76.2,30.3,76.3,2017-02-19 01:49:51.000
1,453616.0,4536.0,24.0,Patiala,Punjab,30.200000000000003,76.2,30.3,76.3,2017-02-05 01:56:49.999
1,453616.0,4536.0,24.0,Patiala,Punjab,30.200000000000003,76.2,30.3,76.3,2017-04-06 02:22:57.999
1,453616.0,4536.0,24.0,Patiala,Punjab,30.200000000000003,76.2,,,2017-04-08 04:51:35.040
1,453616.0,4536.0,24.0,Patiala,Punjab,30.200000000000003,76.2,30.3,76.3,2017-02-07 23:52:21.000
1,453616.0,4536.0,24.0,Patiala,Punjab,30.200000000000003,76.2,,,2017-04-08 04:51:35.040
1,453616.0,4536.0,24.0,Patiala,Punjab,30.200000000000003,76.2,,,2017-04-08 04:51:35.040
1,453616.0,4536.0,24.0,Patiala,Punjab,30.200000000000003,76.2,30.3,76.3,2017-01-11 02:36:50.000
1,453616.0,4536.0,24.0,Patiala,Punjab,30.200000000000003,76.2,30.3,76.3,2017-01-16 01:48:32.000
1,453616.0,4536.0,24.0,Patiala,Punjab,30.200000000000003,76.2,30.3,76.3,2016-12-12 00:36:59.999
1,453616.0,4536.0,24.0,Patiala,Punjab,30.200000000000003,76.2,30.3,76.3,2017-03-04 01:07:44.000
1,453616.0,4536.0,24.0,Patiala,Punjab,30.200000000000003,76.2,30.3,76.3,2017-03-08 01:23:30.000
1,453616.0,4536.0,24.0,Patiala,Punjab,30.200000000000003,76.2,30.3,76.3,2016-12-20 01:54:59.999
1,453616.0,4536.0,24.0,Patiala,Punjab,30.200000000000003,76.2,30.3,76.3,2016-12-24 01:14:00.000
1,453616.0,4536.0,24.0,Patiala,Punjab,30.200000000000003,76.2,,,2017-04-08 04:51:35.040
1,453616.0,4536.0,24.0,Patiala,Punjab,30.200000000000003,76.2,30.3,76.3,2017-03-17 23:48:45.000
1,453616.0,4536.0,24.0,Patiala,Punjab,30.200000000000003,76.2,30.3,76.3,2017-02-03 00:38:20.999
1,453616.0,4536.0,24.0,Patiala,Punjab,30.200000000000003,76.2,30.3,76.3,2016-12-26 01:04:00.000
1,453616.0,4536.0,24.0,Patiala,Punjab,30.200000000000003,76.2,30.3,76.3,2017-02-22 00:03:33.999
1,453617.0,4536.0,24.0,Patiala,Punjab,30.200000000000003,76.2,30.3,76.3,2016-11-28 00:51:00.000
1,453617.0,4536.0,24.0,Patiala,Punjab,30.200000000000003,76.2,30.3,76.3,2017-03-01 23:28:11.000
1,453617.0,4536.0,24.0,Patiala,Punjab,30.200000000000003,76.2,,,2017-04-08 05:00:19.328
1,453617.0,4536.0,24.0,Patiala,Punjab,30.200000000000003,76.2,30.3,76.3,2017-03-13 00:01:19.999
1,453617.0,4536.0,24.0,Patiala,Punjab,30.200000000000003,76.2,30.3,76.3,2017-03-15 00:28:04.000
1,453617.0,4536.0,24.0,Patiala,Punjab,30.200000000000003,76.2,30.3,76.3,2017-03-11 22:46:06.999
1,453617.0,4536.0,24.0,Patiala,Punjab,30.200000000000003,76.2,,,2017-04-08 05:00:19.328
1,453617.0,4536.0,24.0,Patiala,Punjab,30.200000000000003,76.2,30.3,76.3,2017-03-10 22:45:14.000
1,453617.0,4536.0,24.0,Patiala,Punjab,30.200000000000003,76.2,,,2017-04-08 05:00:19.328
1,453617.0,4536.0,24.0,Patiala,Punjab,30.200000000000003,76.2,30.3,76.3,2016-11-17 01:43:00.000
1,453617.0,4536.0,24.0,Patiala,Punjab,30.200000000000003,76.2,30.3,76.3,2016-11-24 23:45:00.000
1,453617.0,4536.0,24.0,Patiala,Punjab,30.200000000000003,76.2,30.3,76.3,2016-11-19 00:36:59.999
1,453617.0,4536.0,24.0,Patiala,Punjab,30.200000000000003,76.2,30.3,76.3,2017-03-01 01:09:10.000
1,453617.0,4536.0,24.0,Patiala,Punjab,30.200000000000003,76.2,,,2017-04-08 05:00:19.328
1,453618.0,4536.0,24.0,Patiala,Punjab,30.200000000000003,76.2,30.3,76.3,2017-01-18 01:55:55.999
1,453618.0,4536.0,24.0,Patiala,Punjab,30.200000000000003,76.2,30.3,76.3,2017-01-10 00:02:07.999
1,453618.0,4536.0,24.0,Patiala,Punjab,30.200000000000003,76.2,30.3,76.3,2017-02-14 23:43:07.999
1,453618.0,4536.0,24.0,Patiala,Punjab,30.200000000000003,76.2,30.3,76.3,2017-03-25 01:49:15.000
1,453618.0,4536.0,24.0,Patiala,Punjab,30.200000000000003,76.2,30.3,76.3,2017-01-20 00:12:42.999
1,453618.0,4536.0,24.0,Patiala,Punjab,30.200000000000003,76.2,30.3,76.3,2016-12-15 00:00:00.000
1,453618.0,4536.0,24.0,Patiala,Punjab,30.200000000000003,76.2,30.3,76.3,2017-03-31 23:58:08.999
1,453618.0,4536.0,24.0,Patiala,Punjab,30.200000000000003,76.2,30.3,76.3,2016-12-26 00:56:00.000
1,453618.0,4536.0,24.0,Patiala,Punjab,30.200000000000003,76.2,30.3,76.3,2017-04-08 04:21:30.000
1,453618.0,4536.0,24.0,Patiala,Punjab,30.200000000000003,76.2,30.3,76.2,2017-02-27 22:43:22.000
1,453618.0,4536.0,24.0,Patiala,Punjab,30.200000000000003,76.2,30.3,76.3,2017-03-29 00:13:49.999
1,453618.0,4536.0,24.0,Patiala,Punjab,30.200000000000003,76.2,,,2017-04-08 05:30:54.336
1,453618.0,4536.0,24.0,Patiala,Punjab,30.200000000000003,76.2,30.3,76.3,2017-03-19 00:03:16.000
1,453618.0,4536.0,24.0,Patiala,Punjab,30.200000000000003,76.2,30.3,76.3,2017-04-13 00:20:35.999
1,453618.0,4536.0,24.0,Patiala,Punjab,30.200000000000003,76.2,30.3,76.3,2017-01-10 23:10:59.999
1,453618.0,4536.0,24.0,Patiala,Punjab,30.200000000000003,76.2,30.3,76.3,2017-03-22 23:46:39.999
1,453618.0,4536.0,24.0,Patiala,Punjab,30.200000000000003,76.2,30.3,76.2,2017-02-23 23:10:02.999
1,453618.0,4536.0,24.0,Patiala,Punjab,30.200000000000003,76.2,30.3,76.2,2017-02-21 00:02:17.000
1,453618.0,4536.0,24.0,Patiala,Punjab,30.200000000000003,76.2,30.3,76.3,2017-04-08 04:24:44.000
1,453618.0,4536.0,24.0,Patiala,Punjab,30.200000000000003,76.2,30.3,76.2,2017-03-01 22:36:28.000
1,453618.0,4536.0,24.0,Patiala,Punjab,30.200000000000003,76.2,,,2017-04-08 05:30:54.336
1,453618.0,4536.0,24.0,Patiala,Punjab,30.200000000000003,76.2,30.3,76.3,2016-11-25 00:53:59.999
1,453618.0,4536.0,24.0,Patiala,Punjab,30.200000000000003,76.2,30.3,76.2,2017-02-02 23:19:19.999
1,453618.0,4536.0,24.0,Patiala,Punjab,30.200000000000003,76.2,30.3,76.3,2017-01-07 00:01:22.000
1,453624.0,4536.0,24.0,Patiala,Punjab,30.200000000000003,76.2,30.3,76.3,2017-01-05 22:35:26.999
1,453624.0,4536.0,24.0,Patiala,Punjab,30.200000000000003,76.2,30.3,76.3,2017-02-03 22:50:08.999
1,453624.0,4536.0,24.0,Patiala,Punjab,30.200000000000003,76.2,30.3,76.3,2017-01-26 23:19:38.999
1,453624.0,4536.0,24.0,Patiala,Punjab,30.200000000000003,76.2,30.3,76.3,2017-04-06 03:17:14.000
1,453624.0,4536.0,24.0,Patiala,Punjab,30.200000000000003,76.2,30.3,76.3,2016-11-25 01:09:59.999
1,453624.0,4536.0,24.0,Patiala,Punjab,30.200000000000003,76.2,30.3,76.3,2016-12-19 00:40:00.000
1,453624.0,4536.0,24.0,Patiala,Punjab,30.200000000000003,76.2,30.3,76.3,2017-01-02 22:45:45.000
1,453624.0,4536.0,24.0,Patiala,Punjab,30.200000000000003,76.2,30.3,76.3,2016-12-28 02:29:59.999
1,453624.0,4536.0,24.0,Patiala,Punjab,30.200000000000003,76.2,30.3,76.3,2017-03-21 00:24:56.000
1,453624.0,4536.0,24.0,Patiala,Punjab,30.200000000000003,76.2,30.3,76.3,2017-02-08 23:55:13.000
1,453624.0,4536.0,24.0,Patiala,Punjab,30.200000000000003,76.2,30.3,76.3,2017-04-09 02:17:57.000
1,453624.0,4536.0,24.0,Patiala,Punjab,30.200000000000003,76.2,30.3,76.3,2017-01-04 00:12:14.000
1,453624.0,4536.0,24.0,Patiala,Punjab,30.200000000000003,76.2,30.3,76.3,2017-04-08 04:22:13.999
1,453624.0,4536.0,24.0,Patiala,Punjab,30.200000000000003,76.2,30.3,76.3,2017-01-08 23:04:53.000
1,453624.0,4536.0,24.0,Patiala,Punjab,30.200000000000003,76.2,30.3,76.3,2017-01-19 22:54:40.999
1,453624.0,4536.0,24.0,Patiala,Punjab,30.200000000000003,76.2,30.3,76.3,2017-01-24 22:58:39.999
1,453624.0,4536.0,24.0,Patiala,Punjab,30.200000000000003,76.2,30.3,76.3,2017-02-14 02:24:50.000
1,453624.0,4536.0,24.0,Patiala,Punjab,30.200000000000003,76.2,30.3,76.3,2016-12-23 02:19:59.999
1,453624.0,4536.0,24.0,Patiala,Punjab,30.200000000000003,76.2,30.3,76.3,2017-02-03 01:02:23.000
1,453624.0,4536.0,24.0,Patiala,Punjab,30.200000000000003,76.2,30.3,76.3,2017-01-25 22:29:55.999
1,453624.0,4536.0,24.0,Patiala,Punjab,30.200000000000003,76.2,30.3,76.3,2016-12-20 01:34:59.999
1,453624.0,4536.0,24.0,Patiala,Punjab,30.200000000000003,76.2,30.3,76.3,2016-12-21 02:22:00.000
1,453624.0,4536.0,24.0,Patiala,Punjab,30.200000000000003,76.2,30.3,76.3,2016-12-12 01:23:00.000
1,453624.0,4536.0,24.0,Patiala,Punjab,30.200000000000003,76.2,30.3,76.3,2017-04-08 04:27:30.000
1,453624.0,4536.0,24.0,Patiala,Punjab,30.200000000000003,76.2,30.3,76.3,2017-01-16 23:25:46.000
1,453624.0,4536.0,24.0,Patiala,Punjab,30.200000000000003,76.2,30.3,76.3,2017-01-13 23:11:30.000
1,453624.0,4536.0,24.0,Patiala,Punjab,30.200000000000003,76.2,30.3,76.3,2017-01-29 23:17:21.999
1,453624.0,4536.0,24.0,Patiala,Punjab,30.200000000000003,76.2,30.3,76.3,2017-01-21 02:25:25.000
1,453624.0,4536.0,24.0,Patiala,Punjab,30.200000000000003,76.2,,,2017-04-08 05:28:43.264
1,453624.0,4536.0,24.0,Patiala,Punjab,30.200000000000003,76.2,30.3,76.3,2017-02-21 23:19:59.000
1,453624.0,4536.0,24.0,Patiala,Punjab,30.200000000000003,76.2,30.3,76.3,2017-03-02 22:35:52.000
1,453624.0,4536.0,24.0,Patiala,Punjab,30.200000000000003,76.2,30.3,76.3,2016-12-16 01:50:00.000
1,453624.0,4536.0,24.0,Patiala,Punjab,30.200000000000003,76.2,30.3,76.3,2017-01-28 22:45:07.999
1,453624.0,4536.0,24.0,Patiala,Punjab,30.200000000000003,76.2,30.3,76.3,2017-02-13 00:20:00.999
1,453624.0,4536.0,24.0,Patiala,Punjab,30.200000000000003,76.2,30.3,76.3,2016-12-29 01:20:00.000
1,453624.0,4536.0,24.0,Patiala,Punjab,30.200000000000003,76.2,30.3,76.3,2017-01-31 23:32:30.000
1,453624.0,4536.0,24.0,Patiala,Punjab,30.200000000000003,76.2,30.3,76.3,2017-04-01 02:35:11.000
1,453624.0,4536.0,24.0,Patiala,Punjab,30.200000000000003,76.2,30.3,76.3,2016-12-13 01:09:59.999
1,453624.0,4536.0,24.0,Patiala,Punjab,30.200000000000003,76.2,30.3,76.3,2017-01-12 22:54:12.000
1,453624.0,4536.0,24.0,Patiala,Punjab,30.200000000000003,76.2,30.3,76.3,2016-11-16 02:13:59.999
1,453624.0,4536.0,24.0,Patiala,Punjab,30.200000000000003,76.2,30.3,76.3,2016-12-22 02:00:59.999
1,453624.0,4536.0,24.0,Patiala,Punjab,30.200000000000003,76.2,30.3,76.3,2017-03-07 23:30:09.000
1,453624.0,4536.0,24.0,Patiala,Punjab,30.200000000000003,76.2,30.3,76.3,2017-01-07 23:19:51.999
1,453624.0,4536.0,24.0,Patiala,Punjab,30.200000000000003,76.2,30.3,76.3,2017-02-21 00:20:51.000
1,453624.0,4536.0,24.0,Patiala,Punjab,30.200000000000003,76.2,30.3,76.3,2017-01-06 23:57:37.000
1,453624.0,4536.0,24.0,Patiala,Punjab,30.200000000000003,76.2,,,2017-04-08 05:28:43.264
1,453624.0,4536.0,24.0,Patiala,Punjab,30.200000000000003,76.2,30.3,76.3,2016-12-15 01:50:59.999
1,453624.0,4536.0,24.0,Patiala,Punjab,30.200000000000003,76.2,30.3,76.3,2017-02-08 01:14:44.999
1,460704.0,4607.0,12.0,Patiala,Punjab,30.3,76.60000000000001,30.3,76.60000000000001,2017-01-10 01:36:58.999
1,460704.0,4607.0,12.0,Patiala,Punjab,30.3,76.60000000000001,30.3,76.60000000000001,2016-11-29 00:00:00.000
1,460704.0,4607.0,12.0,Patiala,Punjab,30.3,76.60000000000001,30.3,76.60000000000001,2017-04-06 06:22:54.000
1,460704.0,4607.0,12.0,Patiala,Punjab,30.3,76.60000000000001,30.3,76.60000000000001,2017-01-15 23:02:01.999
1,460704.0,4607.0,12.0,Patiala,Punjab,30.3,76.60000000000001,30.3,76.60000000000001,2016-11-23 23:08:00.000
1,460704.0,4607.0,12.0,Patiala,Punjab,30.3,76.60000000000001,30.3,76.60000000000001,2017-03-24 06:33:08.000
1,460704.0,4607.0,12.0,Patiala,Punjab,30.3,76.60000000000001,30.3,76.60000000000001,2016-12-06 01:27:00.000
1,460704.0,4607.0,12.0,Patiala,Punjab,30.3,76.60000000000001,30.3,76.60000000000001,2016-11-18 23:35:59.999
1,460704.0,4607.0,12.0,Patiala,Punjab,30.3,76.60000000000001,30.3,76.60000000000001,2016-12-10 01:49:00.000
1,460704.0,4607.0,12.0,Patiala,Punjab,30.3,76.60000000000001,30.3,76.60000000000001,2017-04-09 01:04:22.000
1,460704.0,4607.0,12.0,Patiala,Punjab,30.3,76.60000000000001,30.3,76.60000000000001,2017-02-18 01:32:07.000
1,460704.0,4607.0,12.0,Patiala,Punjab,30.3,76.60000000000001,30.3,76.60000000000001,2016-12-29 00:19:00.000
1,460704.0,4607.0,12.0,Patiala,Punjab,30.3,76.60000000000001,30.3,76.60000000000001,2016-11-25 22:20:00.000
1,460704.0,4607.0,12.0,Patiala,Punjab,30.3,76.60000000000001,30.3,76.60000000000001,2016-11-16 01:53:00.000
1,460704.0,4607.0,12.0,Patiala,Punjab,30.3,76.60000000000001,30.3,76.60000000000001,2017-01-05 23:53:35.000
1,460704.0,4607.0,12.0,Patiala,Punjab,30.3,76.60000000000001,30.3,76.60000000000001,2016-11-13 23:37:00.000
1,460704.0,4607.0,12.0,Patiala,Punjab,30.3,76.60000000000001,30.3,76.60000000000001,2016-12-01 02:13:00.000
1,460704.0,4607.0,12.0,Patiala,Punjab,30.3,76.60000000000001,30.3,76.60000000000001,2017-01-04 01:25:28.000
1,460704.0,4607.0,12.0,Patiala,Punjab,30.3,76.60000000000001,30.3,76.60000000000001,2016-12-24 00:46:00.000
1,460704.0,4607.0,12.0,Patiala,Punjab,30.3,76.60000000000001,30.3,76.60000000000001,2016-12-20 00:22:00.000
1,460704.0,4607.0,12.0,Patiala,Punjab,30.3,76.60000000000001,30.3,76.60000000000001,2017-02-25 02:11:42.000
1,460704.0,4607.0,12.0,Patiala,Punjab,30.3,76.60000000000001,30.3,76.60000000000001,2017-02-02 00:30:16.000
1,460704.0,4607.0,12.0,Patiala,Punjab,30.3,76.60000000000001,30.3,76.60000000000001,2016-12-04 01:41:59.999
1,460704.0,4607.0,12.0,Patiala,Punjab,30.3,76.60000000000001,30.3,76.60000000000001,2016-12-13 01:01:00.000
1,460704.0,4607.0,12.0,Patiala,Punjab,30.3,76.60000000000001,30.3,76.60000000000001,2016-11-13 23:39:59.999
1,460704.0,4607.0,12.0,Patiala,Punjab,30.3,76.60000000000001,30.3,76.60000000000001,2017-01-20 00:00:35.000
1,460704.0,4607.0,12.0,Patiala,Punjab,30.3,76.60000000000001,30.3,76.60000000000001,2017-02-06 02:24:36.999
1,460704.0,4607.0,12.0,Patiala,Punjab,30.3,76.60000000000001,30.3,76.60000000000001,2017-01-23 02:02:44.000
1,460704.0,4607.0,12.0,Patiala,Punjab,30.3,76.60000000000001,30.3,76.60000000000001,2016-11-18 23:39:59.999
1,460704.0,4607.0,12.0,Patiala,Punjab,30.3,76.60000000000001,30.3,76.60000000000001,2017-01-18 02:25:29.000
1,460704.0,4607.0,12.0,Patiala,Punjab,30.3,76.60000000000001,,,2017-04-09 02:11:43.232
1,460704.0,4607.0,12.0,Patiala,Punjab,30.3,76.60000000000001,,,2017-04-09 02:11:43.232
1,460704.0,4607.0,12.0,Patiala,Punjab,30.3,76.60000000000001,30.3,76.60000000000001,2016-11-11 22:36:00.000
1,460704.0,4607.0,12.0,Patiala,Punjab,30.3,76.60000000000001,30.3,76.60000000000001,2017-02-04 01:55:41.000
1,460704.0,4607.0,12.0,Patiala,Punjab,30.3,76.60000000000001,30.3,76.60000000000001,2017-03-15 06:39:00.000
1,460704.0,4607.0,12.0,Patiala,Punjab,30.3,76.60000000000001,30.3,76.60000000000001,2017-02-23 22:51:42.000
1,460704.0,4607.0,12.0,Patiala,Punjab,30.3,76.60000000000001,30.3,76.60000000000001,2016-12-30 22:15:00.000
1,460704.0,4607.0,12.0,Patiala,Punjab,30.3,76.60000000000001,30.3,76.60000000000001,2017-02-25 22:43:09.999
1,460704.0,4607.0,12.0,Patiala,Punjab,30.3,76.60000000000001,30.3,76.60000000000001,2017-02-18 01:33:32.000
1,460704.0,4607.0,12.0,Patiala,Punjab,30.3,76.60000000000001,30.3,76.60000000000001,2017-01-13 02:19:53.000
1,460704.0,4607.0,12.0,Patiala,Punjab,30.3,76.60000000000001,30.3,76.60000000000001,2017-03-22 06:14:29.000
1,460704.0,4607.0,12.0,Patiala,Punjab,30.3,76.60000000000001,30.3,76.60000000000001,2016-12-27 03:08:59.999
1,460704.0,4607.0,12.0,Patiala,Punjab,30.3,76.60000000000001,30.3,76.60000000000001,2017-03-09 05:14:36.000
1,460704.0,4607.0,12.0,Patiala,Punjab,30.3,76.60000000000001,30.3,76.60000000000001,2017-01-08 01:14:20.000
1,460704.0,4607.0,12.0,Patiala,Punjab,30.3,76.60000000000001,30.3,76.60000000000001,2017-02-23 22:52:38.000
1,460704.0,4607.0,12.0,Patiala,Punjab,30.3,76.60000000000001,30.3,76.60000000000001,2017-04-04 07:10:28.999
1,460704.0,4607.0,12.0,Patiala,Punjab,30.3,76.60000000000001,30.3,76.60000000000001,2017-03-20 06:40:05.999
1,460704.0,4607.0,12.0,Patiala,Punjab,30.3,76.60000000000001,30.3,76.60000000000001,2017-02-09 03:40:29.000
1,460704.0,4607.0,12.0,Patiala,Punjab,30.3,76.60000000000001,30.3,76.60000000000001,2017-01-29 01:30:01.999
1,460704.0,4607.0,12.0,Patiala,Punjab,30.3,76.60000000000001,30.3,76.60000000000001,2016-12-08 01:53:00.000
1,460704.0,4607.0,12.0,Patiala,Punjab,30.3,76.60000000000001,30.3,76.60000000000001,2016-12-22 02:21:00.000
1,460704.0,4607.0,12.0,Patiala,Punjab,30.3,76.60000000000001,30.3,76.60000000000001,2017-03-13 03:19:59.000
1,460704.0,4607.0,12.0,Patiala,Punjab,30.3,76.60000000000001,30.3,76.60000000000001,2017-02-11 02:52:50.000
1,460704.0,4607.0,12.0,Patiala,Punjab,30.3,76.60000000000001,30.3,76.60000000000001,2017-03-07 00:53:26.000
1,460707.0,4607.0,12.0,Patiala,Punjab,30.3,76.60000000000001,30.3,76.60000000000001,2017-03-28 07:16:07.999
1,460709.0,4607.0,12.0,Patiala,Punjab,30.3,76.60000000000001,30.3,76.60000000000001,2016-12-19 04:09:59.999
1,460709.0,4607.0,12.0,Patiala,Punjab,30.3,76.60000000000001,30.3,76.60000000000001,2016-12-24 22:34:00.000
1,460709.0,4607.0,12.0,Patiala,Punjab,30.3,76.60000000000001,30.3,76.60000000000001,2017-01-14 22:22:59.000
1,460709.0,4607.0,12.0,Patiala,Punjab,30.3,76.60000000000001,30.3,76.60000000000001,2017-01-14 22:21:41.000
1,460709.0,4607.0,12.0,Patiala,Punjab,30.3,76.60000000000001,30.3,76.60000000000001,2016-12-27 03:20:00.000
1,460709.0,4607.0,12.0,Patiala,Punjab,30.3,76.60000000000001,30.3,76.60000000000001,2017-01-09 22:21:21.000
1,460709.0,4607.0,12.0,Patiala,Punjab,30.3,76.60000000000001,,,2017-04-09 01:56:25.728
1,460709.0,4607.0,12.0,Patiala,Punjab,30.3,76.60000000000001,,,2017-04-09 01:56:25.728
1,460709.0,4607.0,12.0,Patiala,Punjab,30.3,76.60000000000001,30.3,76.60000000000001,2016-12-18 22:36:00.000
1,460709.0,4607.0,12.0,Patiala,Punjab,30.3,76.60000000000001,30.3,76.60000000000001,2017-04-09 01:05:30.000
1,460709.0,4607.0,12.0,Patiala,Punjab,30.3,76.60000000000001,30.3,76.60000000000001,2017-01-09 22:16:33.000
1,460709.0,4607.0,12.0,Patiala,Punjab,30.3,76.60000000000001,30.3,76.60000000000001,2017-04-09 01:08:19.999
1,460709.0,4607.0,12.0,Patiala,Punjab,30.3,76.60000000000001,30.3,76.60000000000001,2016-12-19 04:17:00.000
1,460713.0,4607.0,12.0,Patiala,Punjab,30.3,76.60000000000001,30.3,76.60000000000001,2017-01-15 23:05:39.999
1,460713.0,4607.0,12.0,Patiala,Punjab,30.3,76.60000000000001,,,2017-04-09 01:43:19.296
1,460713.0,4607.0,12.0,Patiala,Punjab,30.3,76.60000000000001,30.3,76.60000000000001,2017-02-04 23:13:13.999
1,460713.0,4607.0,12.0,Patiala,Punjab,30.3,76.60000000000001,30.3,76.60000000000001,2017-01-22 23:00:50.000
1,460713.0,4607.0,12.0,Patiala,Punjab,30.3,76.60000000000001,30.3,76.60000000000001,2017-01-20 01:56:59.000
1,460713.0,4607.0,12.0,Patiala,Punjab,30.3,76.60000000000001,30.3,76.60000000000001,2017-02-09 02:20:47.000
1,460713.0,4607.0,12.0,Patiala,Punjab,30.3,76.60000000000001,30.3,76.60000000000001,2017-02-21 00:50:01.000
1,460713.0,4607.0,12.0,Patiala,Punjab,30.3,76.60000000000001,30.3,76.60000000000001,2017-02-04 23:05:36.999
1,460713.0,4607.0,12.0,Patiala,Punjab,30.3,76.60000000000001,30.3,76.60000000000001,2017-01-09 22:36:38.000
1,460713.0,4607.0,12.0,Patiala,Punjab,30.3,76.60000000000001,30.3,76.60000000000001,2017-01-18 00:22:49.000
1,460713.0,4607.0,12.0,Patiala,Punjab,30.3,76.60000000000001,30.3,76.60000000000001,2017-03-13 02:46:10.000
1,460713.0,4607.0,12.0,Patiala,Punjab,30.3,76.60000000000001,30.3,76.60000000000001,2017-02-21 00:51:06.000
1,460713.0,4607.0,12.0,Patiala,Punjab,30.3,76.60000000000001,30.3,76.60000000000001,2017-01-11 23:16:42.000
1,460713.0,4607.0,12.0,Patiala,Punjab,30.3,76.60000000000001,30.3,76.60000000000001,2017-02-25 00:07:16.000
1,460713.0,4607.0,12.0,Patiala,Punjab,30.3,76.60000000000001,30.3,76.60000000000001,2017-02-12 02:13:46.000
1,460713.0,4607.0,12.0,Patiala,Punjab,30.3,76.60000000000001,30.3,76.60000000000001,2017-03-09 23:11:20.000
1,460713.0,4607.0,12.0,Patiala,Punjab,30.3,76.60000000000001,30.3,76.60000000000001,2017-03-09 02:17:21.999
1,460713.0,4607.0,12.0,Patiala,Punjab,30.3,76.60000000000001,,,2017-04-09 01:43:19.296
1,460713.0,4607.0,12.0,Patiala,Punjab,30.3,76.60000000000001,30.3,76.60000000000001,2017-01-15 23:02:51.000
1,460713.0,4607.0,12.0,Patiala,Punjab,30.3,76.60000000000001,30.3,76.60000000000001,2017-02-01 22:43:22.000
1,460713.0,4607.0,12.0,Patiala,Punjab,30.3,76.60000000000001,30.3,76.60000000000001,2017-02-14 23:42:40.999
1,460713.0,4607.0,12.0,Patiala,Punjab,30.3,76.60000000000001,30.3,76.60000000000001,2017-01-22 23:01:48.000
1,460713.0,4607.0,12.0,Patiala,Punjab,30.3,76.60000000000001,30.3,76.60000000000001,2017-02-18 00:16:25.999
1,460713.0,4607.0,12.0,Patiala,Punjab,30.3,76.60000000000001,30.3,76.60000000000001,2017-03-05 23:55:56.000
1,460713.0,4607.0,12.0,Patiala,Punjab,30.3,76.60000000000001,30.3,76.60000000000001,2017-02-13 22:50:45.000
1,460713.0,4607.0,12.0,Patiala,Punjab,30.3,76.60000000000001,30.3,76.60000000000001,2017-02-13 22:51:40.999
1,460713.0,4607.0,12.0,Patiala,Punjab,30.3,76.60000000000001,30.3,76.60000000000001,2017-01-09 22:39:01.000
1,460713.0,4607.0,12.0,Patiala,Punjab,30.3,76.60000000000001,30.3,76.60000000000001,2017-01-30 01:57:10.000
1,460713.0,4607.0,12.0,Patiala,Punjab,30.3,76.60000000000001,30.3,76.60000000000001,2017-02-04 23:04:56.000
1,460713.0,4607.0,12.0,Patiala,Punjab,30.3,76.60000000000001,30.3,76.60000000000001,2017-02-06 01:59:44.000
1,460713.0,4607.0,12.0,Patiala,Punjab,30.3,76.60000000000001,30.3,76.60000000000001,2017-02-27 23:53:30.000
1,460714.0,4607.0,12.0,Patiala,Punjab,30.3,76.60000000000001,,,2017-04-09 02:13:54.304
1,460714.0,4607.0,12.0,Patiala,Punjab,30.3,76.60000000000001,30.3,76.60000000000001,2016-11-22 02:19:59.999
1,460714.0,4607.0,12.0,Patiala,Punjab,30.3,76.60000000000001,30.3,76.60000000000001,2016-12-02 02:23:59.999
1,460714.0,4607.0,12.0,Patiala,Punjab,30.3,76.60000000000001,30.3,76.60000000000001,2017-04-09 01:11:16.000
1,460714.0,4607.0,12.0,Patiala,Punjab,30.3,76.60000000000001,30.3,76.60000000000001,2017-01-07 00:30:21.999
1,460714.0,4607.0,12.0,Patiala,Punjab,30.3,76.60000000000001,30.3,76.60000000000001,2017-02-17 00:53:34.999
1,460714.0,4607.0,12.0,Patiala,Punjab,30.3,76.60000000000001,30.3,76.60000000000001,2016-12-23 01:12:00.000
1,460714.0,4607.0,12.0,Patiala,Punjab,30.3,76.60000000000001,30.3,76.60000000000001,2017-01-25 01:15:32.000
1,460714.0,4607.0,12.0,Patiala,Punjab,30.3,76.60000000000001,30.3,76.60000000000001,2017-02-04 22:58:15.999
1,460714.0,4607.0,12.0,Patiala,Punjab,30.3,76.60000000000001,30.3,76.60000000000001,2016-12-13 01:18:59.999
1,460714.0,4607.0,12.0,Patiala,Punjab,30.3,76.60000000000001,30.3,76.60000000000001,2017-02-06 22:54:59.999
1,460714.0,4607.0,12.0,Patiala,Punjab,30.3,76.60000000000001,30.3,76.60000000000001,2017-01-17 23:57:16.000
1,460714.0,4607.0,12.0,Patiala,Punjab,30.3,76.60000000000001,30.3,76.60000000000001,2016-12-16 01:50:59.999
1,460714.0,4607.0,12.0,Patiala,Punjab,30.3,76.60000000000001,30.3,76.60000000000001,2017-02-27 23:13:24.000
1,460714.0,4607.0,12.0,Patiala,Punjab,30.3,76.60000000000001,,,2017-04-09 02:13:54.304
1,460714.0,4607.0,12.0,Patiala,Punjab,30.3,76.60000000000001,30.3,76.60000000000001,2016-12-05 23:16:59.999
1,460714.0,4607.0,12.0,Patiala,Punjab,30.3,76.60000000000001,30.3,76.60000000000001,2017-02-20 02:23:34.999
1,460714.0,4607.0,12.0,Patiala,Punjab,30.3,76.60000000000001,30.3,76.60000000000001,2016-12-15 00:17:00.000
1,460714.0,4607.0,12.0,Patiala,Punjab,30.3,76.60000000000001,30.3,76.60000000000001,2017-03-25 00:30:04.000
1,460714.0,4607.0,12.0,Patiala,Punjab,30.3,76.60000000000001,30.3,76.60000000000001,2016-11-16 01:11:00.000
1,460714.0,4607.0,12.0,Patiala,Punjab,30.3,76.60000000000001,30.3,76.60000000000001,2017-04-09 01:14:28.000
1,460714.0,4607.0,12.0,Patiala,Punjab,30.3,76.60000000000001,30.3,76.60000000000001,2017-02-11 02:26:13.000
1,460714.0,4607.0,12.0,Patiala,Punjab,30.3,76.60000000000001,30.3,76.60000000000001,2016-12-20 00:59:59.999
1,460714.0,4607.0,12.0,Patiala,Punjab,30.3,76.60000000000001,30.3,76.60000000000001,2017-01-21 02:05:06.000
1,460717.0,4607.0,12.0,Patiala,Punjab,30.3,76.60000000000001,30.3,76.60000000000001,2017-03-29 01:42:11.000
1,460717.0,4607.0,12.0,Patiala,Punjab,30.3,76.60000000000001,30.3,76.60000000000001,2017-03-16 03:28:55.000
1,460717.0,4607.0,12.0,Patiala,Punjab,30.3,76.60000000000001,30.3,76.60000000000001,2017-04-07 00:45:24.000
1,460717.0,4607.0,12.0,Patiala,Punjab,30.3,76.60000000000001,30.3,76.60000000000001,2017-03-18 00:51:00.000
1,460717.0,4607.0,12.0,Patiala,Punjab,30.3,76.60000000000001,,,2017-04-09 01:30:12.864
1,460717.0,4607.0,12.0,Patiala,Punjab,30.3,76.60000000000001,30.3,76.60000000000001,2017-04-09 00:20:54.000
1,460717.0,4607.0,12.0,Patiala,Punjab,30.3,76.60000000000001,30.3,76.60000000000001,2017-03-20 02:44:57.000
1,460717.0,4607.0,12.0,Patiala,Punjab,30.3,76.60000000000001,30.3,76.60000000000001,2017-02-20 22:58:22.000
1,460717.0,4607.0,12.0,Patiala,Punjab,30.3,76.60000000000001,,,2017-04-09 01:30:12.864
1,460717.0,4607.0,12.0,Patiala,Punjab,30.3,76.60000000000001,30.3,76.60000000000001,2017-03-25 02:41:48.000
1,460717.0,4607.0,12.0,Patiala,Punjab,30.3,76.60000000000001,30.3,76.60000000000001,2017-02-18 22:41:45.999
1,460717.0,4607.0,12.0,Patiala,Punjab,30.3,76.60000000000001,30.3,76.60000000000001,2017-03-18 00:51:47.000
1,460717.0,4607.0,12.0,Patiala,Punjab,30.3,76.60000000000001,30.3,76.60000000000001,2017-04-09 00:15:20.000
1,460717.0,4607.0,12.0,Patiala,Punjab,30.3,76.60000000000001,30.3,76.60000000000001,2017-02-24 23:29:00.999
1,460717.0,4607.0,12.0,Patiala,Punjab,30.3,76.60000000000001,30.3,76.60000000000001,2017-03-13 02:58:56.999
1,460717.0,4607.0,12.0,Patiala,Punjab,30.3,76.60000000000001,30.3,76.60000000000001,2017-02-28 02:01:31.000
1,460719.0,4607.0,12.0,Patiala,Punjab,30.3,76.60000000000001,30.900000000000002,75.8,2016-11-05 01:31:59.999
2,460719.0,4607.0,12.0,Patiala,Punjab,30.3,76.60000000000001,30.3,76.60000000000001,2016-11-16 02:22:00.000
1,460725.0,4607.0,12.0,Patiala,Punjab,30.3,76.60000000000001,30.3,76.60000000000001,2017-04-08 01:35:01.000
1,460725.0,4607.0,12.0,Patiala,Punjab,30.3,76.60000000000001,,,2017-04-09 01:58:36.800
1,460725.0,4607.0,12.0,Patiala,Punjab,30.3,76.60000000000001,30.3,76.60000000000001,2017-02-08 03:52:56.000
1,460725.0,4607.0,12.0,Patiala,Punjab,30.3,76.60000000000001,30.3,76.60000000000001,2016-12-24 01:34:00.000
1,460725.0,4607.0,12.0,Patiala,Punjab,30.3,76.60000000000001,30.3,76.60000000000001,2017-01-10 00:07:08.999
1,460725.0,4607.0,12.0,Patiala,Punjab,30.3,76.60000000000001,30.3,76.60000000000001,2016-12-31 23:16:13.999
1,460725.0,4607.0,12.0,Patiala,Punjab,30.3,76.60000000000001,30.3,76.60000000000001,2016-12-30 00:06:00.000
1,460725.0,4607.0,12.0,Patiala,Punjab,30.3,76.60000000000001,30.3,76.60000000000001,2016-12-16 23:35:00.000
1,460725.0,4607.0,12.0,Patiala,Punjab,30.3,76.60000000000001,30.3,76.60000000000001,2016-12-21 23:39:00.000
1,460725.0,4607.0,12.0,Patiala,Punjab,30.3,76.60000000000001,30.3,76.60000000000001,2017-01-15 00:28:20.999
1,460725.0,4607.0,12.0,Patiala,Punjab,30.3,76.60000000000001,30.3,76.60000000000001,2017-02-23 04:07:44.000
1,460725.0,4607.0,12.0,Patiala,Punjab,30.3,76.60000000000001,30.3,76.60000000000001,2017-02-08 03:51:44.000
1,460725.0,4607.0,12.0,Patiala,Punjab,30.3,76.60000000000001,30.3,76.60000000000001,2017-02-23 22:26:07.000
1,460725.0,4607.0,12.0,Patiala,Punjab,30.3,76.60000000000001,30.3,76.60000000000001,2017-02-12 22:42:42.000
1,460725.0,4607.0,12.0,Patiala,Punjab,30.3,76.60000000000001,30.3,76.60000000000001,2016-12-14 00:06:00.000
1,460725.0,4607.0,12.0,Patiala,Punjab,30.3,76.60000000000001,30.3,76.60000000000001,2017-01-23 03:18:06.000
1,460725.0,4607.0,12.0,Patiala,Punjab,30.3,76.60000000000001,,,2017-04-09 01:58:36.800
1,460725.0,4607.0,12.0,Patiala,Punjab,30.3,76.60000000000001,30.3,76.60000000000001,2017-03-29 23:54:22.999
1,460725.0,4607.0,12.0,Patiala,Punjab,30.3,76.60000000000001,30.3,76.60000000000001,2017-03-29 23:55:02.000
1,460725.0,4607.0,12.0,Patiala,Punjab,30.3,76.60000000000001,,,2017-04-09 01:58:36.800
1,460725.0,4607.0,12.0,Patiala,Punjab,30.3,76.60000000000001,,,2017-04-09 01:58:36.800
1,460731.0,4607.0,12.0,Patiala,Punjab,30.3,76.60000000000001,30.3,76.60000000000001,2016-09-30 03:03:00.000
1,460731.0,4607.0,12.0,Patiala,Punjab,30.3,76.60000000000001,30.3,76.60000000000001,2016-12-17 00:56:59.999
1,460731.0,4607.0,12.0,Patiala,Punjab,30.3,76.60000000000001,30.3,76.60000000000001,2017-03-18 00:25:26.000
1,460731.0,4607.0,12.0,Patiala,Punjab,30.3,76.60000000000001,30.3,76.60000000000001,2017-01-09 23:18:16.000
1,460731.0,4607.0,12.0,Patiala,Punjab,30.3,76.60000000000001,30.3,76.60000000000001,2016-12-27 18:23:00.000
1,460731.0,4607.0,12.0,Patiala,Punjab,30.3,76.60000000000001,30.3,76.60000000000001,2017-03-06 00:23:29.000
1,460731.0,4607.0,12.0,Patiala,Punjab,30.3,76.60000000000001,30.3,76.60000000000001,2016-11-12 02:34:00.000
1,460731.0,4607.0,12.0,Patiala,Punjab,30.3,76.60000000000001,30.3,76.60000000000001,2016-12-23 23:39:59.999
1,460731.0,4607.0,12.0,Patiala,Punjab,30.3,76.60000000000001,30.3,76.60000000000001,2017-01-01 22:59:38.000
1,460731.0,4607.0,12.0,Patiala,Punjab,30.3,76.60000000000001,30.3,76.60000000000001,2017-01-24 22:35:50.000
1,460731.0,4607.0,12.0,Patiala,Punjab,30.3,76.60000000000001,30.3,76.60000000000001,2017-01-01 00:40:16.000
1,460731.0,4607.0,12.0,Patiala,Punjab,30.3,76.60000000000001,30.3,76.60000000000001,2017-01-15 12:30:03.000
1,460731.0,4607.0,12.0,Patiala,Punjab,30.3,76.60000000000001,30.3,76.60000000000001,2016-11-16 02:28:00.000
1,460731.0,4607.0,12.0,Patiala,Punjab,30.3,76.60000000000001,30.3,76.60000000000001,2017-01-06 01:25:29.999
1,460731.0,4607.0,12.0,Patiala,Punjab,30.3,76.60000000000001,,,2017-04-09 01:21:28.576
1,460731.0,4607.0,12.0,Patiala,Punjab,30.3,76.60000000000001,30.3,76.60000000000001,2017-01-19 20:55:04.000
1,460731.0,4607.0,12.0,Patiala,Punjab,30.3,76.60000000000001,30.3,76.60000000000001,2016-12-26 00:51:00.000
1,460731.0,4607.0,12.0,Patiala,Punjab,30.3,76.60000000000001,30.3,76.60000000000001,2017-02-15 00:15:14.000
1,460731.0,4607.0,12.0,Patiala,Punjab,30.3,76.60000000000001,30.3,76.60000000000001,2017-02-15 00:16:00.000
1,460731.0,4607.0,12.0,Patiala,Punjab,30.3,76.60000000000001,30.3,76.60000000000001,2017-01-21 00:13:11.999
1,460731.0,4607.0,12.0,Patiala,Punjab,30.3,76.60000000000001,30.3,76.60000000000001,2017-01-18 00:38:20.999
1,460731.0,4607.0,12.0,Patiala,Punjab,30.3,76.60000000000001,30.3,76.60000000000001,2017-01-08 23:44:21.000
1,460731.0,4607.0,12.0,Patiala,Punjab,30.3,76.60000000000001,30.3,76.60000000000001,2017-03-20 02:23:34.000
1,460731.0,4607.0,12.0,Patiala,Punjab,30.3,76.60000000000001,30.3,76.60000000000001,2017-03-10 00:02:20.000
1,460731.0,4607.0,12.0,Patiala,Punjab,30.3,76.60000000000001,30.3,76.60000000000001,2016-12-20 23:41:00.000
1,460731.0,4607.0,12.0,Patiala,Punjab,30.3,76.60000000000001,30.3,76.60000000000001,2017-02-11 02:11:03.000
1,460731.0,4607.0,12.0,Patiala,Punjab,30.3,76.60000000000001,30.3,76.60000000000001,2016-11-18 00:22:00.000
1,460731.0,4607.0,12.0,Patiala,Punjab,30.3,76.60000000000001,30.3,76.60000000000001,2017-02-21 02:07:24.999
1,460731.0,4607.0,12.0,Patiala,Punjab,30.3,76.60000000000001,30.3,76.60000000000001,2016-11-14 02:19:00.000
1,460731.0,4607.0,12.0,Patiala,Punjab,30.3,76.60000000000001,,,2017-04-09 01:21:28.576
1,460731.0,4607.0,12.0,Patiala,Punjab,30.3,76.60000000000001,30.3,76.60000000000001,2017-03-16 01:15:05.999
1,460731.0,4607.0,12.0,Patiala,Punjab,30.3,76.60000000000001,30.3,76.60000000000001,2017-04-06 23:14:02.000
1,460731.0,4607.0,12.0,Patiala,Punjab,30.3,76.60000000000001,30.3,76.60000000000001,2017-02-13 01:09:37.999
1,460731.0,4607.0,12.0,Patiala,Punjab,30.3,76.60000000000001,30.3,76.60000000000001,2017-04-05 00:14:59.000
1,460731.0,4607.0,12.0,Patiala,Punjab,30.3,76.60000000000001,30.3,76.60000000000001,2017-03-14 00:31:18.999
1,460731.0,4607.0,12.0,Patiala,Punjab,30.3,76.60000000000001,30.3,76.60000000000001,2017-01-04 02:23:08.000
1,460731.0,4607.0,12.0,Patiala,Punjab,30.3,76.60000000000001,30.3,76.60000000000001,2017-04-09 00:16:12.000
1,460731.0,4607.0,12.0,Patiala,Punjab,30.3,76.60000000000001,30.3,76.60000000000001,2017-03-03 23:40:49.000
1,460731.0,4607.0,12.0,Patiala,Punjab,30.3,76.60000000000001,30.3,76.60000000000001,2016-12-29 23:37:00.000
1,460731.0,4607.0,12.0,Patiala,Punjab,30.3,76.60000000000001,30.3,76.60000000000001,2017-03-20 23:54:18.000
1,460731.0,4607.0,12.0,Patiala,Punjab,30.3,76.60000000000001,30.3,76.60000000000001,2017-04-09 00:19:24.000
1,460731.0,4607.0,12.0,Patiala,Punjab,30.3,76.60000000000001,30.3,76.60000000000001,2017-02-05 00:45:57.999
1,460731.0,4607.0,12.0,Patiala,Punjab,30.3,76.60000000000001,30.3,76.60000000000001,2017-01-18 00:39:08.000
1,460731.0,4607.0,12.0,Patiala,Punjab,30.3,76.60000000000001,30.3,76.60000000000001,2017-01-26 23:14:29.000
1,460731.0,4607.0,12.0,Patiala,Punjab,30.3,76.60000000000001,30.3,76.60000000000001,2017-02-17 23:33:02.999
1,460731.0,4607.0,12.0,Patiala,Punjab,30.3,76.60000000000001,30.3,76.60000000000001,2017-01-23 00:43:35.999
1,460731.0,4607.0,12.0,Patiala,Punjab,30.3,76.60000000000001,30.3,76.60000000000001,2017-02-02 22:25:24.999
1,460731.0,4607.0,12.0,Patiala,Punjab,30.3,76.60000000000001,30.3,76.60000000000001,2017-03-26 23:57:40.000
1,460731.0,4607.0,12.0,Patiala,Punjab,30.3,76.60000000000001,30.3,76.60000000000001,2017-01-21 00:16:00.000
1,460731.0,4607.0,12.0,Patiala,Punjab,30.3,76.60000000000001,30.3,76.60000000000001,2016-11-12 02:29:59.999
1,460731.0,4607.0,12.0,Patiala,Punjab,30.3,76.60000000000001,30.3,76.60000000000001,2016-11-29 22:34:59.999
1,460734.0,4607.0,12.0,Patiala,Punjab,30.3,76.60000000000001,30.3,76.60000000000001,2017-02-11 22:38:02.000
1,460734.0,4607.0,12.0,Patiala,Punjab,30.3,76.60000000000001,30.3,76.60000000000001,2017-01-29 02:05:39.999
1,460734.0,4607.0,12.0,Patiala,Punjab,30.3,76.60000000000001,30.3,76.60000000000001,2016-12-10 01:56:00.000
1,460734.0,4607.0,12.0,Patiala,Punjab,30.3,76.60000000000001,30.3,76.60000000000001,2017-02-16 01:45:57.000
1,460734.0,4607.0,12.0,Patiala,Punjab,30.3,76.60000000000001,30.3,76.60000000000001,2017-03-01 22:42:45.000
1,460734.0,4607.0,12.0,Patiala,Punjab,30.3,76.60000000000001,30.3,76.60000000000001,2016-11-22 00:29:00.000
1,460734.0,4607.0,12.0,Patiala,Punjab,30.3,76.60000000000001,30.3,76.60000000000001,2016-12-25 23:32:59.999
1,460734.0,4607.0,12.0,Patiala,Punjab,30.3,76.60000000000001,30.3,76.60000000000001,2017-04-09 00:48:57.999
1,460734.0,4607.0,12.0,Patiala,Punjab,30.3,76.60000000000001,30.3,76.60000000000001,2016-12-16 02:23:59.999
1,460734.0,4607.0,12.0,Patiala,Punjab,30.3,76.60000000000001,30.3,76.60000000000001,2017-02-05 02:30:37.999
1,460734.0,4607.0,12.0,Patiala,Punjab,30.3,76.60000000000001,30.3,76.60000000000001,2017-03-06 00:39:27.999
1,460734.0,4607.0,12.0,Patiala,Punjab,30.3,76.60000000000001,,,2017-04-09 01:54:14.656
1,460734.0,4607.0,12.0,Patiala,Punjab,30.3,76.60000000000001,30.3,76.60000000000001,2017-03-19 03:07:38.000
1,460734.0,4607.0,12.0,Patiala,Punjab,30.3,76.60000000000001,30.3,76.60000000000001,2017-01-26 23:32:02.000
1,460734.0,4607.0,12.0,Patiala,Punjab,30.3,76.60000000000001,30.3,76.60000000000001,2017-01-07 22:34:22.999
1,460734.0,4607.0,12.0,Patiala,Punjab,30.3,76.60000000000001,30.3,76.60000000000001,2017-01-23 01:03:10.999
1,460734.0,4607.0,12.0,Patiala,Punjab,30.3,76.60000000000001,30.3,76.60000000000001,2016-12-28 00:46:59.999
1,460734.0,4607.0,12.0,Patiala,Punjab,30.3,76.60000000000001,30.3,76.60000000000001,2017-01-08 23:53:58.000
1,460734.0,4607.0,12.0,Patiala,Punjab,30.3,76.60000000000001,30.3,76.60000000000001,2017-02-06 23:45:34.000
1,460734.0,4607.0,12.0,Patiala,Punjab,30.3,76.60000000000001,30.3,76.60000000000001,2017-01-12 23:21:28.999
1,460734.0,4607.0,12.0,Patiala,Punjab,30.3,76.60000000000001,30.3,76.60000000000001,2016-11-16 01:21:59.999
1,460734.0,4607.0,12.0,Patiala,Punjab,30.3,76.60000000000001,30.3,76.60000000000001,2017-02-09 22:35:15.000
1,460734.0,4607.0,12.0,Patiala,Punjab,30.3,76.60000000000001,30.3,76.60000000000001,2016-12-21 00:00:00.000
1,460734.0,4607.0,12.0,Patiala,Punjab,30.3,76.60000000000001,30.3,76.60000000000001,2016-11-14 02:05:00.000
1,460734.0,4607.0,12.0,Patiala,Punjab,30.3,76.60000000000001,30.3,76.60000000000001,2017-03-20 23:22:43.000
1,460734.0,4607.0,12.0,Patiala,Punjab,30.3,76.60000000000001,30.3,76.60000000000001,2016-11-18 00:03:00.000
1,460734.0,4607.0,12.0,Patiala,Punjab,30.3,76.60000000000001,30.3,76.60000000000001,2016-12-05 23:45:00.000
1,460734.0,4607.0,12.0,Patiala,Punjab,30.3,76.60000000000001,30.3,76.60000000000001,2017-01-06 00:58:09.999
1,460734.0,4607.0,12.0,Patiala,Punjab,30.3,76.60000000000001,30.3,76.60000000000001,2017-04-09 00:54:20.999
1,460734.0,4607.0,12.0,Patiala,Punjab,30.3,76.60000000000001,30.3,76.60000000000001,2017-03-13 02:11:34.999
1,460734.0,4607.0,12.0,Patiala,Punjab,30.3,76.60000000000001,30.3,76.60000000000001,2016-11-12 00:49:59.999
1,460734.0,4607.0,12.0,Patiala,Punjab,30.3,76.60000000000001,30.3,76.60000000000001,2016-12-03 00:55:00.000
1,460734.0,4607.0,12.0,Patiala,Punjab,30.3,76.60000000000001,30.3,76.60000000000001,2016-12-13 23:19:59.999
1,460734.0,4607.0,12.0,Patiala,Punjab,30.3,76.60000000000001,30.3,76.60000000000001,2017-04-06 23:38:49.000
1,460734.0,4607.0,12.0,Patiala,Punjab,30.3,76.60000000000001,30.3,76.60000000000001,2017-03-16 02:36:05.000
1,460734.0,4607.0,12.0,Patiala,Punjab,30.3,76.60000000000001,30.3,76.60000000000001,2017-01-18 00:17:45.000
1,460734.0,4607.0,12.0,Patiala,Punjab,30.3,76.60000000000001,30.3,76.60000000000001,2017-02-21 01:00:55.000
1,460734.0,4607.0,12.0,Patiala,Punjab,30.3,76.60000000000001,30.3,76.60000000000001,2016-12-31 00:50:04.000
1,460734.0,4607.0,12.0,Patiala,Punjab,30.3,76.60000000000001,30.3,76.60000000000001,2016-11-28 02:16:59.999
1,460734.0,4607.0,12.0,Patiala,Punjab,30.3,76.60000000000001,30.3,76.60000000000001,2017-03-24 00:26:35.000
1,460734.0,4607.0,12.0,Patiala,Punjab,30.3,76.60000000000001,30.3,76.60000000000001,2016-11-12 00:46:00.000
1,460734.0,4607.0,12.0,Patiala,Punjab,30.3,76.60000000000001,,,2017-04-09 01:54:14.656
1,460737.0,4607.0,12.0,Patiala,Punjab,30.3,76.60000000000001,30.3,76.60000000000001,2017-01-23 01:34:27.000
1,460737.0,4607.0,12.0,Patiala,Punjab,30.3,76.60000000000001,30.3,76.60000000000001,2017-03-29 01:25:37.000
1,460737.0,4607.0,12.0,Patiala,Punjab,30.3,76.60000000000001,30.3,76.60000000000001,2017-04-09 00:34:15.999
1,460737.0,4607.0,12.0,Patiala,Punjab,30.3,76.60000000000001,30.3,76.60000000000001,2017-02-05 02:20:12.000
1,460737.0,4607.0,12.0,Patiala,Punjab,30.3,76.60000000000001,30.3,76.60000000000001,2017-02-01 23:57:28.000
1,460737.0,4607.0,12.0,Patiala,Punjab,30.3,76.60000000000001,30.3,76.60000000000001,2017-01-23 01:35:34.000
1,460737.0,4607.0,12.0,Patiala,Punjab,30.3,76.60000000000001,,,2017-04-09 01:36:46.080
1,460737.0,4607.0,12.0,Patiala,Punjab,30.3,76.60000000000001,30.3,76.60000000000001,2017-02-05 02:22:34.000
1,460737.0,4607.0,12.0,Patiala,Punjab,30.3,76.60000000000001,30.3,76.60000000000001,2017-03-05 23:38:49.000
1,460737.0,4607.0,12.0,Patiala,Punjab,30.3,76.60000000000001,30.3,76.60000000000001,2017-02-21 01:46:39.000
1,460737.0,4607.0,12.0,Patiala,Punjab,30.3,76.60000000000001,30.3,76.60000000000001,2017-02-09 02:33:13.000
1,460737.0,4607.0,12.0,Patiala,Punjab,30.3,76.60000000000001,30.3,76.60000000000001,2017-02-24 00:27:32.999
1,460737.0,4607.0,12.0,Patiala,Punjab,30.3,76.60000000000001,30.3,76.60000000000001,2017-01-18 01:03:49.000
1,460737.0,4607.0,12.0,Patiala,Punjab,30.3,76.60000000000001,30.3,76.60000000000001,2017-02-09 02:34:52.000
1,460737.0,4607.0,12.0,Patiala,Punjab,30.3,76.60000000000001,30.3,76.60000000000001,2017-02-28 00:18:15.000
1,460737.0,4607.0,12.0,Patiala,Punjab,30.3,76.60000000000001,30.3,76.60000000000001,2017-03-24 02:45:56.000
1,460737.0,4607.0,12.0,Patiala,Punjab,30.3,76.60000000000001,30.3,76.60000000000001,2017-01-18 01:05:26.000
1,460737.0,4607.0,12.0,Patiala,Punjab,30.3,76.60000000000001,30.3,76.60000000000001,2017-02-18 01:24:24.000
1,460737.0,4607.0,12.0,Patiala,Punjab,30.3,76.60000000000001,30.3,76.60000000000001,2017-01-31 00:25:20.999
1,460737.0,4607.0,12.0,Patiala,Punjab,30.3,76.60000000000001,30.3,76.60000000000001,2017-01-21 02:05:52.000
1,460737.0,4607.0,12.0,Patiala,Punjab,30.3,76.60000000000001,30.3,76.60000000000001,2017-02-01 23:58:40.999
1,460737.0,4607.0,12.0,Patiala,Punjab,30.3,76.60000000000001,30.3,76.60000000000001,2017-02-01 23:59:50.000
1,460737.0,4607.0,12.0,Patiala,Punjab,30.3,76.60000000000001,30.3,76.60000000000001,2017-01-31 00:26:52.999
1,460737.0,4607.0,12.0,Patiala,Punjab,30.3,76.60000000000001,30.3,76.60000000000001,2017-02-26 00:58:17.000
1,460737.0,4607.0,12.0,Patiala,Punjab,30.3,76.60000000000001,30.3,76.60000000000001,2017-04-09 00:30:59.000
1,460737.0,4607.0,12.0,Patiala,Punjab,30.3,76.60000000000001,30.3,76.60000000000001,2017-03-05 23:38:22.000
1,460737.0,4607.0,12.0,Patiala,Punjab,30.3,76.60000000000001,30.3,76.60000000000001,2017-02-15 02:39:07.000
1,460737.0,4607.0,12.0,Patiala,Punjab,30.3,76.60000000000001,30.3,76.60000000000001,2017-02-09 02:31:25.999
1,460737.0,4607.0,12.0,Patiala,Punjab,30.3,76.60000000000001,30.3,76.60000000000001,2017-02-28 00:19:35.000
1,460737.0,4607.0,12.0,Patiala,Punjab,30.3,76.60000000000001,30.3,76.60000000000001,2017-02-18 01:23:38.000
1,460737.0,4607.0,12.0,Patiala,Punjab,30.3,76.60000000000001,30.3,76.60000000000001,2017-03-05 23:37:54.000
1,460737.0,4607.0,12.0,Patiala,Punjab,30.3,76.60000000000001,,,2017-04-09 01:36:46.080
1,460737.0,4607.0,12.0,Patiala,Punjab,30.3,76.60000000000001,30.3,76.60000000000001,2017-02-11 01:07:23.000
1,460737.0,4607.0,12.0,Patiala,Punjab,30.3,76.60000000000001,30.3,76.60000000000001,2017-02-21 01:47:24.999
1,460737.0,4607.0,12.0,Patiala,Punjab,30.3,76.60000000000001,30.3,76.60000000000001,2017-02-24 00:28:28.000
1,460737.0,4607.0,12.0,Patiala,Punjab,30.3,76.60000000000001,30.3,76.60000000000001,2017-02-07 02:25:52.000
1,460737.0,4607.0,12.0,Patiala,Punjab,30.3,76.60000000000001,30.3,76.60000000000001,2017-03-09 01:54:48.999
1,460737.0,4607.0,12.0,Patiala,Punjab,30.3,76.60000000000001,30.3,76.60000000000001,2017-02-05 02:21:25.999
1,463102.0,4631.0,30.0,Patiala,Punjab,30.1,76.3,30.1,76.2,2017-02-11 23:16:48.000
1,463102.0,4631.0,30.0,Patiala,Punjab,30.1,76.3,30.1,76.2,2017-02-04 23:41:22.000
1,463102.0,4631.0,30.0,Patiala,Punjab,30.1,76.3,30.1,76.2,2017-02-10 23:05:01.999
1,463102.0,4631.0,30.0,Patiala,Punjab,30.1,76.3,,,2017-04-09 08:47:07.264
1,463102.0,4631.0,30.0,Patiala,Punjab,30.1,76.3,30.1,76.2,2016-12-18 00:10:00.000
1,463102.0,4631.0,30.0,Patiala,Punjab,30.1,76.3,30.1,76.2,2016-12-29 23:18:00.000
1,463102.0,4631.0,30.0,Patiala,Punjab,30.1,76.3,30.1,76.2,2017-02-08 23:57:21.000
1,463102.0,4631.0,30.0,Patiala,Punjab,30.1,76.3,30.1,76.2,2017-02-15 22:15:50.000
1,463102.0,4631.0,30.0,Patiala,Punjab,30.1,76.3,30.1,76.3,2017-02-18 23:35:27.999
1,463102.0,4631.0,30.0,Patiala,Punjab,30.1,76.3,30.1,76.2,2017-02-19 23:52:59.000
1,463102.0,4631.0,30.0,Patiala,Punjab,30.1,76.3,30.1,76.2,2017-02-07 05:31:04.000
1,463102.0,4631.0,30.0,Patiala,Punjab,30.1,76.3,30.1,76.2,2016-12-31 23:14:17.000
1,463102.0,4631.0,30.0,Patiala,Punjab,30.1,76.3,30.1,76.2,2017-02-12 23:42:24.000
1,463102.0,4631.0,30.0,Patiala,Punjab,30.1,76.3,30.1,76.2,2017-03-02 23:11:39.000
1,463102.0,4631.0,30.0,Patiala,Punjab,30.1,76.3,30.1,76.2,2017-02-16 23:14:58.000
1,463102.0,4631.0,30.0,Patiala,Punjab,30.1,76.3,,,2017-04-09 08:47:07.264
1,463102.0,4631.0,30.0,Patiala,Punjab,30.1,76.3,30.1,76.2,2017-03-04 22:53:30.999
1,463102.0,4631.0,30.0,Patiala,Punjab,30.1,76.3,30.1,76.2,2017-04-05 21:43:08.000
1,463102.0,4631.0,30.0,Patiala,Punjab,30.1,76.3,30.1,76.2,2017-02-21 23:04:55.000
1,463102.0,4631.0,30.0,Patiala,Punjab,30.1,76.3,30.1,76.2,2017-02-14 23:35:38.000
1,463102.0,4631.0,30.0,Patiala,Punjab,30.1,76.3,,,2017-04-09 08:47:07.264
1,463102.0,4631.0,30.0,Patiala,Punjab,30.1,76.3,30.1,76.2,2017-02-10 03:57:37.000
1,463102.0,4631.0,30.0,Patiala,Punjab,30.1,76.3,30.1,76.2,2017-02-14 23:36:23.000
1,463102.0,4631.0,30.0,Patiala,Punjab,30.1,76.3,30.1,76.2,2016-12-29 23:21:00.000
1,463102.0,4631.0,30.0,Patiala,Punjab,30.1,76.3,30.1,76.2,2016-12-19 00:22:00.000
1,463102.0,4631.0,30.0,Patiala,Punjab,30.1,76.3,30.1,76.2,2017-01-20 04:18:53.000
1,463102.0,4631.0,30.0,Patiala,Punjab,30.1,76.3,30.1,76.2,2017-02-24 23:32:31.000
1,463102.0,4631.0,30.0,Patiala,Punjab,30.1,76.3,,,2017-04-09 08:47:07.264
1,463106.0,4631.0,30.0,Patiala,Punjab,30.1,76.3,30.1,76.2,2017-04-10 05:57:13.000
1,463106.0,4631.0,30.0,Patiala,Punjab,30.1,76.3,30.1,76.2,2017-03-06 23:32:03.999
1,463106.0,4631.0,30.0,Patiala,Punjab,30.1,76.3,30.1,76.2,2017-03-24 00:12:31.000
1,463106.0,4631.0,30.0,Patiala,Punjab,30.1,76.3,30.1,76.2,2017-01-02 22:48:36.000
1,463106.0,4631.0,30.0,Patiala,Punjab,30.1,76.3,30.1,76.2,2017-04-06 05:41:51.000
1,463106.0,4631.0,30.0,Patiala,Punjab,30.1,76.3,30.1,76.2,2017-02-09 23:37:20.999
1,463106.0,4631.0,30.0,Patiala,Punjab,30.1,76.3,30.1,76.2,2017-02-21 23:34:24.000
1,463106.0,4631.0,30.0,Patiala,Punjab,30.1,76.3,30.1,76.2,2017-03-12 01:44:07.000
1,463106.0,4631.0,30.0,Patiala,Punjab,30.1,76.3,30.1,76.2,2017-02-28 00:23:32.000
1,463106.0,4631.0,30.0,Patiala,Punjab,30.1,76.3,30.1,76.2,2017-03-25 07:40:05.000
1,463106.0,4631.0,30.0,Patiala,Punjab,30.1,76.3,30.1,76.2,2017-03-09 03:49:48.000
1,463106.0,4631.0,30.0,Patiala,Punjab,30.1,76.3,30.1,76.2,2017-02-15 05:17:15.999
1,463106.0,4631.0,30.0,Patiala,Punjab,30.1,76.3,30.1,76.2,2017-02-03 02:02:46.000
1,463106.0,4631.0,30.0,Patiala,Punjab,30.1,76.3,30.1,76.2,2017-02-19 02:11:18.000
1,463106.0,4631.0,30.0,Patiala,Punjab,30.1,76.3,30.1,76.2,2017-03-02 01:54:24.000
1,463106.0,4631.0,30.0,Patiala,Punjab,30.1,76.3,30.1,76.2,2017-02-26 00:19:51.000
1,463106.0,4631.0,30.0,Patiala,Punjab,30.1,76.3,30.1,76.2,2017-03-04 22:58:47.999
1,463106.0,4631.0,30.0,Patiala,Punjab,30.1,76.3,30.1,76.2,2017-02-23 23:04:26.999
1,463106.0,4631.0,30.0,Patiala,Punjab,30.1,76.3,30.1,76.2,2017-02-24 22:31:00.999
1,463106.0,4631.0,30.0,Patiala,Punjab,30.1,76.3,30.1,76.2,2017-02-06 23:11:12.999
1,463106.0,4631.0,30.0,Patiala,Punjab,30.1,76.3,30.1,76.2,2016-12-24 23:35:00.000
1,463106.0,4631.0,30.0,Patiala,Punjab,30.1,76.3,30.1,76.2,2017-03-01 02:22:35.999
1,463106.0,4631.0,30.0,Patiala,Punjab,30.1,76.3,30.1,76.2,2017-03-30 05:24:31.000
1,463106.0,4631.0,30.0,Patiala,Punjab,30.1,76.3,30.1,76.2,2017-01-08 01:27:00.000
1,463106.0,4631.0,30.0,Patiala,Punjab,30.1,76.3,30.1,76.2,2017-01-14 01:46:39.000
1,463106.0,4631.0,30.0,Patiala,Punjab,30.1,76.3,30.1,76.2,2017-04-12 07:43:28.000
1,463108.0,4631.0,30.0,Patiala,Punjab,30.1,76.3,30.1,76.2,2016-12-24 17:08:00.000
1,463108.0,4631.0,30.0,Patiala,Punjab,30.1,76.3,30.1,76.2,2016-12-29 17:50:00.000
1,463108.0,4631.0,30.0,Patiala,Punjab,30.1,76.3,30.1,76.2,2017-01-19 19:52:25.999
1,463108.0,4631.0,30.0,Patiala,Punjab,30.1,76.3,30.1,76.2,2017-03-01 19:38:59.999
1,463108.0,4631.0,30.0,Patiala,Punjab,30.1,76.3,30.1,76.2,2017-02-06 17:39:29.999
1,463108.0,4631.0,30.0,Patiala,Punjab,30.1,76.3,30.1,76.2,2016-12-22 18:24:59.999
1,463108.0,4631.0,30.0,Patiala,Punjab,30.1,76.3,30.1,76.2,2016-12-17 16:46:00.000
1,463108.0,4631.0,30.0,Patiala,Punjab,30.1,76.3,30.1,76.2,2016-12-24 17:06:00.000
1,463108.0,4631.0,30.0,Patiala,Punjab,30.1,76.3,30.1,76.2,2017-01-18 16:48:56.999
1,463108.0,4631.0,30.0,Patiala,Punjab,30.1,76.3,30.1,76.2,2017-02-14 17:17:13.000
1,463108.0,4631.0,30.0,Patiala,Punjab,30.1,76.3,30.1,76.2,2017-02-17 16:19:18.000
1,463108.0,4631.0,30.0,Patiala,Punjab,30.1,76.3,30.1,76.2,2017-01-28 19:12:00.000
1,463108.0,4631.0,30.0,Patiala,Punjab,30.1,76.3,30.1,76.2,2017-02-07 17:54:19.999
1,463108.0,4631.0,30.0,Patiala,Punjab,30.1,76.3,30.1,76.2,2017-01-11 17:28:05.000
1,463108.0,4631.0,30.0,Patiala,Punjab,30.1,76.3,30.1,76.2,2017-02-15 20:10:02.999
1,463108.0,4631.0,30.0,Patiala,Punjab,30.1,76.3,30.1,76.2,2017-04-02 18:08:34.000
1,463108.0,4631.0,30.0,Patiala,Punjab,30.1,76.3,30.1,76.2,2017-03-20 20:07:58.000
1,463108.0,4631.0,30.0,Patiala,Punjab,30.1,76.3,30.1,76.2,2017-02-19 17:05:17.999
1,463108.0,4631.0,30.0,Patiala,Punjab,30.1,76.3,30.1,76.2,2017-04-09 01:59:56.000
1,463108.0,4631.0,30.0,Patiala,Punjab,30.1,76.3,30.1,76.2,2017-01-07 19:10:58.000
1,463108.0,4631.0,30.0,Patiala,Punjab,30.1,76.3,30.1,76.2,2017-04-06 17:27:06.000
1,463108.0,4631.0,30.0,Patiala,Punjab,30.1,76.3,30.1,76.2,2016-12-22 18:27:59.999
1,463108.0,4631.0,30.0,Patiala,Punjab,30.1,76.3,30.1,76.2,2017-01-18 16:51:37.999
1,463108.0,4631.0,30.0,Patiala,Punjab,30.1,76.3,30.1,76.2,2017-01-04 20:00:53.000
1,463108.0,4631.0,30.0,Patiala,Punjab,30.1,76.3,30.1,76.2,2017-01-25 19:46:25.999
1,463108.0,4631.0,30.0,Patiala,Punjab,30.1,76.3,30.1,76.2,2017-01-03 16:26:55.999
1,463108.0,4631.0,30.0,Patiala,Punjab,30.1,76.3,30.1,76.2,2017-02-08 18:32:59.000
1,463108.0,4631.0,30.0,Patiala,Punjab,30.1,76.3,30.1,76.2,2017-03-22 21:01:05.999
1,463108.0,4631.0,30.0,Patiala,Punjab,30.1,76.3,30.1,76.2,2017-02-07 17:53:38.000
1,463108.0,4631.0,30.0,Patiala,Punjab,30.1,76.3,30.1,76.2,2017-01-19 19:50:54.000
1,463108.0,4631.0,30.0,Patiala,Punjab,30.1,76.3,30.1,76.2,2016-12-15 16:41:59.999
1,463108.0,4631.0,30.0,Patiala,Punjab,30.1,76.3,30.1,76.2,2017-01-31 19:46:51.000
1,463108.0,4631.0,30.0,Patiala,Punjab,30.1,76.3,30.1,76.2,2016-12-17 16:38:59.999
1,463108.0,4631.0,30.0,Patiala,Punjab,30.1,76.3,30.1,76.2,2017-02-10 18:53:09.000
1,463108.0,4631.0,30.0,Patiala,Punjab,30.1,76.3,30.1,76.2,2017-03-13 19:59:43.000
1,463108.0,4631.0,30.0,Patiala,Punjab,30.1,76.3,30.1,76.2,2017-01-23 19:17:01.999
1,463108.0,4631.0,30.0,Patiala,Punjab,30.1,76.3,,,2017-04-09 09:28:37.632
1,463108.0,4631.0,30.0,Patiala,Punjab,30.1,76.3,30.1,76.2,2017-01-10 18:12:07.000
1,463108.0,4631.0,30.0,Patiala,Punjab,30.1,76.3,30.1,76.2,2017-01-10 18:10:14.000
1,463108.0,4631.0,30.0,Patiala,Punjab,30.1,76.3,30.1,76.2,2017-01-07 19:12:51.000
1,463108.0,4631.0,30.0,Patiala,Punjab,30.1,76.3,30.1,76.2,2017-02-08 18:33:45.000
1,463108.0,4631.0,30.0,Patiala,Punjab,30.1,76.3,30.1,76.2,2017-02-12 17:37:47.000
1,463108.0,4631.0,30.0,Patiala,Punjab,30.1,76.3,30.1,76.2,2017-03-01 19:38:28.000
1,463108.0,4631.0,30.0,Patiala,Punjab,30.1,76.3,30.1,76.2,2016-12-31 16:29:45.000
1,463108.0,4631.0,30.0,Patiala,Punjab,30.1,76.3,,,2017-04-09 09:28:37.632
1,463108.0,4631.0,30.0,Patiala,Punjab,30.1,76.3,30.1,76.2,2017-03-25 19:25:10.000
1,463108.0,4631.0,30.0,Patiala,Punjab,30.1,76.3,30.1,76.2,2017-02-06 17:38:59.000
1,463108.0,4631.0,30.0,Patiala,Punjab,30.1,76.3,30.1,76.2,2016-12-26 17:22:00.000
1,463108.0,4631.0,30.0,Patiala,Punjab,30.1,76.3,30.1,76.2,2017-02-04 17:42:11.000
1,463108.0,4631.0,30.0,Patiala,Punjab,30.1,76.3,30.1,76.2,2017-03-14 17:02:51.000
1,463108.0,4631.0,30.0,Patiala,Punjab,30.1,76.3,30.1,76.2,2017-01-04 19:59:59.000
1,463108.0,4631.0,30.0,Patiala,Punjab,30.1,76.3,30.1,76.2,2017-03-11 17:49:05.999
1,463108.0,4631.0,30.0,Patiala,Punjab,30.1,76.3,30.1,76.2,2017-01-12 17:52:18.999
1,463108.0,4631.0,30.0,Patiala,Punjab,30.1,76.3,30.1,76.2,2017-02-10 18:52:08.999
1,463108.0,4631.0,30.0,Patiala,Punjab,30.1,76.3,30.1,76.2,2017-01-21 18:23:40.000
1,463108.0,4631.0,30.0,Patiala,Punjab,30.1,76.3,30.1,76.2,2017-01-26 17:26:35.999
1,463108.0,4631.0,30.0,Patiala,Punjab,30.1,76.3,30.1,76.2,2017-02-04 17:41:17.000
1,463108.0,4631.0,30.0,Patiala,Punjab,30.1,76.3,30.1,76.2,2017-04-09 02:05:06.000
1,463108.0,4631.0,30.0,Patiala,Punjab,30.1,76.3,30.1,76.2,2017-01-03 16:28:29.999
1,463108.0,4631.0,30.0,Patiala,Punjab,30.1,76.3,30.1,76.2,2017-01-11 17:29:29.999
1,463108.0,4631.0,30.0,Patiala,Punjab,30.1,76.3,30.1,76.2,2017-01-12 17:51:21.000
1,463113.0,4631.0,30.0,Patiala,Punjab,30.1,76.3,30.1,76.2,2017-01-08 00:58:00.000
1,463113.0,4631.0,30.0,Patiala,Punjab,30.1,76.3,30.1,76.2,2017-02-18 00:58:48.000
1,463113.0,4631.0,30.0,Patiala,Punjab,30.1,76.3,30.1,76.2,2017-03-11 00:58:09.999
1,463113.0,4631.0,30.0,Patiala,Punjab,30.1,76.3,30.1,76.2,2017-01-25 01:24:57.000
1,463113.0,4631.0,30.0,Patiala,Punjab,30.1,76.3,30.1,76.2,2017-03-28 00:19:43.000
1,463113.0,4631.0,30.0,Patiala,Punjab,30.1,76.3,30.1,76.2,2017-01-28 02:29:16.999
1,463113.0,4631.0,30.0,Patiala,Punjab,30.1,76.3,30.1,76.2,2017-04-06 02:34:12.000
1,463113.0,4631.0,30.0,Patiala,Punjab,30.1,76.3,30.1,76.2,2017-03-31 02:55:16.999
1,463113.0,4631.0,30.0,Patiala,Punjab,30.1,76.3,30.1,76.2,2017-02-01 22:04:12.000
1,463113.0,4631.0,30.0,Patiala,Punjab,30.1,76.3,30.1,76.2,2017-02-05 01:13:47.000
1,463113.0,4631.0,30.0,Patiala,Punjab,30.1,76.3,30.1,76.2,2017-01-15 01:10:23.999
1,463113.0,4631.0,30.0,Patiala,Punjab,30.1,76.3,30.1,76.2,2017-01-31 02:07:07.000
1,463113.0,4631.0,30.0,Patiala,Punjab,30.1,76.3,30.1,76.2,2016-12-29 01:02:59.999
1,463113.0,4631.0,30.0,Patiala,Punjab,30.1,76.3,30.1,76.2,2017-03-10 02:31:22.999
1,463113.0,4631.0,30.0,Patiala,Punjab,30.1,76.3,30.1,76.2,2017-01-26 01:07:52.999
1,463113.0,4631.0,30.0,Patiala,Punjab,30.1,76.3,30.1,76.2,2017-01-21 22:11:33.000
1,463113.0,4631.0,30.0,Patiala,Punjab,30.1,76.3,30.1,76.2,2017-01-28 22:35:04.000
1,463113.0,4631.0,30.0,Patiala,Punjab,30.1,76.3,30.1,76.2,2017-01-02 02:22:56.000
1,463113.0,4631.0,30.0,Patiala,Punjab,30.1,76.3,30.1,76.2,2016-12-21 02:23:00.000
1,463113.0,4631.0,30.0,Patiala,Punjab,30.1,76.3,30.1,76.2,2017-04-01 01:45:47.000
1,463113.0,4631.0,30.0,Patiala,Punjab,30.1,76.3,30.1,76.2,2016-12-22 00:08:59.999
1,463113.0,4631.0,30.0,Patiala,Punjab,30.1,76.3,30.1,76.2,2017-03-24 23:24:03.000
1,463113.0,4631.0,30.0,Patiala,Punjab,30.1,76.3,30.1,76.2,2017-02-23 22:31:19.000
1,463113.0,4631.0,30.0,Patiala,Punjab,30.1,76.3,30.1,76.2,2017-02-03 01:14:14.999
1,463113.0,4631.0,30.0,Patiala,Punjab,30.1,76.3,30.1,76.2,2017-04-11 00:51:08.000
1,463113.0,4631.0,30.0,Patiala,Punjab,30.1,76.3,30.1,76.2,2017-03-27 00:03:09.999
1,463113.0,4631.0,30.0,Patiala,Punjab,30.1,76.3,30.1,76.2,2017-04-06 02:33:41.000
1,463113.0,4631.0,30.0,Patiala,Punjab,30.1,76.3,30.1,76.2,2017-02-13 00:50:40.999
1,463113.0,4631.0,30.0,Patiala,Punjab,30.1,76.3,30.1,76.2,2017-03-31 02:54:38.999
1,463113.0,4631.0,30.0,Patiala,Punjab,30.1,76.3,30.1,76.2,2017-04-01 01:46:20.000
1,463113.0,4631.0,30.0,Patiala,Punjab,30.1,76.3,30.1,76.2,2017-04-04 00:01:32.999
1,463113.0,4631.0,30.0,Patiala,Punjab,30.1,76.3,30.1,76.2,2017-03-15 01:51:01.000
1,463113.0,4631.0,30.0,Patiala,Punjab,30.1,76.3,30.1,76.2,2017-02-25 22:48:09.000
1,463113.0,4631.0,30.0,Patiala,Punjab,30.1,76.3,30.1,76.2,2017-03-27 00:03:46.000
1,463113.0,4631.0,30.0,Patiala,Punjab,30.1,76.3,30.1,76.2,2017-03-09 00:31:26.000
1,463113.0,4631.0,30.0,Patiala,Punjab,30.1,76.3,30.1,76.2,2017-03-20 03:15:20.000
1,463113.0,4631.0,30.0,Patiala,Punjab,30.1,76.3,30.1,76.2,2016-12-16 23:08:00.000
1,463113.0,4631.0,30.0,Patiala,Punjab,30.1,76.3,30.1,76.2,2017-01-30 01:22:05.999
1,463113.0,4631.0,30.0,Patiala,Punjab,30.1,76.3,30.1,76.2,2017-02-15 02:35:54.000
1,463113.0,4631.0,30.0,Patiala,Punjab,30.1,76.3,30.1,76.2,2017-03-13 22:54:16.000
1,463113.0,4631.0,30.0,Patiala,Punjab,30.1,76.3,30.1,76.2,2017-03-22 02:10:16.999
1,463113.0,4631.0,30.0,Patiala,Punjab,30.1,76.3,30.1,76.2,2017-02-06 23:29:29.000
1,463113.0,4631.0,30.0,Patiala,Punjab,30.1,76.3,30.1,76.2,2017-03-31 02:55:50.000
1,463113.0,4631.0,30.0,Patiala,Punjab,30.1,76.3,30.1,76.2,2017-04-04 00:00:52.000
1,463113.0,4631.0,30.0,Patiala,Punjab,30.1,76.3,30.1,76.2,2017-04-03 00:29:09.000
1,463113.0,4631.0,30.0,Patiala,Punjab,30.1,76.3,30.1,76.2,2016-12-14 23:58:59.999
1,463113.0,4631.0,30.0,Patiala,Punjab,30.1,76.3,30.1,76.2,2017-03-16 22:21:38.000
1,463113.0,4631.0,30.0,Patiala,Punjab,30.1,76.3,30.1,76.2,2017-01-17 01:02:56.000
1,463113.0,4631.0,30.0,Patiala,Punjab,30.1,76.3,30.1,76.2,2017-01-11 00:20:37.000
1,463113.0,4631.0,30.0,Patiala,Punjab,30.1,76.3,30.1,76.2,2017-03-06 01:45:34.000
1,463113.0,4631.0,30.0,Patiala,Punjab,30.1,76.3,30.1,76.2,2017-04-03 00:28:09.000
1,463113.0,4631.0,30.0,Patiala,Punjab,30.1,76.3,30.1,76.2,2017-03-30 02:27:44.000
1,463113.0,4631.0,30.0,Patiala,Punjab,30.1,76.3,30.1,76.2,2017-02-28 22:45:17.000
1,463113.0,4631.0,30.0,Patiala,Punjab,30.1,76.3,30.1,76.2,2017-03-06 01:46:13.000
1,463113.0,4631.0,30.0,Patiala,Punjab,30.1,76.3,30.1,76.2,2017-02-25 00:35:07.000
1,463113.0,4631.0,30.0,Patiala,Punjab,30.1,76.3,30.1,76.2,2017-04-11 00:50:29.000
1,463113.0,4631.0,30.0,Patiala,Punjab,30.1,76.3,30.1,76.2,2017-01-05 22:55:15.000
1,463113.0,4631.0,30.0,Patiala,Punjab,30.1,76.3,30.1,76.2,2017-03-09 00:32:06.000
1,463113.0,4631.0,30.0,Patiala,Punjab,30.1,76.3,30.1,76.2,2017-03-16 22:21:00.999
1,463113.0,4631.0,30.0,Patiala,Punjab,30.1,76.3,30.1,76.2,2017-02-10 01:36:09.000
1,463113.0,4631.0,30.0,Patiala,Punjab,30.1,76.3,30.1,76.2,2017-04-08 03:34:04.000
1,463113.0,4631.0,30.0,Patiala,Punjab,30.1,76.3,30.1,76.2,2017-04-03 00:28:39.000
1,463113.0,4631.0,30.0,Patiala,Punjab,30.1,76.3,30.1,76.2,2017-03-28 00:20:08.000
1,463113.0,4631.0,30.0,Patiala,Punjab,30.1,76.3,30.1,76.2,2017-03-30 02:27:01.000
1,463113.0,4631.0,30.0,Patiala,Punjab,30.1,76.3,30.1,76.2,2017-02-20 01:43:49.000
1,463115.0,4631.0,30.0,Patiala,Punjab,30.1,76.3,30.1,76.2,2017-01-17 01:00:39.000
1,463115.0,4631.0,30.0,Patiala,Punjab,30.1,76.3,30.1,76.2,2017-03-24 06:38:17.000
1,463115.0,4631.0,30.0,Patiala,Punjab,30.1,76.3,30.1,76.2,2016-12-12 01:38:59.999
1,463115.0,4631.0,30.0,Patiala,Punjab,30.1,76.3,30.1,76.2,2016-12-17 23:00:59.999
1,463115.0,4631.0,30.0,Patiala,Punjab,30.1,76.3,30.1,76.2,2017-03-17 05:39:42.000
1,463115.0,4631.0,30.0,Patiala,Punjab,30.1,76.3,30.1,76.2,2016-12-15 00:59:00.000
1,463115.0,4631.0,30.0,Patiala,Punjab,30.1,76.3,30.1,76.2,2017-03-27 06:35:41.000
1,463115.0,4631.0,30.0,Patiala,Punjab,30.1,76.3,30.1,76.2,2017-02-26 05:35:50.000
1,463115.0,4631.0,30.0,Patiala,Punjab,30.1,76.3,30.1,76.2,2017-01-19 23:24:42.000
1,463115.0,4631.0,30.0,Patiala,Punjab,30.1,76.3,30.1,76.2,2016-12-30 00:14:59.999
1,463115.0,4631.0,30.0,Patiala,Punjab,30.1,76.3,30.1,76.2,2017-03-18 06:51:50.000
1,463115.0,4631.0,30.0,Patiala,Punjab,30.1,76.3,30.1,76.2,2017-02-21 00:22:12.000
1,463115.0,4631.0,30.0,Patiala,Punjab,30.1,76.3,30.1,76.2,2017-03-25 06:16:09.999
1,463115.0,4631.0,30.0,Patiala,Punjab,30.1,76.3,30.1,76.2,2017-03-05 05:54:52.000
1,463115.0,4631.0,30.0,Patiala,Punjab,30.1,76.3,30.1,76.2,2017-03-17 05:35:51.000
1,463115.0,4631.0,30.0,Patiala,Punjab,30.1,76.3,30.1,76.2,2017-03-26 07:08:30.000
1,463115.0,4631.0,30.0,Patiala,Punjab,30.1,76.3,30.1,76.2,2016-12-30 23:57:09.999
1,463115.0,4631.0,30.0,Patiala,Punjab,30.1,76.3,30.1,76.2,2017-03-01 00:13:49.999
1,463115.0,4631.0,30.0,Patiala,Punjab,30.1,76.3,30.1,76.2,2017-01-15 00:50:17.000
1,463115.0,4631.0,30.0,Patiala,Punjab,30.1,76.3,30.1,76.2,2017-02-08 23:44:44.999
1,463115.0,4631.0,30.0,Patiala,Punjab,30.1,76.3,30.1,76.2,2017-03-06 02:01:07.999
1,463115.0,4631.0,30.0,Patiala,Punjab,30.1,76.3,30.1,76.2,2017-01-07 01:42:42.000
1,463115.0,4631.0,30.0,Patiala,Punjab,30.1,76.3,30.1,76.2,2017-04-12 07:02:21.000
1,463115.0,4631.0,30.0,Patiala,Punjab,30.1,76.3,30.1,76.2,2017-01-14 01:36:54.000
1,463115.0,4631.0,30.0,Patiala,Punjab,30.1,76.3,30.1,76.2,2017-01-16 01:13:03.000
1,463115.0,4631.0,30.0,Patiala,Punjab,30.1,76.3,30.1,76.2,2017-01-31 23:44:44.000
1,463115.0,4631.0,30.0,Patiala,Punjab,30.1,76.3,30.1,76.2,2017-03-24 06:40:10.000
1,463115.0,4631.0,30.0,Patiala,Punjab,30.1,76.3,30.1,76.2,2016-12-24 00:01:00.000
1,463115.0,4631.0,30.0,Patiala,Punjab,30.1,76.3,30.1,76.2,2016-12-16 00:27:59.999
1,463115.0,4631.0,30.0,Patiala,Punjab,30.1,76.3,30.1,76.2,2017-01-27 23:49:41.000
1,463115.0,4631.0,30.0,Patiala,Punjab,30.1,76.3,30.1,76.2,2017-02-24 06:17:45.000
1,463115.0,4631.0,30.0,Patiala,Punjab,30.1,76.3,30.1,76.2,2017-03-14 05:49:44.000
1,463115.0,4631.0,30.0,Patiala,Punjab,30.1,76.3,30.1,76.2,2017-02-15 04:44:05.000
1,463115.0,4631.0,30.0,Patiala,Punjab,30.1,76.3,30.1,76.2,2017-03-15 01:40:17.999
1,463115.0,4631.0,30.0,Patiala,Punjab,30.1,76.3,30.1,76.2,2016-12-26 00:40:59.999
1,463115.0,4631.0,30.0,Patiala,Punjab,30.1,76.3,30.1,76.2,2017-02-17 23:47:41.999
1,463115.0,4631.0,30.0,Patiala,Punjab,30.1,76.3,30.1,76.2,2017-02-03 01:59:13.000
1,463115.0,4631.0,30.0,Patiala,Punjab,30.1,76.3,30.1,76.2,2017-01-11 00:37:13.000
1,463115.0,4631.0,30.0,Patiala,Punjab,30.1,76.3,30.1,76.2,2016-12-23 02:28:00.000
1,463115.0,4631.0,30.0,Patiala,Punjab,30.1,76.3,30.1,76.2,2017-03-19 06:47:42.999
1,463115.0,4631.0,30.0,Patiala,Punjab,30.1,76.3,30.1,76.2,2016-12-21 02:18:00.000
1,463115.0,4631.0,30.0,Patiala,Punjab,30.1,76.3,30.1,76.2,2017-03-23 07:08:59.000
1,463115.0,4631.0,30.0,Patiala,Punjab,30.1,76.3,30.1,76.2,2017-03-18 06:57:12.000
1,463115.0,4631.0,30.0,Patiala,Punjab,30.1,76.3,30.1,76.2,2017-01-18 02:05:07.000
1,463115.0,4631.0,30.0,Patiala,Punjab,30.1,76.3,30.1,76.2,2017-03-16 05:48:30.000
1,463115.0,4631.0,30.0,Patiala,Punjab,30.1,76.3,30.1,76.2,2017-03-17 00:20:03.000
1,463115.0,4631.0,30.0,Patiala,Punjab,30.1,76.3,30.1,76.2,2016-12-29 01:53:00.000
1,463115.0,4631.0,30.0,Patiala,Punjab,30.1,76.3,30.1,76.2,2016-12-31 23:30:29.000
1,463115.0,4631.0,30.0,Patiala,Punjab,30.1,76.3,30.1,76.2,2017-03-18 06:59:51.000
1,463115.0,4631.0,30.0,Patiala,Punjab,30.1,76.3,30.1,76.2,2017-03-19 06:45:55.000
1,463115.0,4631.0,30.0,Patiala,Punjab,30.1,76.3,30.1,76.2,2017-01-05 01:12:15.000
1,463115.0,4631.0,30.0,Patiala,Punjab,30.1,76.3,30.1,76.2,2017-02-14 06:08:56.999
1,463115.0,4631.0,30.0,Patiala,Punjab,30.1,76.3,30.1,76.2,2017-01-09 01:14:20.000
1,463115.0,4631.0,30.0,Patiala,Punjab,30.1,76.3,30.1,76.2,2017-01-02 01:55:26.000
1,463115.0,4631.0,30.0,Patiala,Punjab,30.1,76.3,30.1,76.2,2016-12-13 23:10:00.000
1,463115.0,4631.0,30.0,Patiala,Punjab,30.1,76.3,30.1,76.2,2017-02-27 04:17:59.000
1,463115.0,4631.0,30.0,Patiala,Punjab,30.1,76.3,30.1,76.2,2017-03-09 00:04:43.999
1,463115.0,4631.0,30.0,Patiala,Punjab,30.1,76.3,30.1,76.2,2017-02-05 23:15:47.000
1,463115.0,4631.0,30.0,Patiala,Punjab,30.1,76.3,30.1,76.2,2017-03-20 06:16:36.999
1,463115.0,4631.0,30.0,Patiala,Punjab,30.1,76.3,30.1,76.2,2017-02-06 23:04:58.999
1,463115.0,4631.0,30.0,Patiala,Punjab,30.1,76.3,30.1,76.2,2017-03-23 07:23:31.999
1,463115.0,4631.0,30.0,Patiala,Punjab,30.1,76.3,30.1,76.2,2017-01-03 23:02:36.000
1,463115.0,4631.0,30.0,Patiala,Punjab,30.1,76.3,30.1,76.2,2017-02-07 23:08:01.000
1,463115.0,4631.0,30.0,Patiala,Punjab,30.1,76.3,30.1,76.2,2017-01-03 00:12:50.999
1,463115.0,4631.0,30.0,Patiala,Punjab,30.1,76.3,30.1,76.2,2017-03-25 06:20:05.000
1,463115.0,4631.0,30.0,Patiala,Punjab,30.1,76.3,30.1,76.2,2017-03-10 03:53:59.000
1,463115.0,4631.0,30.0,Patiala,Punjab,30.1,76.3,30.1,76.2,2017-03-08 00:28:31.000
1,463115.0,4631.0,30.0,Patiala,Punjab,30.1,76.3,30.1,76.2,2017-03-27 06:27:16.000
1,463115.0,4631.0,30.0,Patiala,Punjab,30.1,76.3,30.1,76.2,2017-03-15 01:35:44.000
1,463115.0,4631.0,30.0,Patiala,Punjab,30.1,76.3,30.1,76.2,2016-12-19 00:35:00.000
1,463115.0,4631.0,30.0,Patiala,Punjab,30.1,76.3,30.1,76.2,2017-03-19 23:54:46.999
1,463115.0,4631.0,30.0,Patiala,Punjab,30.1,76.3,30.1,76.2,2017-03-23 07:24:19.000
1,463115.0,4631.0,30.0,Patiala,Punjab,30.1,76.3,30.1,76.2,2017-02-25 04:56:49.000
1,463115.0,4631.0,30.0,Patiala,Punjab,30.1,76.3,30.1,76.2,2017-03-20 06:12:36.000
1,463115.0,4631.0,30.0,Patiala,Punjab,30.1,76.3,30.1,76.2,2017-03-12 06:27:31.000
1,463115.0,4631.0,30.0,Patiala,Punjab,30.1,76.3,30.1,76.2,2017-03-26 07:07:03.000
1,463115.0,4631.0,30.0,Patiala,Punjab,30.1,76.3,30.1,76.2,2017-01-28 22:39:36.999
1,463115.0,4631.0,30.0,Patiala,Punjab,30.1,76.3,30.1,76.2,2017-03-02 23:59:18.000
1,463115.0,4631.0,30.0,Patiala,Punjab,30.1,76.3,30.1,76.2,2017-02-23 05:43:33.000
1,463115.0,4631.0,30.0,Patiala,Punjab,30.1,76.3,30.1,76.2,2017-03-27 06:42:43.000
1,463115.0,4631.0,30.0,Patiala,Punjab,30.1,76.3,30.1,76.2,2017-02-15 23:48:43.999
1,463115.0,4631.0,30.0,Patiala,Punjab,30.1,76.3,30.1,76.2,2017-03-07 05:26:08.999
1,463115.0,4631.0,30.0,Patiala,Punjab,30.1,76.3,30.1,76.2,2017-01-22 01:16:39.999
1,463115.0,4631.0,30.0,Patiala,Punjab,30.1,76.3,30.1,76.2,2017-03-16 00:49:59.000
1,463115.0,4631.0,30.0,Patiala,Punjab,30.1,76.3,30.1,76.2,2017-02-11 00:28:31.999
1,463115.0,4631.0,30.0,Patiala,Punjab,30.1,76.3,30.1,76.2,2016-12-27 22:54:59.999
1,463115.0,4631.0,30.0,Patiala,Punjab,30.1,76.3,30.1,76.2,2017-03-19 06:47:12.000
1,463115.0,4631.0,30.0,Patiala,Punjab,30.1,76.3,30.1,76.2,2017-01-09 22:54:56.999
1,463115.0,4631.0,30.0,Patiala,Punjab,30.1,76.3,30.1,76.2,2017-03-16 05:53:11.000
1,463115.0,4631.0,30.0,Patiala,Punjab,30.1,76.3,30.1,76.2,2017-01-31 00:04:38.000
1,463115.0,4631.0,30.0,Patiala,Punjab,30.1,76.3,30.1,76.2,2017-03-14 23:39:24.999
1,463115.0,4631.0,30.0,Patiala,Punjab,30.1,76.3,30.1,76.2,2017-02-19 23:10:50.000
1,463115.0,4631.0,30.0,Patiala,Punjab,30.1,76.3,30.1,76.2,2017-03-09 23:06:35.000
1,463115.0,4631.0,30.0,Patiala,Punjab,30.1,76.3,30.1,76.2,2017-04-02 01:56:36.000
1,463115.0,4631.0,30.0,Patiala,Punjab,30.1,76.3,30.1,76.2,2017-01-12 22:51:45.999
1,463115.0,4631.0,30.0,Patiala,Punjab,30.1,76.3,30.1,76.2,2017-03-12 06:28:07.999
1,463115.0,4631.0,30.0,Patiala,Punjab,30.1,76.3,30.1,76.2,2017-03-02 02:43:55.000
1,463115.0,4631.0,30.0,Patiala,Punjab,30.1,76.3,30.1,76.2,2017-01-24 00:04:14.000
1,463115.0,4631.0,30.0,Patiala,Punjab,30.1,76.3,30.1,76.2,2017-03-13 06:00:38.000
1,463115.0,4631.0,30.0,Patiala,Punjab,30.1,76.3,30.1,76.2,2017-01-30 01:41:37.000
1,463115.0,4631.0,30.0,Patiala,Punjab,30.1,76.3,30.1,76.2,2017-03-12 06:28:42.000
1,463115.0,4631.0,30.0,Patiala,Punjab,30.1,76.3,30.1,76.2,2017-03-04 06:19:52.000
1,463115.0,4631.0,30.0,Patiala,Punjab,30.1,76.3,30.1,76.2,2017-02-04 23:44:05.000
1,463115.0,4631.0,30.0,Patiala,Punjab,30.1,76.3,30.1,76.2,2017-03-13 00:18:34.000
1,463115.0,4631.0,30.0,Patiala,Punjab,30.1,76.3,30.1,76.2,2017-03-24 06:36:56.000
1,463115.0,4631.0,30.0,Patiala,Punjab,30.1,76.3,30.1,76.2,2017-01-11 22:40:59.000
1,463119.0,4631.0,30.0,Patiala,Punjab,30.1,76.3,30.1,76.2,2017-02-05 02:56:19.000
1,463119.0,4631.0,30.0,Patiala,Punjab,30.1,76.3,,,2017-04-09 09:00:13.696
1,463119.0,4631.0,30.0,Patiala,Punjab,30.1,76.3,30.1,76.2,2017-02-19 03:34:01.000
1,463119.0,4631.0,30.0,Patiala,Punjab,30.1,76.3,30.1,76.2,2017-02-19 03:34:58.999
1,463119.0,4631.0,30.0,Patiala,Punjab,30.1,76.3,30.1,76.2,2017-02-10 21:44:02.000
1,463119.0,4631.0,30.0,Patiala,Punjab,30.1,76.3,30.1,76.2,2017-02-27 02:46:58.000
1,463119.0,4631.0,30.0,Patiala,Punjab,30.1,76.3,30.1,76.2,2017-01-29 03:50:47.000
1,463119.0,4631.0,30.0,Patiala,Punjab,30.1,76.3,30.1,76.2,2017-02-18 05:48:13.000
1,463119.0,4631.0,30.0,Patiala,Punjab,30.1,76.3,30.1,76.2,2017-02-19 03:34:28.000
1,463119.0,4631.0,30.0,Patiala,Punjab,30.1,76.3,30.1,76.2,2017-03-10 20:48:30.000
1,463119.0,4631.0,30.0,Patiala,Punjab,30.1,76.3,30.1,76.2,2017-02-08 04:25:43.000
1,463119.0,4631.0,30.0,Patiala,Punjab,30.1,76.3,30.1,76.2,2017-02-08 22:36:12.000
1,463119.0,4631.0,30.0,Patiala,Punjab,30.1,76.3,30.1,76.2,2017-01-20 04:33:04.999
1,463119.0,4631.0,30.0,Patiala,Punjab,30.1,76.3,,,2017-04-09 09:00:13.696
1,463119.0,4631.0,30.0,Patiala,Punjab,30.1,76.3,30.1,76.2,2017-02-13 05:50:03.000
1,463119.0,4631.0,30.0,Patiala,Punjab,30.1,76.3,30.1,76.2,2016-12-02 05:22:00.000
1,463119.0,4631.0,30.0,Patiala,Punjab,30.1,76.3,,,2017-04-09 09:00:13.696
1,463119.0,4631.0,30.0,Patiala,Punjab,30.1,76.3,30.1,76.2,2016-12-02 05:21:00.000
1,463119.0,4631.0,30.0,Patiala,Punjab,30.1,76.3,30.1,76.2,2017-02-15 22:00:47.999
1,463119.0,4631.0,30.0,Patiala,Punjab,30.1,76.3,30.1,76.2,2017-02-04 01:32:02.999
1,463119.0,4631.0,30.0,Patiala,Punjab,30.1,76.3,30.1,76.2,2017-02-08 22:37:03.999
1,463119.0,4631.0,30.0,Patiala,Punjab,30.1,76.3,30.1,76.2,2017-02-08 04:26:30.000
1,463119.0,4631.0,30.0,Patiala,Punjab,30.1,76.3,30.1,76.2,2017-04-06 07:06:04.000
1,463119.0,4631.0,30.0,Patiala,Punjab,30.1,76.3,30.1,76.2,2017-02-13 05:50:30.000
1,463119.0,4631.0,30.0,Patiala,Punjab,30.1,76.3,30.1,76.2,2017-01-29 03:50:17.000
1,463119.0,4631.0,30.0,Patiala,Punjab,30.1,76.3,30.1,76.2,2017-01-20 04:32:25.000
1,463119.0,4631.0,30.0,Patiala,Punjab,30.1,76.3,30.1,76.2,2017-03-15 22:13:31.000
1,463119.0,4631.0,30.0,Patiala,Punjab,30.1,76.3,30.1,76.2,2017-02-05 02:55:53.000
1,463119.0,4631.0,30.0,Patiala,Punjab,30.1,76.3,30.1,76.2,2017-03-15 22:14:25.999
1,463119.0,4631.0,30.0,Patiala,Punjab,30.1,76.3,30.1,76.2,2017-02-04 01:31:32.999
1,463119.0,4631.0,30.0,Patiala,Punjab,30.1,76.3,30.1,76.2,2017-03-10 20:46:53.000
1,463119.0,4631.0,30.0,Patiala,Punjab,30.1,76.3,,,2017-04-09 09:00:13.696
1,463119.0,4631.0,30.0,Patiala,Punjab,30.1,76.3,30.1,76.2,2017-03-12 05:19:38.999
1,463119.0,4631.0,30.0,Patiala,Punjab,30.1,76.3,30.1,76.2,2017-03-27 05:13:37.999
1,463119.0,4631.0,30.0,Patiala,Punjab,30.1,76.3,30.1,76.2,2017-02-10 21:43:32.999
1,463119.0,4631.0,30.0,Patiala,Punjab,30.1,76.3,30.1,76.2,2017-01-29 03:51:38.000
1,463132.0,4631.0,30.0,Patiala,Punjab,30.1,76.3,30.1,76.2,2017-02-11 01:39:14.000
1,463132.0,4631.0,30.0,Patiala,Punjab,30.1,76.3,,,2017-04-09 09:32:59.776
1,463132.0,4631.0,30.0,Patiala,Punjab,30.1,76.3,,,2017-04-09 09:32:59.776
1,463132.0,4631.0,30.0,Patiala,Punjab,30.1,76.3,30.1,76.2,2016-12-13 01:46:00.000
1,463132.0,4631.0,30.0,Patiala,Punjab,30.1,76.3,30.1,76.2,2016-12-26 01:38:00.000
1,463132.0,4631.0,30.0,Patiala,Punjab,30.1,76.3,30.1,76.2,2017-03-06 00:39:16.000
1,463133.0,4631.0,30.0,Patiala,Punjab,30.1,76.3,30.1,76.2,2017-02-21 04:23:31.000
1,463133.0,4631.0,30.0,Patiala,Punjab,30.1,76.3,30.1,76.2,2016-12-24 00:30:59.999
1,463133.0,4631.0,30.0,Patiala,Punjab,30.1,76.3,30.1,76.2,2017-03-14 07:17:46.000
1,463133.0,4631.0,30.0,Patiala,Punjab,30.1,76.3,30.1,76.2,2017-02-02 23:51:54.999
1,463133.0,4631.0,30.0,Patiala,Punjab,30.1,76.3,30.1,76.2,2017-02-06 23:20:36.000
1,463133.0,4631.0,30.0,Patiala,Punjab,30.1,76.3,30.1,76.2,2017-01-16 02:45:08.000
1,463133.0,4631.0,30.0,Patiala,Punjab,30.1,76.3,30.1,76.2,2017-02-24 23:24:09.000
1,463133.0,4631.0,30.0,Patiala,Punjab,30.1,76.3,30.1,76.2,2017-03-07 05:59:10.999
1,463133.0,4631.0,30.0,Patiala,Punjab,30.1,76.3,30.1,76.2,2017-01-06 00:29:16.000
1,463133.0,4631.0,30.0,Patiala,Punjab,30.1,76.3,30.1,76.2,2017-03-23 06:37:48.000
1,463133.0,4631.0,30.0,Patiala,Punjab,30.1,76.3,,,2017-04-09 08:38:22.976
1,463133.0,4631.0,30.0,Patiala,Punjab,30.1,76.3,30.1,76.2,2017-01-09 22:54:26.000
1,463133.0,4631.0,30.0,Patiala,Punjab,30.1,76.3,30.1,76.2,2016-12-28 00:07:00.000
1,463133.0,4631.0,30.0,Patiala,Punjab,30.1,76.3,30.1,76.2,2017-02-22 23:22:13.000
1,463133.0,4631.0,30.0,Patiala,Punjab,30.1,76.3,30.1,76.2,2016-12-14 01:23:00.000
1,463133.0,4631.0,30.0,Patiala,Punjab,30.1,76.3,30.1,76.2,2016-12-29 23:16:00.000
1,463133.0,4631.0,30.0,Patiala,Punjab,30.1,76.3,30.1,76.2,2017-02-21 04:24:21.000
1,463133.0,4631.0,30.0,Patiala,Punjab,30.1,76.3,,,2017-04-09 08:38:22.976
1,463133.0,4631.0,30.0,Patiala,Punjab,30.1,76.3,30.1,76.2,2016-12-18 00:04:00.000
1,463133.0,4631.0,30.0,Patiala,Punjab,30.1,76.3,30.1,76.2,2017-01-20 03:33:32.999
1,463133.0,4631.0,30.0,Patiala,Punjab,30.1,76.3,30.1,76.2,2017-03-03 00:33:03.999
1,463133.0,4631.0,30.0,Patiala,Punjab,30.1,76.3,30.1,76.2,2017-02-18 23:36:50.000
1,463133.0,4631.0,30.0,Patiala,Punjab,30.1,76.3,30.1,76.2,2017-01-24 23:00:10.000
1,463133.0,4631.0,30.0,Patiala,Punjab,30.1,76.3,30.1,76.2,2017-02-24 23:26:23.000
1,463133.0,4631.0,30.0,Patiala,Punjab,30.1,76.3,30.1,76.2,2017-04-08 07:56:41.000
1,463133.0,4631.0,30.0,Patiala,Punjab,30.1,76.3,30.1,76.2,2016-12-28 00:07:00.000
1,463133.0,4631.0,30.0,Patiala,Punjab,30.1,76.3,30.1,76.2,2017-01-29 00:22:36.000
1,463133.0,4631.0,30.0,Patiala,Punjab,30.1,76.3,30.1,76.2,2017-03-01 01:39:39.000
1,463133.0,4631.0,30.0,Patiala,Punjab,30.1,76.3,30.1,76.2,2017-04-12 07:40:54.999
1,463133.0,4631.0,30.0,Patiala,Punjab,30.1,76.3,30.1,76.2,2017-04-02 07:17:16.000
1,463133.0,4631.0,30.0,Patiala,Punjab,30.1,76.3,,,2017-04-09 08:38:22.976
1,463133.0,4631.0,30.0,Patiala,Punjab,30.1,76.3,,,2017-04-09 08:38:22.976
1,463133.0,4631.0,30.0,Patiala,Punjab,30.1,76.3,30.1,76.2,2017-02-09 00:49:38.000
1,463134.0,4631.0,30.0,Patiala,Punjab,30.1,76.3,30.1,76.2,2017-03-14 23:32:11.000
1,463134.0,4631.0,30.0,Patiala,Punjab,30.1,76.3,30.1,76.2,2017-04-02 23:50:41.000
1,463134.0,4631.0,30.0,Patiala,Punjab,30.1,76.3,30.1,76.2,2017-03-01 02:59:47.999
1,463134.0,4631.0,30.0,Patiala,Punjab,30.1,76.3,30.1,76.2,2017-03-26 23:23:12.000
1,463134.0,4631.0,30.0,Patiala,Punjab,30.1,76.3,,,2017-04-09 09:15:31.200
1,463134.0,4631.0,30.0,Patiala,Punjab,30.1,76.3,,,2017-04-09 09:15:31.200
1,463134.0,4631.0,30.0,Patiala,Punjab,30.1,76.3,30.1,76.2,2017-03-18 23:59:01.000
1,463134.0,4631.0,30.0,Patiala,Punjab,30.1,76.3,30.1,76.2,2017-04-04 03:56:56.000
1,463134.0,4631.0,30.0,Patiala,Punjab,30.1,76.3,,,2017-04-09 09:15:31.200
1,463134.0,4631.0,30.0,Patiala,Punjab,30.1,76.3,30.1,76.2,2017-03-20 23:21:43.000
1,463134.0,4631.0,30.0,Patiala,Punjab,30.1,76.3,,,2017-04-09 09:15:31.200
1,463134.0,4631.0,30.0,Patiala,Punjab,30.1,76.3,30.1,76.2,2017-04-11 23:27:55.000
1,463134.0,4631.0,30.0,Patiala,Punjab,30.1,76.3,30.1,76.2,2017-03-17 00:21:05.000
1,463708.0,4637.0,32.0,Patiala,Punjab,30.200000000000003,76.4,30.1,76.3,2017-02-24 01:48:52.000
1,463708.0,4637.0,32.0,Patiala,Punjab,30.200000000000003,76.4,30.1,76.3,2017-02-23 04:21:10.000
1,463708.0,4637.0,32.0,Patiala,Punjab,30.200000000000003,76.4,30.1,76.3,2017-02-13 00:55:21.000
1,463708.0,4637.0,32.0,Patiala,Punjab,30.200000000000003,76.4,30.1,76.3,2017-03-07 00:04:40.000
1,463708.0,4637.0,32.0,Patiala,Punjab,30.200000000000003,76.4,30.1,76.3,2017-03-23 01:04:51.000
1,463708.0,4637.0,32.0,Patiala,Punjab,30.200000000000003,76.4,30.1,76.3,2017-03-09 23:34:03.000
1,463708.0,4637.0,32.0,Patiala,Punjab,30.200000000000003,76.4,30.1,76.3,2017-02-17 22:42:57.000
1,463708.0,4637.0,32.0,Patiala,Punjab,30.200000000000003,76.4,30.1,76.3,2017-03-15 04:09:51.000
1,463708.0,4637.0,32.0,Patiala,Punjab,30.200000000000003,76.4,30.1,76.3,2017-02-11 04:41:19.000
1,463708.0,4637.0,32.0,Patiala,Punjab,30.200000000000003,76.4,30.1,76.3,2017-03-20 06:08:48.000
1,463708.0,4637.0,32.0,Patiala,Punjab,30.200000000000003,76.4,30.1,76.3,2017-02-03 01:21:43.000
1,463708.0,4637.0,32.0,Patiala,Punjab,30.200000000000003,76.4,30.1,76.3,2017-04-09 03:48:41.000
1,463708.0,4637.0,32.0,Patiala,Punjab,30.200000000000003,76.4,,,2017-04-09 05:02:06.848
1,463708.0,4637.0,32.0,Patiala,Punjab,30.200000000000003,76.4,,,2017-04-09 05:02:06.848
1,463708.0,4637.0,32.0,Patiala,Punjab,30.200000000000003,76.4,30.1,76.3,2017-03-13 00:30:08.999
1,463708.0,4637.0,32.0,Patiala,Punjab,30.200000000000003,76.4,30.1,76.3,2017-02-06 01:50:03.999
1,463708.0,4637.0,32.0,Patiala,Punjab,30.200000000000003,76.4,30.1,76.3,2017-04-09 03:51:47.999
1,463708.0,4637.0,32.0,Patiala,Punjab,30.200000000000003,76.4,30.1,76.3,2017-02-08 02:48:16.000
1,463708.0,4637.0,32.0,Patiala,Punjab,30.200000000000003,76.4,30.1,76.3,2017-03-09 02:11:11.000
1,463712.0,4637.0,32.0,Patiala,Punjab,30.200000000000003,76.4,30.1,76.3,2016-11-13 23:55:59.999
1,463712.0,4637.0,32.0,Patiala,Punjab,30.200000000000003,76.4,30.1,76.3,2017-02-02 00:05:45.000
1,463712.0,4637.0,32.0,Patiala,Punjab,30.200000000000003,76.4,30.1,76.3,2017-02-09 23:52:40.999
1,463712.0,4637.0,32.0,Patiala,Punjab,30.200000000000003,76.4,30.1,76.3,2016-12-12 02:26:00.000
1,463712.0,4637.0,32.0,Patiala,Punjab,30.200000000000003,76.4,30.1,76.3,2016-12-29 23:42:59.999
1,463712.0,4637.0,32.0,Patiala,Punjab,30.200000000000003,76.4,30.1,76.3,2017-01-02 01:58:55.999
1,463712.0,4637.0,32.0,Patiala,Punjab,30.200000000000003,76.4,30.1,76.3,2016-12-04 22:49:00.000
1,463712.0,4637.0,32.0,Patiala,Punjab,30.200000000000003,76.4,30.1,76.3,2017-01-17 00:15:34.000
1,463712.0,4637.0,32.0,Patiala,Punjab,30.200000000000003,76.4,30.1,76.3,2016-12-16 00:29:00.000
1,463712.0,4637.0,32.0,Patiala,Punjab,30.200000000000003,76.4,30.1,76.3,2016-12-02 00:36:59.999
1,463712.0,4637.0,32.0,Patiala,Punjab,30.200000000000003,76.4,30.1,76.3,2016-12-07 01:53:00.000
1,463712.0,4637.0,32.0,Patiala,Punjab,30.200000000000003,76.4,30.1,76.3,2017-03-25 05:03:53.000
1,463712.0,4637.0,32.0,Patiala,Punjab,30.200000000000003,76.4,30.1,76.3,2017-03-05 23:07:13.999
1,463712.0,4637.0,32.0,Patiala,Punjab,30.200000000000003,76.4,30.1,76.3,2017-01-19 00:21:09.000
1,463712.0,4637.0,32.0,Patiala,Punjab,30.200000000000003,76.4,30.1,76.3,2017-01-12 23:42:45.999
1,463712.0,4637.0,32.0,Patiala,Punjab,30.200000000000003,76.4,30.1,76.3,2016-11-10 23:03:59.999
1,463712.0,4637.0,32.0,Patiala,Punjab,30.200000000000003,76.4,30.1,76.3,2017-01-22 23:49:20.000
1,463712.0,4637.0,32.0,Patiala,Punjab,30.200000000000003,76.4,30.1,76.3,2016-11-10 00:19:00.000
1,463712.0,4637.0,32.0,Patiala,Punjab,30.200000000000003,76.4,30.1,76.3,2017-02-04 01:22:18.000
1,463712.0,4637.0,32.0,Patiala,Punjab,30.200000000000003,76.4,30.1,76.3,2016-12-19 01:31:59.999
1,463712.0,4637.0,32.0,Patiala,Punjab,30.200000000000003,76.4,30.1,76.3,2017-01-08 23:55:34.000
1,463712.0,4637.0,32.0,Patiala,Punjab,30.200000000000003,76.4,,,2017-04-09 04:49:00.416
1,463712.0,4637.0,32.0,Patiala,Punjab,30.200000000000003,76.4,30.1,76.3,2017-02-27 00:08:50.000
1,463712.0,4637.0,32.0,Patiala,Punjab,30.200000000000003,76.4,30.1,76.3,2016-11-22 22:31:00.000
1,463712.0,4637.0,32.0,Patiala,Punjab,30.200000000000003,76.4,30.1,76.3,2017-03-02 00:35:12.999
1,463712.0,4637.0,32.0,Patiala,Punjab,30.200000000000003,76.4,30.1,76.3,2017-01-03 23:58:23.000
1,463712.0,4637.0,32.0,Patiala,Punjab,30.200000000000003,76.4,30.1,76.3,2017-01-26 23:48:42.000
1,463712.0,4637.0,32.0,Patiala,Punjab,30.200000000000003,76.4,30.1,76.3,2016-12-25 22:46:00.000
1,463712.0,4637.0,32.0,Patiala,Punjab,30.200000000000003,76.4,30.1,76.3,2017-03-13 00:14:48.999
1,463712.0,4637.0,32.0,Patiala,Punjab,30.200000000000003,76.4,30.1,76.3,2017-02-19 23:18:04.000
1,463712.0,4637.0,32.0,Patiala,Punjab,30.200000000000003,76.4,30.1,76.3,2016-12-14 03:01:59.999
1,463712.0,4637.0,32.0,Patiala,Punjab,30.200000000000003,76.4,30.1,76.3,2017-03-21 23:56:34.000
1,463712.0,4637.0,32.0,Patiala,Punjab,30.200000000000003,76.4,30.1,76.3,2016-12-30 23:53:28.999
1,463712.0,4637.0,32.0,Patiala,Punjab,30.200000000000003,76.4,30.1,76.3,2017-03-20 01:50:59.999
1,463712.0,4637.0,32.0,Patiala,Punjab,30.200000000000003,76.4,30.1,76.3,2017-02-06 00:58:35.000
1,463712.0,4637.0,32.0,Patiala,Punjab,30.200000000000003,76.4,30.1,76.3,2016-11-11 23:29:00.000
1,463712.0,4637.0,32.0,Patiala,Punjab,30.200000000000003,76.4,30.1,76.3,2016-12-07 02:00:59.999
1,463712.0,4637.0,32.0,Patiala,Punjab,30.200000000000003,76.4,30.1,76.3,2017-01-25 00:18:53.000
1,463712.0,4637.0,32.0,Patiala,Punjab,30.200000000000003,76.4,30.1,76.3,2017-04-05 03:04:59.000
1,463712.0,4637.0,32.0,Patiala,Punjab,30.200000000000003,76.4,30.1,76.3,2017-01-21 00:19:47.000
1,463712.0,4637.0,32.0,Patiala,Punjab,30.200000000000003,76.4,30.1,76.3,2016-12-20 23:45:59.999
1,463712.0,4637.0,32.0,Patiala,Punjab,30.200000000000003,76.4,30.1,76.3,2017-02-08 02:19:27.999
1,463712.0,4637.0,32.0,Patiala,Punjab,30.200000000000003,76.4,30.1,76.3,2017-01-06 01:18:59.000
1,463712.0,4637.0,32.0,Patiala,Punjab,30.200000000000003,76.4,,,2017-04-09 04:49:00.416
1,463712.0,4637.0,32.0,Patiala,Punjab,30.200000000000003,76.4,30.1,76.3,2016-12-23 00:14:59.999
1,463712.0,4637.0,32.0,Patiala,Punjab,30.200000000000003,76.4,30.1,76.3,2017-03-29 23:37:31.999
1,463712.0,4637.0,32.0,Patiala,Punjab,30.200000000000003,76.4,30.1,76.3,2017-03-09 23:50:31.000
1,463712.0,4637.0,32.0,Patiala,Punjab,30.200000000000003,76.4,30.1,76.3,2017-03-07 23:07:04.000
1,463712.0,4637.0,32.0,Patiala,Punjab,30.200000000000003,76.4,30.1,76.3,2017-01-11 01:41:20.000
1,463712.0,4637.0,32.0,Patiala,Punjab,30.200000000000003,76.4,30.1,76.3,2016-11-15 22:57:00.000
1,463712.0,4637.0,32.0,Patiala,Punjab,30.200000000000003,76.4,30.1,76.3,2017-03-17 00:30:16.000
1,463712.0,4637.0,32.0,Patiala,Punjab,30.200000000000003,76.4,30.1,76.3,2016-11-28 03:03:00.000
1,463712.0,4637.0,32.0,Patiala,Punjab,30.200000000000003,76.4,30.1,76.3,2016-11-20 22:50:59.999
1,463712.0,4637.0,32.0,Patiala,Punjab,30.200000000000003,76.4,30.1,76.3,2017-03-15 01:35:33.000
1,463712.0,4637.0,32.0,Patiala,Punjab,30.200000000000003,76.4,30.1,76.3,2017-02-18 00:33:00.000
1,463712.0,4637.0,32.0,Patiala,Punjab,30.200000000000003,76.4,30.1,76.3,2017-03-04 04:02:11.999
1,463712.0,4637.0,32.0,Patiala,Punjab,30.200000000000003,76.4,30.1,76.3,2017-04-07 04:05:29.000
1,463712.0,4637.0,32.0,Patiala,Punjab,30.200000000000003,76.4,30.1,76.3,2017-03-28 00:54:57.000
1,463716.0,4637.0,32.0,Patiala,Punjab,30.200000000000003,76.4,30.1,76.3,2016-12-14 22:38:00.000
1,463716.0,4637.0,32.0,Patiala,Punjab,30.200000000000003,76.4,30.1,76.3,2017-04-01 05:17:36.000
1,463716.0,4637.0,32.0,Patiala,Punjab,30.200000000000003,76.4,30.1,76.3,2016-12-19 02:58:00.000
1,463716.0,4637.0,32.0,Patiala,Punjab,30.200000000000003,76.4,30.1,76.3,2017-02-10 22:55:15.000
1,463716.0,4637.0,32.0,Patiala,Punjab,30.200000000000003,76.4,30.1,76.3,2017-03-18 23:52:15.000
1,463716.0,4637.0,32.0,Patiala,Punjab,30.200000000000003,76.4,30.1,76.3,2017-02-13 04:10:07.000
1,463716.0,4637.0,32.0,Patiala,Punjab,30.200000000000003,76.4,30.1,76.3,2017-02-17 03:56:45.999
1,463717.0,4637.0,32.0,Patiala,Punjab,30.200000000000003,76.4,30.1,76.3,2017-02-22 01:36:30.000
1,463717.0,4637.0,32.0,Patiala,Punjab,30.200000000000003,76.4,30.1,76.3,2017-03-22 00:10:35.000
1,463717.0,4637.0,32.0,Patiala,Punjab,30.200000000000003,76.4,30.1,76.3,2017-02-12 23:18:41.999
1,463717.0,4637.0,32.0,Patiala,Punjab,30.200000000000003,76.4,30.1,76.3,2017-03-04 04:08:35.000
1,463717.0,4637.0,32.0,Patiala,Punjab,30.200000000000003,76.4,30.1,76.3,2017-01-19 03:13:46.999
1,463717.0,4637.0,32.0,Patiala,Punjab,30.200000000000003,76.4,,,2017-04-09 05:02:06.848
1,463717.0,4637.0,32.0,Patiala,Punjab,30.200000000000003,76.4,30.1,76.3,2017-03-20 01:40:38.999
1,463717.0,4637.0,32.0,Patiala,Punjab,30.200000000000003,76.4,,,2017-04-09 05:02:06.848
1,463717.0,4637.0,32.0,Patiala,Punjab,30.200000000000003,76.4,30.1,76.3,2017-01-21 03:15:26.000
1,463717.0,4637.0,32.0,Patiala,Punjab,30.200000000000003,76.4,30.1,76.3,2017-02-25 00:46:46.000
1,463717.0,4637.0,32.0,Patiala,Punjab,30.200000000000003,76.4,,,2017-04-09 05:02:06.848
1,463717.0,4637.0,32.0,Patiala,Punjab,30.200000000000003,76.4,30.1,76.3,2017-02-08 02:07:42.999
1,463717.0,4637.0,32.0,Patiala,Punjab,30.200000000000003,76.4,,,2017-04-09 05:02:06.848
1,463717.0,4637.0,32.0,Patiala,Punjab,30.200000000000003,76.4,30.1,76.3,2017-02-09 23:44:52.999
1,463717.0,4637.0,32.0,Patiala,Punjab,30.200000000000003,76.4,30.1,76.3,2017-02-04 01:34:06.000
1,463717.0,4637.0,32.0,Patiala,Punjab,30.200000000000003,76.4,30.1,76.3,2017-02-06 01:31:48.000
1,463717.0,4637.0,32.0,Patiala,Punjab,30.200000000000003,76.4,30.1,76.3,2017-02-19 23:08:39.999
1,463717.0,4637.0,32.0,Patiala,Punjab,30.200000000000003,76.4,30.1,76.3,2017-03-02 00:25:57.000
1,463717.0,4637.0,32.0,Patiala,Punjab,30.200000000000003,76.4,30.1,76.3,2017-02-18 00:43:37.999
1,463717.0,4637.0,32.0,Patiala,Punjab,30.200000000000003,76.4,30.1,76.3,2017-02-15 03:56:08.000
1,463727.0,4637.0,32.0,Patiala,Punjab,30.200000000000003,76.4,30.1,76.3,2017-02-12 23:01:39.000
1,463727.0,4637.0,32.0,Patiala,Punjab,30.200000000000003,76.4,30.1,76.3,2017-02-14 23:47:25.999
1,463727.0,4637.0,32.0,Patiala,Punjab,30.200000000000003,76.4,30.1,76.3,2017-01-24 01:44:24.999
1,463727.0,4637.0,32.0,Patiala,Punjab,30.200000000000003,76.4,30.1,76.3,2017-01-15 02:24:58.999
1,463727.0,4637.0,32.0,Patiala,Punjab,30.200000000000003,76.4,30.1,76.3,2017-02-24 23:43:52.000
1,463727.0,4637.0,32.0,Patiala,Punjab,30.200000000000003,76.4,30.1,76.3,2017-02-07 23:10:43.000
1,463730.0,4637.0,32.0,Patiala,Punjab,30.200000000000003,76.4,30.1,76.3,2017-01-15 22:25:01.000
1,463730.0,4637.0,32.0,Patiala,Punjab,30.200000000000003,76.4,30.1,76.3,2017-02-17 00:01:38.000
1,463730.0,4637.0,32.0,Patiala,Punjab,30.200000000000003,76.4,30.1,76.3,2017-01-19 22:19:25.000
1,463730.0,4637.0,32.0,Patiala,Punjab,30.200000000000003,76.4,30.1,76.3,2017-01-26 22:14:32.000
1,463730.0,4637.0,32.0,Patiala,Punjab,30.200000000000003,76.4,30.1,76.3,2017-02-14 23:05:00.000
1,463730.0,4637.0,32.0,Patiala,Punjab,30.200000000000003,76.4,30.1,76.3,2017-03-09 21:57:41.000
1,463730.0,4637.0,32.0,Patiala,Punjab,30.200000000000003,76.4,30.1,76.3,2016-12-23 01:23:00.000
1,463730.0,4637.0,32.0,Patiala,Punjab,30.200000000000003,76.4,30.1,76.3,2017-02-19 22:41:59.000
1,463730.0,4637.0,32.0,Patiala,Punjab,30.200000000000003,76.4,30.1,76.3,2017-03-14 23:29:19.000
1,463730.0,4637.0,32.0,Patiala,Punjab,30.200000000000003,76.4,30.1,76.3,2017-02-08 22:52:34.000
1,463730.0,4637.0,32.0,Patiala,Punjab,30.200000000000003,76.4,30.1,76.3,2017-03-05 23:25:46.000
1,463730.0,4637.0,32.0,Patiala,Punjab,30.200000000000003,76.4,30.1,76.3,2017-01-25 00:06:58.000
1,463730.0,4637.0,32.0,Patiala,Punjab,30.200000000000003,76.4,30.1,76.3,2017-04-08 21:46:16.999
1,463730.0,4637.0,32.0,Patiala,Punjab,30.200000000000003,76.4,30.1,76.3,2017-01-09 03:02:02.999
1,463730.0,4637.0,32.0,Patiala,Punjab,30.200000000000003,76.4,30.1,76.3,2017-01-06 00:06:54.000
1,463730.0,4637.0,32.0,Patiala,Punjab,30.200000000000003,76.4,30.1,76.3,2017-03-21 22:53:25.000
1,463730.0,4637.0,32.0,Patiala,Punjab,30.200000000000003,76.4,30.1,76.3,2017-01-12 23:32:43.000
1,463730.0,4637.0,32.0,Patiala,Punjab,30.200000000000003,76.4,30.1,76.3,2016-12-20 23:23:00.000
1,463730.0,4637.0,32.0,Patiala,Punjab,30.200000000000003,76.4,30.1,76.3,2017-03-12 23:30:42.000
1,463730.0,4637.0,32.0,Patiala,Punjab,30.200000000000003,76.4,30.1,76.3,2016-12-13 04:28:59.999
1,463730.0,4637.0,32.0,Patiala,Punjab,30.200000000000003,76.4,30.1,76.3,2017-02-07 00:00:17.999
1,463730.0,4637.0,32.0,Patiala,Punjab,30.200000000000003,76.4,30.1,76.3,2016-12-25 22:21:59.999
1,463730.0,4637.0,32.0,Patiala,Punjab,30.200000000000003,76.4,,,2017-04-09 05:04:17.920
1,463730.0,4637.0,32.0,Patiala,Punjab,30.200000000000003,76.4,,,2017-04-09 05:04:17.920
1,463730.0,4637.0,32.0,Patiala,Punjab,30.200000000000003,76.4,30.1,76.3,2017-03-19 22:52:44.000
1,463730.0,4637.0,32.0,Patiala,Punjab,30.200000000000003,76.4,30.1,76.3,2016-12-17 03:33:00.000
1,463730.0,4637.0,32.0,Patiala,Punjab,30.200000000000003,76.4,30.1,76.3,2016-12-27 23:26:59.999
1,463730.0,4637.0,32.0,Patiala,Punjab,30.200000000000003,76.4,30.1,76.3,2017-02-23 23:01:48.000
1,463730.0,4637.0,32.0,Patiala,Punjab,30.200000000000003,76.4,30.1,76.3,2017-04-06 21:59:27.999
1,463730.0,4637.0,32.0,Patiala,Punjab,30.200000000000003,76.4,30.1,76.3,2017-01-23 02:29:56.999
1,463730.0,4637.0,32.0,Patiala,Punjab,30.200000000000003,76.4,30.1,76.3,2017-02-26 22:48:34.000
1,463730.0,4637.0,32.0,Patiala,Punjab,30.200000000000003,76.4,30.1,76.3,2016-12-15 04:44:00.000
1,463730.0,4637.0,32.0,Patiala,Punjab,30.200000000000003,76.4,30.1,76.3,2017-01-17 23:19:16.999
1,463730.0,4637.0,32.0,Patiala,Punjab,30.200000000000003,76.4,30.1,76.3,2016-12-19 02:41:00.000
1,463730.0,4637.0,32.0,Patiala,Punjab,30.200000000000003,76.4,30.1,76.3,2017-02-01 01:07:07.000
1,463730.0,4637.0,32.0,Patiala,Punjab,30.200000000000003,76.4,30.1,76.3,2017-04-03 01:29:36.000
1,463730.0,4637.0,32.0,Patiala,Punjab,30.200000000000003,76.4,30.1,76.3,2017-01-04 01:00:02.999
1,463730.0,4637.0,32.0,Patiala,Punjab,30.200000000000003,76.4,,,2017-04-09 05:04:17.920
1,463730.0,4637.0,32.0,Patiala,Punjab,30.200000000000003,76.4,30.1,76.3,2017-02-02 23:28:08.000
1,463730.0,4637.0,32.0,Patiala,Punjab,30.200000000000003,76.4,30.1,76.3,2017-04-04 22:10:44.000
1,463730.0,4637.0,32.0,Patiala,Punjab,30.200000000000003,76.4,30.1,76.3,2017-03-26 23:01:58.999
1,463730.0,4637.0,32.0,Patiala,Punjab,30.200000000000003,76.4,30.1,76.3,2017-02-22 00:21:13.999
1,463730.0,4637.0,32.0,Patiala,Punjab,30.200000000000003,76.4,30.1,76.3,2017-02-10 23:07:07.000
1,463730.0,4637.0,32.0,Patiala,Punjab,30.200000000000003,76.4,30.1,76.3,2017-04-09 22:26:04.999
1,463730.0,4637.0,32.0,Patiala,Punjab,30.200000000000003,76.4,30.1,76.3,2017-04-11 21:51:43.000
1,463730.0,4637.0,32.0,Patiala,Punjab,30.200000000000003,76.4,30.1,76.3,2017-01-11 01:44:11.000
1,463730.0,4637.0,32.0,Patiala,Punjab,30.200000000000003,76.4,,,2017-04-09 05:04:17.920
1,463730.0,4637.0,32.0,Patiala,Punjab,30.200000000000003,76.4,30.1,76.3,2017-03-23 23:12:33.000
1,463730.0,4637.0,32.0,Patiala,Punjab,30.200000000000003,76.4,30.1,76.3,2017-01-29 23:02:24.000
1,470604.0,4706.0,24.0,Patiala,Punjab,30.400000000000002,76.3,30.400000000000002,76.3,2016-11-24 01:15:00.000
1,470604.0,4706.0,24.0,Patiala,Punjab,30.400000000000002,76.3,30.400000000000002,76.3,2016-12-10 23:06:59.999
1,470604.0,4706.0,24.0,Patiala,Punjab,30.400000000000002,76.3,30.400000000000002,76.3,2017-03-03 23:28:11.000
1,470604.0,4706.0,24.0,Patiala,Punjab,30.400000000000002,76.3,30.400000000000002,76.3,2017-03-27 03:15:31.999
1,470604.0,4706.0,24.0,Patiala,Punjab,30.400000000000002,76.3,30.400000000000002,76.3,2017-03-01 02:31:54.000
1,470604.0,4706.0,24.0,Patiala,Punjab,30.400000000000002,76.3,30.400000000000002,76.3,2016-11-13 23:03:00.000
1,470604.0,4706.0,24.0,Patiala,Punjab,30.400000000000002,76.3,30.400000000000002,76.3,2017-04-11 00:13:41.000
1,470604.0,4706.0,24.0,Patiala,Punjab,30.400000000000002,76.3,30.400000000000002,76.3,2017-02-15 22:36:41.000
1,470604.0,4706.0,24.0,Patiala,Punjab,30.400000000000002,76.3,30.400000000000002,76.3,2016-11-25 23:18:00.000
1,470604.0,4706.0,24.0,Patiala,Punjab,30.400000000000002,76.3,30.400000000000002,76.3,2016-11-22 02:16:00.000
1,470604.0,4706.0,24.0,Patiala,Punjab,30.400000000000002,76.3,30.400000000000002,76.3,2016-12-08 23:58:00.000
1,470604.0,4706.0,24.0,Patiala,Punjab,30.400000000000002,76.3,30.400000000000002,76.3,2016-12-08 00:59:00.000
1,470604.0,4706.0,24.0,Patiala,Punjab,30.400000000000002,76.3,30.400000000000002,76.3,2017-03-06 04:14:05.000
1,470604.0,4706.0,24.0,Patiala,Punjab,30.400000000000002,76.3,30.400000000000002,76.3,2017-04-03 05:10:47.000
1,470604.0,4706.0,24.0,Patiala,Punjab,30.400000000000002,76.3,30.400000000000002,76.3,2017-01-12 23:41:17.999
1,470604.0,4706.0,24.0,Patiala,Punjab,30.400000000000002,76.3,30.400000000000002,76.3,2016-11-10 00:11:59.999
1,470604.0,4706.0,24.0,Patiala,Punjab,30.400000000000002,76.3,30.400000000000002,76.3,2017-01-19 22:38:42.000
1,470604.0,4706.0,24.0,Patiala,Punjab,30.400000000000002,76.3,30.400000000000002,76.3,2017-03-24 04:00:29.000
1,470604.0,4706.0,24.0,Patiala,Punjab,30.400000000000002,76.3,30.400000000000002,76.3,2017-01-06 23:16:58.000
1,470604.0,4706.0,24.0,Patiala,Punjab,30.400000000000002,76.3,30.400000000000002,76.3,2017-01-04 22:56:09.999
1,470604.0,4706.0,24.0,Patiala,Punjab,30.400000000000002,76.3,30.400000000000002,76.3,2016-11-16 01:12:00.000
1,470604.0,4706.0,24.0,Patiala,Punjab,30.400000000000002,76.3,30.400000000000002,76.3,2016-11-07 23:16:59.999
1,470604.0,4706.0,24.0,Patiala,Punjab,30.400000000000002,76.3,30.400000000000002,76.3,2017-03-03 00:23:03.999
1,470604.0,4706.0,24.0,Patiala,Punjab,30.400000000000002,76.3,30.400000000000002,76.3,2016-11-17 23:29:59.999
1,470604.0,4706.0,24.0,Patiala,Punjab,30.400000000000002,76.3,30.400000000000002,76.3,2017-04-07 23:21:27.000
1,470604.0,4706.0,24.0,Patiala,Punjab,30.400000000000002,76.3,30.400000000000002,76.3,2017-01-28 04:58:18.000
1,470604.0,4706.0,24.0,Patiala,Punjab,30.400000000000002,76.3,30.400000000000002,76.3,2016-12-14 22:38:00.000
1,470604.0,4706.0,24.0,Patiala,Punjab,30.400000000000002,76.3,30.400000000000002,76.3,2017-04-03 23:27:54.000
1,470604.0,4706.0,24.0,Patiala,Punjab,30.400000000000002,76.3,30.400000000000002,76.3,2017-02-25 23:47:30.000
1,470604.0,4706.0,24.0,Patiala,Punjab,30.400000000000002,76.3,30.400000000000002,76.3,2017-02-13 23:51:51.999
1,470604.0,4706.0,24.0,Patiala,Punjab,30.400000000000002,76.3,30.400000000000002,76.3,2017-02-20 22:51:40.999
1,470604.0,4706.0,24.0,Patiala,Punjab,30.400000000000002,76.3,30.400000000000002,76.3,2016-12-17 22:56:00.000
1,470604.0,4706.0,24.0,Patiala,Punjab,30.400000000000002,76.3,30.400000000000002,76.3,2017-04-01 01:26:42.999
1,470604.0,4706.0,24.0,Patiala,Punjab,30.400000000000002,76.3,30.400000000000002,76.3,2017-04-03 05:09:03.999
1,470604.0,4706.0,24.0,Patiala,Punjab,30.400000000000002,76.3,30.400000000000002,76.3,2016-12-06 01:02:59.999
1,470604.0,4706.0,24.0,Patiala,Punjab,30.400000000000002,76.3,30.400000000000002,76.3,2017-04-05 02:18:09.000
1,470604.0,4706.0,24.0,Patiala,Punjab,30.400000000000002,76.3,30.400000000000002,76.3,2017-01-11 01:35:40.000
1,470604.0,4706.0,24.0,Patiala,Punjab,30.400000000000002,76.3,30.400000000000002,76.3,2017-02-02 02:43:53.999
1,470604.0,4706.0,24.0,Patiala,Punjab,30.400000000000002,76.3,30.400000000000002,76.3,2017-04-12 23:47:40.000
1,470604.0,4706.0,24.0,Patiala,Punjab,30.400000000000002,76.3,30.400000000000002,76.3,2016-12-19 23:58:00.000
1,470604.0,4706.0,24.0,Patiala,Punjab,30.400000000000002,76.3,30.400000000000002,76.3,2017-02-28 04:50:57.000
1,470604.0,4706.0,24.0,Patiala,Punjab,30.400000000000002,76.3,30.400000000000002,76.3,2017-02-03 00:37:55.000
1,470604.0,4706.0,24.0,Patiala,Punjab,30.400000000000002,76.3,30.400000000000002,76.3,2017-03-20 00:16:51.000
1,470604.0,4706.0,24.0,Patiala,Punjab,30.400000000000002,76.3,30.400000000000002,76.3,2016-12-22 01:57:00.000
1,470604.0,4706.0,24.0,Patiala,Punjab,30.400000000000002,76.3,30.400000000000002,76.3,2017-01-14 23:21:54.000
1,470604.0,4706.0,24.0,Patiala,Punjab,30.400000000000002,76.3,30.400000000000002,76.3,2017-03-07 23:43:49.000
1,470604.0,4706.0,24.0,Patiala,Punjab,30.400000000000002,76.3,30.400000000000002,76.3,2017-03-13 01:17:30.000
1,470604.0,4706.0,24.0,Patiala,Punjab,30.400000000000002,76.3,30.400000000000002,76.3,2017-03-18 03:20:46.999
1,470604.0,4706.0,24.0,Patiala,Punjab,30.400000000000002,76.3,30.400000000000002,76.3,2017-04-07 23:25:17.000
1,470604.0,4706.0,24.0,Patiala,Punjab,30.400000000000002,76.3,30.400000000000002,76.3,2017-02-06 02:51:45.000
1,470604.0,4706.0,24.0,Patiala,Punjab,30.400000000000002,76.3,30.400000000000002,76.3,2016-12-12 23:47:00.000
1,470604.0,4706.0,24.0,Patiala,Punjab,30.400000000000002,76.3,30.400000000000002,76.3,2017-03-15 23:45:43.999
1,470604.0,4706.0,24.0,Patiala,Punjab,30.400000000000002,76.3,30.400000000000002,76.3,2016-11-20 01:37:00.000
1,470604.0,4706.0,24.0,Patiala,Punjab,30.400000000000002,76.3,30.400000000000002,76.3,2017-02-07 02:53:50.000
1,470604.0,4706.0,24.0,Patiala,Punjab,30.400000000000002,76.3,30.400000000000002,76.3,2017-03-18 03:40:10.999
1,470604.0,4706.0,24.0,Patiala,Punjab,30.400000000000002,76.3,,,2017-04-08 00:27:15.328
1,470604.0,4706.0,24.0,Patiala,Punjab,30.400000000000002,76.3,,,2017-04-08 00:27:15.328
1,470604.0,4706.0,24.0,Patiala,Punjab,30.400000000000002,76.3,30.400000000000002,76.3,2017-01-23 23:18:32.000
1,470606.0,4706.0,24.0,Patiala,Punjab,30.400000000000002,76.3,30.400000000000002,76.3,2017-04-07 22:24:56.000
1,470606.0,4706.0,24.0,Patiala,Punjab,30.400000000000002,76.3,30.400000000000002,76.3,2016-12-08 22:33:00.000
1,470606.0,4706.0,24.0,Patiala,Punjab,30.400000000000002,76.3,30.400000000000002,76.3,2016-12-08 22:36:00.000
1,470606.0,4706.0,24.0,Patiala,Punjab,30.400000000000002,76.3,30.400000000000002,76.3,2017-04-07 22:30:05.000
1,470606.0,4706.0,24.0,Patiala,Punjab,30.400000000000002,76.3,30.400000000000002,76.3,2016-11-30 23:02:00.000
1,470606.0,4706.0,24.0,Patiala,Punjab,30.400000000000002,76.3,,,2017-04-07 23:34:49.600
1,470606.0,4706.0,24.0,Patiala,Punjab,30.400000000000002,76.3,30.400000000000002,76.3,2016-11-26 01:40:00.000
1,470606.0,4706.0,24.0,Patiala,Punjab,30.400000000000002,76.3,30.400000000000002,76.3,2016-12-07 00:03:00.000
1,470606.0,4706.0,24.0,Patiala,Punjab,30.400000000000002,76.3,30.400000000000002,76.3,2017-01-01 22:36:17.999
1,470606.0,4706.0,24.0,Patiala,Punjab,30.400000000000002,76.3,30.400000000000002,76.3,2016-12-18 22:33:00.000
1,470606.0,4706.0,24.0,Patiala,Punjab,30.400000000000002,76.3,,,2017-04-07 23:34:49.600
1,470606.0,4706.0,24.0,Patiala,Punjab,30.400000000000002,76.3,30.400000000000002,76.3,2016-12-20 22:33:00.000
1,470609.0,4706.0,24.0,Patiala,Punjab,30.400000000000002,76.3,30.400000000000002,76.3,2017-02-05 01:24:35.999
1,470609.0,4706.0,24.0,Patiala,Punjab,30.400000000000002,76.3,30.400000000000002,76.3,2016-12-02 03:48:00.000
1,470609.0,4706.0,24.0,Patiala,Punjab,30.400000000000002,76.3,30.400000000000002,76.3,2016-12-30 02:13:00.000
1,470609.0,4706.0,24.0,Patiala,Punjab,30.400000000000002,76.3,30.400000000000002,76.3,2017-02-06 02:52:15.000
1,470609.0,4706.0,24.0,Patiala,Punjab,30.400000000000002,76.3,30.400000000000002,76.3,2017-04-06 02:17:23.999
1,470609.0,4706.0,24.0,Patiala,Punjab,30.400000000000002,76.3,30.400000000000002,76.3,2017-01-07 00:52:43.000
1,470609.0,4706.0,24.0,Patiala,Punjab,30.400000000000002,76.3,30.400000000000002,76.3,2017-01-18 03:09:27.000
1,470609.0,4706.0,24.0,Patiala,Punjab,30.400000000000002,76.3,30.400000000000002,76.3,2016-11-20 21:27:00.000
1,470609.0,4706.0,24.0,Patiala,Punjab,30.400000000000002,76.3,30.400000000000002,76.3,2017-01-09 23:59:06.000
1,470609.0,4706.0,24.0,Patiala,Punjab,30.400000000000002,76.3,30.400000000000002,76.3,2017-01-09 02:17:23.999
1,470609.0,4706.0,24.0,Patiala,Punjab,30.400000000000002,76.3,30.400000000000002,76.3,2016-11-09 23:29:59.999
1,470609.0,4706.0,24.0,Patiala,Punjab,30.400000000000002,76.3,30.400000000000002,76.3,2017-01-25 04:29:12.999
1,470609.0,4706.0,24.0,Patiala,Punjab,30.400000000000002,76.3,30.400000000000002,76.3,2017-04-07 23:17:02.000
1,470609.0,4706.0,24.0,Patiala,Punjab,30.400000000000002,76.3,30.400000000000002,76.3,2016-12-18 03:39:00.000
1,470609.0,4706.0,24.0,Patiala,Punjab,30.400000000000002,76.3,,,2017-04-08 00:22:53.184
1,470609.0,4706.0,24.0,Patiala,Punjab,30.400000000000002,76.3,30.400000000000002,76.3,2016-11-05 00:23:00.000
1,470609.0,4706.0,24.0,Patiala,Punjab,30.400000000000002,76.3,30.400000000000002,76.3,2016-12-26 00:24:59.999
1,470609.0,4706.0,24.0,Patiala,Punjab,30.400000000000002,76.3,30.400000000000002,76.3,2016-11-22 22:53:00.000
1,470609.0,4706.0,24.0,Patiala,Punjab,30.400000000000002,76.3,30.400000000000002,76.3,2017-01-01 00:50:36.000
1,470609.0,4706.0,24.0,Patiala,Punjab,30.400000000000002,76.3,,,2017-04-08 00:22:53.184
1,470609.0,4706.0,24.0,Patiala,Punjab,30.400000000000002,76.3,30.400000000000002,76.3,2017-04-04 05:24:09.000
1,470609.0,4706.0,24.0,Patiala,Punjab,30.400000000000002,76.3,30.400000000000002,76.3,2017-01-03 00:34:10.000
1,470609.0,4706.0,24.0,Patiala,Punjab,30.400000000000002,76.3,30.400000000000002,76.3,2017-02-23 00:38:07.999
1,470609.0,4706.0,24.0,Patiala,Punjab,30.400000000000002,76.3,30.400000000000002,76.3,2016-11-30 01:34:59.999
1,470609.0,4706.0,24.0,Patiala,Punjab,30.400000000000002,76.3,30.400000000000002,76.3,2016-12-27 23:44:00.000
1,470609.0,4706.0,24.0,Patiala,Punjab,30.400000000000002,76.3,30.400000000000002,76.3,2017-01-13 01:25:05.000
1,470609.0,4706.0,24.0,Patiala,Punjab,30.400000000000002,76.3,30.400000000000002,76.3,2017-01-30 02:20:31.000
1,470609.0,4706.0,24.0,Patiala,Punjab,30.400000000000002,76.3,30.400000000000002,76.3,2017-01-15 22:24:30.999
1,470609.0,4706.0,24.0,Patiala,Punjab,30.400000000000002,76.3,30.400000000000002,76.3,2017-02-19 23:26:19.000
1,470609.0,4706.0,24.0,Patiala,Punjab,30.400000000000002,76.3,30.400000000000002,76.3,2017-02-16 03:00:51.000
1,470609.0,4706.0,24.0,Patiala,Punjab,30.400000000000002,76.3,30.400000000000002,76.3,2017-02-08 03:01:39.000
1,470609.0,4706.0,24.0,Patiala,Punjab,30.400000000000002,76.3,30.400000000000002,76.3,2017-04-10 20:31:28.000
1,470609.0,4706.0,24.0,Patiala,Punjab,30.400000000000002,76.3,30.400000000000002,76.3,2017-03-04 02:19:24.000
1,470609.0,4706.0,24.0,Patiala,Punjab,30.400000000000002,76.3,30.400000000000002,76.3,2017-04-02 04:24:03.000
1,470609.0,4706.0,24.0,Patiala,Punjab,30.400000000000002,76.3,30.400000000000002,76.3,2017-02-25 00:26:14.000
1,470609.0,4706.0,24.0,Patiala,Punjab,30.400000000000002,76.3,30.400000000000002,76.3,2017-01-29 01:43:16.000
1,470609.0,4706.0,24.0,Patiala,Punjab,30.400000000000002,76.3,30.400000000000002,76.3,2017-01-20 02:50:28.999
1,470609.0,4706.0,24.0,Patiala,Punjab,30.400000000000002,76.3,30.400000000000002,76.3,2017-03-03 04:17:51.000
1,470609.0,4706.0,24.0,Patiala,Punjab,30.400000000000002,76.3,30.400000000000002,76.3,2017-02-27 01:23:03.000
1,470609.0,4706.0,24.0,Patiala,Punjab,30.400000000000002,76.3,30.400000000000002,76.3,2017-01-26 23:04:13.000
1,470609.0,4706.0,24.0,Patiala,Punjab,30.400000000000002,76.3,30.400000000000002,76.3,2017-03-10 01:09:48.000
1,470609.0,4706.0,24.0,Patiala,Punjab,30.400000000000002,76.3,30.400000000000002,76.3,2016-11-07 01:14:00.000
1,470609.0,4706.0,24.0,Patiala,Punjab,30.400000000000002,76.3,30.400000000000002,76.3,2017-04-07 23:14:02.999
1,470609.0,4706.0,24.0,Patiala,Punjab,30.400000000000002,76.3,30.400000000000002,76.3,2017-03-26 01:21:45.000
1,470609.0,4706.0,24.0,Patiala,Punjab,30.400000000000002,76.3,30.400000000000002,76.3,2016-12-05 01:21:59.999
1,470609.0,4706.0,24.0,Patiala,Punjab,30.400000000000002,76.3,30.400000000000002,76.3,2016-11-18 00:24:59.999
1,470609.0,4706.0,24.0,Patiala,Punjab,30.400000000000002,76.3,30.400000000000002,76.3,2017-01-04 23:47:09.999
1,470609.0,4706.0,24.0,Patiala,Punjab,30.400000000000002,76.3,30.400000000000002,76.3,2017-02-27 23:15:35.000
1,470609.0,4706.0,24.0,Patiala,Punjab,30.400000000000002,76.3,30.400000000000002,76.3,2017-03-22 22:54:48.999
1,470609.0,4706.0,24.0,Patiala,Punjab,30.400000000000002,76.3,30.400000000000002,76.3,2017-03-05 23:24:42.000
1,470609.0,4706.0,24.0,Patiala,Punjab,30.400000000000002,76.3,30.400000000000002,76.3,2017-03-15 22:29:25.000
1,470609.0,4706.0,24.0,Patiala,Punjab,30.400000000000002,76.3,30.400000000000002,76.3,2017-03-20 00:18:23.999
1,470609.0,4706.0,24.0,Patiala,Punjab,30.400000000000002,76.3,30.400000000000002,76.3,2017-01-11 03:56:37.999
1,470609.0,4706.0,24.0,Patiala,Punjab,30.400000000000002,76.3,30.400000000000002,76.3,2017-02-17 03:17:19.000
1,470609.0,4706.0,24.0,Patiala,Punjab,30.400000000000002,76.3,30.400000000000002,76.3,2016-12-14 01:46:00.000
1,470609.0,4706.0,24.0,Patiala,Punjab,30.400000000000002,76.3,30.400000000000002,76.3,2017-03-19 06:09:50.000
1,470609.0,4706.0,24.0,Patiala,Punjab,30.400000000000002,76.3,30.400000000000002,76.3,2017-02-09 23:13:51.999
1,470609.0,4706.0,24.0,Patiala,Punjab,30.400000000000002,76.3,30.400000000000002,76.3,2016-12-12 02:13:59.999
1,470609.0,4706.0,24.0,Patiala,Punjab,30.400000000000002,76.3,30.400000000000002,76.3,2016-11-24 04:54:59.999
1,470609.0,4706.0,24.0,Patiala,Punjab,30.400000000000002,76.3,30.400000000000002,76.3,2016-12-25 00:56:59.999
1,470609.0,4706.0,24.0,Patiala,Punjab,30.400000000000002,76.3,30.400000000000002,76.3,2017-03-15 06:02:34.000
1,470609.0,4706.0,24.0,Patiala,Punjab,30.400000000000002,76.3,30.400000000000002,76.3,2017-02-04 01:32:07.000
1,470609.0,4706.0,24.0,Patiala,Punjab,30.400000000000002,76.3,30.400000000000002,76.3,2017-02-13 00:39:33.999
1,470609.0,4706.0,24.0,Patiala,Punjab,30.400000000000002,76.3,30.400000000000002,76.3,2017-02-11 23:49:04.000
1,470609.0,4706.0,24.0,Patiala,Punjab,30.400000000000002,76.3,30.400000000000002,76.3,2017-03-11 00:39:38.999
1,470613.0,4706.0,24.0,Patiala,Punjab,30.400000000000002,76.3,30.400000000000002,76.3,2016-12-12 02:22:00.000
1,470613.0,4706.0,24.0,Patiala,Punjab,30.400000000000002,76.3,30.400000000000002,76.3,2017-01-03 01:02:51.999
1,470613.0,4706.0,24.0,Patiala,Punjab,30.400000000000002,76.3,30.400000000000002,76.3,2016-12-25 01:18:59.999
1,470613.0,4706.0,24.0,Patiala,Punjab,30.400000000000002,76.3,30.400000000000002,76.3,2017-01-12 01:55:58.000
1,470613.0,4706.0,24.0,Patiala,Punjab,30.400000000000002,76.3,30.400000000000002,76.3,2017-01-22 01:04:06.999
1,470613.0,4706.0,24.0,Patiala,Punjab,30.400000000000002,76.3,30.400000000000002,76.3,2016-12-13 02:05:00.000
1,470613.0,4706.0,24.0,Patiala,Punjab,30.400000000000002,76.3,30.400000000000002,76.3,2017-01-06 01:05:14.000
1,470613.0,4706.0,24.0,Patiala,Punjab,30.400000000000002,76.3,30.400000000000002,76.3,2017-01-09 02:17:21.999
1,470613.0,4706.0,24.0,Patiala,Punjab,30.400000000000002,76.3,30.400000000000002,76.3,2017-03-01 01:34:34.000
1,470613.0,4706.0,24.0,Patiala,Punjab,30.400000000000002,76.3,,,2017-04-07 23:56:40.320
1,470613.0,4706.0,24.0,Patiala,Punjab,30.400000000000002,76.3,30.400000000000002,76.3,2017-01-16 23:07:23.000
1,470613.0,4706.0,24.0,Patiala,Punjab,30.400000000000002,76.3,30.400000000000002,76.3,2017-02-07 23:43:07.999
1,470613.0,4706.0,24.0,Patiala,Punjab,30.400000000000002,76.3,30.400000000000002,76.3,2017-01-29 01:43:08.000
1,470613.0,4706.0,24.0,Patiala,Punjab,30.400000000000002,76.3,30.400000000000002,76.3,2017-02-03 01:07:57.000
1,470613.0,4706.0,24.0,Patiala,Punjab,30.400000000000002,76.3,,,2017-04-07 23:56:40.320
1,470613.0,4706.0,24.0,Patiala,Punjab,30.400000000000002,76.3,,,2017-04-07 23:56:40.320
1,470613.0,4706.0,24.0,Patiala,Punjab,30.400000000000002,76.3,30.400000000000002,76.3,2017-01-14 22:40:52.000
1,470613.0,4706.0,24.0,Patiala,Punjab,30.400000000000002,76.3,,,2017-04-07 23:56:40.320
1,470613.0,4706.0,24.0,Patiala,Punjab,30.400000000000002,76.3,30.400000000000002,76.3,2017-02-18 02:05:23.000
1,470613.0,4706.0,24.0,Patiala,Punjab,30.400000000000002,76.3,30.400000000000002,76.3,2017-03-08 01:26:15.999
1,470613.0,4706.0,24.0,Patiala,Punjab,30.400000000000002,76.3,30.400000000000002,76.3,2016-12-24 01:17:00.000
1,470613.0,4706.0,24.0,Patiala,Punjab,30.400000000000002,76.3,30.400000000000002,76.3,2017-03-11 01:25:37.999
1,470613.0,4706.0,24.0,Patiala,Punjab,30.400000000000002,76.3,30.400000000000002,76.3,2016-12-18 00:27:00.000
1,470620.0,4706.0,24.0,Patiala,Punjab,30.400000000000002,76.3,30.400000000000002,76.3,2016-12-24 22:47:00.000
1,470620.0,4706.0,24.0,Patiala,Punjab,30.400000000000002,76.3,30.400000000000002,76.3,2016-12-24 02:10:59.999
1,470620.0,4706.0,24.0,Patiala,Punjab,30.400000000000002,76.3,30.400000000000002,76.3,2017-03-06 01:10:12.000
1,470620.0,4706.0,24.0,Patiala,Punjab,30.400000000000002,76.3,30.400000000000002,76.3,2017-01-04 00:48:55.000
1,470620.0,4706.0,24.0,Patiala,Punjab,30.400000000000002,76.3,30.400000000000002,76.3,2016-12-22 23:58:59.999
1,470620.0,4706.0,24.0,Patiala,Punjab,30.400000000000002,76.3,,,2017-04-07 23:45:44.960
1,470620.0,4706.0,24.0,Patiala,Punjab,30.400000000000002,76.3,30.400000000000002,76.3,2017-01-09 23:14:25.000
1,470620.0,4706.0,24.0,Patiala,Punjab,30.400000000000002,76.3,30.400000000000002,76.3,2017-02-05 00:02:50.999
1,470620.0,4706.0,24.0,Patiala,Punjab,30.400000000000002,76.3,30.400000000000002,76.3,2017-01-19 02:34:46.000
1,470620.0,4706.0,24.0,Patiala,Punjab,30.400000000000002,76.3,30.400000000000002,76.3,2016-12-27 00:43:59.999
1,470620.0,4706.0,24.0,Patiala,Punjab,30.400000000000002,76.3,30.400000000000002,76.3,2016-12-23 00:01:59.999
1,470620.0,4706.0,24.0,Patiala,Punjab,30.400000000000002,76.3,30.400000000000002,76.3,2017-01-23 00:05:58.000
1,470620.0,4706.0,24.0,Patiala,Punjab,30.400000000000002,76.3,30.400000000000002,76.3,2017-01-20 00:43:42.000
1,470620.0,4706.0,24.0,Patiala,Punjab,30.400000000000002,76.3,30.400000000000002,76.3,2017-03-02 00:17:38.999
1,470620.0,4706.0,24.0,Patiala,Punjab,30.400000000000002,76.3,,,2017-04-07 23:45:44.960
1,470620.0,4706.0,24.0,Patiala,Punjab,30.400000000000002,76.3,30.400000000000002,76.3,2017-02-24 00:10:40.000
1,470620.0,4706.0,24.0,Patiala,Punjab,30.400000000000002,76.3,30.400000000000002,76.3,2017-04-07 22:38:13.000
1,470620.0,4706.0,24.0,Patiala,Punjab,30.400000000000002,76.3,30.400000000000002,76.3,2017-02-09 01:50:19.999
1,470620.0,4706.0,24.0,Patiala,Punjab,30.400000000000002,76.3,30.400000000000002,76.3,2017-02-02 00:26:25.999
1,470620.0,4706.0,24.0,Patiala,Punjab,30.400000000000002,76.3,30.400000000000002,76.3,2017-02-21 02:03:38.999
1,470620.0,4706.0,24.0,Patiala,Punjab,30.400000000000002,76.3,30.400000000000002,76.3,2017-02-15 00:52:14.000
1,470620.0,4706.0,24.0,Patiala,Punjab,30.400000000000002,76.3,30.400000000000002,76.3,2017-01-07 23:36:26.000
1,470620.0,4706.0,24.0,Patiala,Punjab,30.400000000000002,76.3,30.400000000000002,76.3,2017-01-26 02:18:14.999
1,470620.0,4706.0,24.0,Patiala,Punjab,30.400000000000002,76.3,30.400000000000002,76.3,2017-04-07 22:33:46.000
1,470620.0,4706.0,24.0,Patiala,Punjab,30.400000000000002,76.3,30.400000000000002,76.3,2017-01-30 02:18:09.000
1,470620.0,4706.0,24.0,Patiala,Punjab,30.400000000000002,76.3,30.400000000000002,76.3,2016-12-30 22:15:00.000
1,470620.0,4706.0,24.0,Patiala,Punjab,30.400000000000002,76.3,30.400000000000002,76.3,2017-02-28 02:43:31.999
1,470620.0,4706.0,24.0,Patiala,Punjab,30.400000000000002,76.3,30.400000000000002,76.3,2016-12-27 00:42:00.000
1,470621.0,4706.0,24.0,Patiala,Punjab,30.400000000000002,76.3,,,2017-04-07 23:47:56.032
1,470621.0,4706.0,24.0,Patiala,Punjab,30.400000000000002,76.3,30.400000000000002,76.3,2017-01-22 00:15:31.999
1,470621.0,4706.0,24.0,Patiala,Punjab,30.400000000000002,76.3,,,2017-04-07 23:47:56.032
1,470621.0,4706.0,24.0,Patiala,Punjab,30.400000000000002,76.3,30.400000000000002,76.3,2017-01-29 00:40:39.000
1,470621.0,4706.0,24.0,Patiala,Punjab,30.400000000000002,76.3,,,2017-04-07 23:47:56.032
1,470621.0,4706.0,24.0,Patiala,Punjab,30.400000000000002,76.3,30.400000000000002,76.3,2017-01-22 00:13:14.999
1,470621.0,4706.0,24.0,Patiala,Punjab,30.400000000000002,76.3,,,2017-04-07 23:47:56.032
1,470622.0,4706.0,24.0,Patiala,Punjab,30.400000000000002,76.3,30.400000000000002,76.3,2016-12-07 02:22:00.000
1,470622.0,4706.0,24.0,Patiala,Punjab,30.400000000000002,76.3,30.400000000000002,76.3,2017-03-24 03:09:33.000
1,470622.0,4706.0,24.0,Patiala,Punjab,30.400000000000002,76.3,30.400000000000002,76.3,2017-01-23 00:09:20.999
1,470622.0,4706.0,24.0,Patiala,Punjab,30.400000000000002,76.3,30.400000000000002,76.3,2016-11-30 00:49:59.999
1,470622.0,4706.0,24.0,Patiala,Punjab,30.400000000000002,76.3,30.400000000000002,76.3,2016-11-20 23:55:00.000
1,470622.0,4706.0,24.0,Patiala,Punjab,30.400000000000002,76.3,30.400000000000002,76.3,2017-03-05 23:37:47.999
1,470622.0,4706.0,24.0,Patiala,Punjab,30.400000000000002,76.3,30.400000000000002,76.3,2017-01-27 01:30:09.999
1,470622.0,4706.0,24.0,Patiala,Punjab,30.400000000000002,76.3,30.400000000000002,76.3,2017-02-10 00:50:13.999
1,470622.0,4706.0,24.0,Patiala,Punjab,30.400000000000002,76.3,30.400000000000002,76.3,2017-01-30 00:54:03.000
1,470622.0,4706.0,24.0,Patiala,Punjab,30.400000000000002,76.3,30.400000000000002,76.3,2017-02-17 01:25:40.999
1,470622.0,4706.0,24.0,Patiala,Punjab,30.400000000000002,76.3,30.400000000000002,76.3,2017-03-27 01:05:30.999
1,470622.0,4706.0,24.0,Patiala,Punjab,30.400000000000002,76.3,30.400000000000002,76.3,2017-02-15 01:33:01.000
1,470622.0,4706.0,24.0,Patiala,Punjab,30.400000000000002,76.3,30.400000000000002,76.3,2017-03-31 00:53:10.000
1,470622.0,4706.0,24.0,Patiala,Punjab,30.400000000000002,76.3,30.400000000000002,76.3,2017-01-24 23:54:27.999
1,470622.0,4706.0,24.0,Patiala,Punjab,30.400000000000002,76.3,,,2017-04-08 00:11:57.824
1,470622.0,4706.0,24.0,Patiala,Punjab,30.400000000000002,76.3,30.400000000000002,76.3,2016-11-25 01:15:00.000
1,470622.0,4706.0,24.0,Patiala,Punjab,30.400000000000002,76.3,30.400000000000002,76.3,2016-11-21 00:00:00.000
1,470622.0,4706.0,24.0,Patiala,Punjab,30.400000000000002,76.3,30.400000000000002,76.3,2017-02-02 23:02:17.000
1,470622.0,4706.0,24.0,Patiala,Punjab,30.400000000000002,76.3,30.400000000000002,76.3,2017-03-29 00:54:11.000
1,470622.0,4706.0,24.0,Patiala,Punjab,30.400000000000002,76.3,30.400000000000002,76.3,2016-11-28 02:13:59.999
1,470622.0,4706.0,24.0,Patiala,Punjab,30.400000000000002,76.3,30.400000000000002,76.3,2017-02-13 00:32:33.999
1,470622.0,4706.0,24.0,Patiala,Punjab,30.400000000000002,76.3,30.400000000000002,76.3,2017-04-03 03:19:01.999
1,470622.0,4706.0,24.0,Patiala,Punjab,30.400000000000002,76.3,30.400000000000002,76.3,2017-04-07 03:24:02.999
1,470622.0,4706.0,24.0,Patiala,Punjab,30.400000000000002,76.3,30.400000000000002,76.3,2017-03-20 03:19:41.999
1,470622.0,4706.0,24.0,Patiala,Punjab,30.400000000000002,76.3,30.400000000000002,76.3,2017-04-07 23:04:26.999
1,470622.0,4706.0,24.0,Patiala,Punjab,30.400000000000002,76.3,30.400000000000002,76.3,2017-03-14 23:51:33.000
1,470622.0,4706.0,24.0,Patiala,Punjab,30.400000000000002,76.3,,,2017-04-08 00:11:57.824
1,470622.0,4706.0,24.0,Patiala,Punjab,30.400000000000002,76.3,30.400000000000002,76.3,2017-02-22 01:24:13.000
1,470622.0,4706.0,24.0,Patiala,Punjab,30.400000000000002,76.3,30.400000000000002,76.3,2017-03-22 03:01:48.999
1,470622.0,4706.0,24.0,Patiala,Punjab,30.400000000000002,76.3,30.400000000000002,76.3,2017-04-07 23:07:32.000
1,470622.0,4706.0,24.0,Patiala,Punjab,30.400000000000002,76.3,30.400000000000002,76.3,2017-03-17 00:38:36.000
1,470622.0,4706.0,24.0,Patiala,Punjab,30.400000000000002,76.3,30.400000000000002,76.3,2017-02-20 02:27:52.000
1,470622.0,4706.0,24.0,Patiala,Punjab,30.400000000000002,76.3,30.400000000000002,76.3,2017-02-27 01:01:38.000
1,470622.0,4706.0,24.0,Patiala,Punjab,30.400000000000002,76.3,30.400000000000002,76.3,2017-03-09 23:57:14.000
1,470622.0,4706.0,24.0,Patiala,Punjab,30.400000000000002,76.3,30.400000000000002,76.3,2017-02-23 22:37:22.000
1,470622.0,4706.0,24.0,Patiala,Punjab,30.400000000000002,76.3,30.400000000000002,76.3,2017-03-03 00:00:51.000
1,470622.0,4706.0,24.0,Patiala,Punjab,30.400000000000002,76.3,30.400000000000002,76.3,2017-03-13 00:22:23.000
1,470622.0,4706.0,24.0,Patiala,Punjab,30.400000000000002,76.3,30.400000000000002,76.3,2016-11-23 00:24:59.999
1,470624.0,4706.0,24.0,Patiala,Punjab,30.400000000000002,76.3,30.400000000000002,76.3,2016-11-23 00:55:00.000
1,470624.0,4706.0,24.0,Patiala,Punjab,30.400000000000002,76.3,30.400000000000002,76.3,2016-11-25 00:24:00.000
1,470624.0,4706.0,24.0,Patiala,Punjab,30.400000000000002,76.3,30.400000000000002,76.3,2017-04-07 23:10:29.000
1,470624.0,4706.0,24.0,Patiala,Punjab,30.400000000000002,76.3,30.400000000000002,76.3,2017-03-05 22:49:47.999
1,470624.0,4706.0,24.0,Patiala,Punjab,30.400000000000002,76.3,30.400000000000002,76.3,2017-04-07 23:14:31.999
1,470624.0,4706.0,24.0,Patiala,Punjab,30.400000000000002,76.3,,,2017-04-08 00:18:31.040
1,470624.0,4706.0,24.0,Patiala,Punjab,30.400000000000002,76.3,30.400000000000002,76.3,2016-11-23 00:53:59.999
1,470624.0,4706.0,24.0,Patiala,Punjab,30.400000000000002,76.3,,,2017-04-08 00:18:31.040
1,470627.0,4706.0,24.0,Patiala,Punjab,30.400000000000002,76.3,30.400000000000002,76.3,2016-11-27 22:11:00.000
1,470627.0,4706.0,24.0,Patiala,Punjab,30.400000000000002,76.3,30.400000000000002,76.3,2016-11-29 02:39:59.999
1,470627.0,4706.0,24.0,Patiala,Punjab,30.400000000000002,76.3,30.400000000000002,76.3,2016-12-11 04:50:59.999
1,470627.0,4706.0,24.0,Patiala,Punjab,30.400000000000002,76.3,30.400000000000002,76.3,2016-12-27 23:16:59.999
1,470627.0,4706.0,24.0,Patiala,Punjab,30.400000000000002,76.3,30.400000000000002,76.3,2016-12-17 23:18:00.000
1,470627.0,4706.0,24.0,Patiala,Punjab,30.400000000000002,76.3,30.400000000000002,76.3,2016-12-27 23:19:59.999
1,470627.0,4706.0,24.0,Patiala,Punjab,30.400000000000002,76.3,30.400000000000002,76.3,2016-12-30 00:04:00.000
1,470627.0,4706.0,24.0,Patiala,Punjab,30.400000000000002,76.3,30.400000000000002,76.3,2016-12-11 04:53:00.000
1,470632.0,4706.0,24.0,Patiala,Punjab,30.400000000000002,76.3,30.400000000000002,76.3,2016-11-28 23:45:59.999
1,470632.0,4706.0,24.0,Patiala,Punjab,30.400000000000002,76.3,30.400000000000002,76.3,2016-12-20 22:59:00.000
1,470632.0,4706.0,24.0,Patiala,Punjab,30.400000000000002,76.3,30.400000000000002,76.3,2016-12-06 01:14:00.000
1,470632.0,4706.0,24.0,Patiala,Punjab,30.400000000000002,76.3,,,2017-04-08 00:01:02.464
1,470632.0,4706.0,24.0,Patiala,Punjab,30.400000000000002,76.3,30.400000000000002,76.3,2016-11-30 23:10:59.999
1,470632.0,4706.0,24.0,Patiala,Punjab,30.400000000000002,76.3,30.400000000000002,76.3,2016-11-28 23:51:59.999
1,470632.0,4706.0,24.0,Patiala,Punjab,30.400000000000002,76.3,,,2017-04-08 00:01:02.464
1,470632.0,4706.0,24.0,Patiala,Punjab,30.400000000000002,76.3,30.400000000000002,76.3,2016-12-20 22:46:00.000
1,470632.0,4706.0,24.0,Patiala,Punjab,30.400000000000002,76.3,,,2017-04-08 00:01:02.464
1,470632.0,4706.0,24.0,Patiala,Punjab,30.400000000000002,76.3,30.400000000000002,76.3,2016-11-28 23:48:00.000
1,470632.0,4706.0,24.0,Patiala,Punjab,30.400000000000002,76.3,,,2017-04-08 00:01:02.464
1,470635.0,4706.0,24.0,Patiala,Punjab,30.400000000000002,76.3,30.400000000000002,76.3,2016-11-20 23:32:59.999
1,470635.0,4706.0,24.0,Patiala,Punjab,30.400000000000002,76.3,,,2017-04-07 23:23:54.240
1,470635.0,4706.0,24.0,Patiala,Punjab,30.400000000000002,76.3,30.400000000000002,76.3,2017-02-01 00:50:56.000
1,470635.0,4706.0,24.0,Patiala,Punjab,30.400000000000002,76.3,30.400000000000002,76.3,2016-11-20 23:37:00.000
1,470635.0,4706.0,24.0,Patiala,Punjab,30.400000000000002,76.3,30.400000000000002,76.3,2017-01-18 02:17:17.000
1,470635.0,4706.0,24.0,Patiala,Punjab,30.400000000000002,76.3,30.400000000000002,76.3,2017-04-07 22:23:17.000
1,470635.0,4706.0,24.0,Patiala,Punjab,30.400000000000002,76.3,30.400000000000002,76.3,2016-11-30 00:19:00.000
1,470635.0,4706.0,24.0,Patiala,Punjab,30.400000000000002,76.3,30.400000000000002,76.3,2016-11-24 23:42:00.000
1,470635.0,4706.0,24.0,Patiala,Punjab,30.400000000000002,76.3,30.400000000000002,76.3,2017-01-30 00:38:44.999
1,470635.0,4706.0,24.0,Patiala,Punjab,30.400000000000002,76.3,30.400000000000002,76.3,2017-01-15 22:58:09.000
1,470635.0,4706.0,24.0,Patiala,Punjab,30.400000000000002,76.3,30.400000000000002,76.3,2017-04-07 22:27:06.000
1,470635.0,4706.0,24.0,Patiala,Punjab,30.400000000000002,76.3,30.400000000000002,76.3,2016-12-07 01:37:00.000
1,470635.0,4706.0,24.0,Patiala,Punjab,30.400000000000002,76.3,,,2017-04-07 23:23:54.240
1,470635.0,4706.0,24.0,Patiala,Punjab,30.400000000000002,76.3,30.400000000000002,76.3,2017-03-31 00:41:50.999
1,508701.0,5087.0,2.0,Sirsa,Haryana,29.6,75.0,,,2017-04-09 07:37:12.960
1,508701.0,5087.0,2.0,Sirsa,Haryana,29.6,75.0,29.6,75.0,2017-01-06 02:33:15.000
1,508701.0,5087.0,2.0,Sirsa,Haryana,29.6,75.0,29.6,75.0,2017-01-13 04:59:01.000
1,508701.0,5087.0,2.0,Sirsa,Haryana,29.6,75.0,29.6,75.0,2017-01-07 04:09:44.000
1,508701.0,5087.0,2.0,Sirsa,Haryana,29.6,75.0,,,2017-04-09 07:37:12.960
1,508701.0,5087.0,2.0,Sirsa,Haryana,29.6,75.0,29.6,75.0,2017-01-06 02:32:21.000
1,508701.0,5087.0,2.0,Sirsa,Haryana,29.6,75.0,29.6,75.0,2017-01-09 00:24:53.999
1,508701.0,5087.0,2.0,Sirsa,Haryana,29.6,75.0,,,2017-04-09 07:37:12.960
1,508701.0,5087.0,2.0,Sirsa,Haryana,29.6,75.0,,,2017-04-09 07:37:12.960
1,508701.0,5087.0,2.0,Sirsa,Haryana,29.6,75.0,29.700000000000003,75.0,2016-12-22 00:30:00.000
1,508703.0,5087.0,2.0,Sirsa,Haryana,29.6,75.0,29.6,75.0,2017-01-28 01:15:42.000
1,508703.0,5087.0,2.0,Sirsa,Haryana,29.6,75.0,29.6,75.0,2017-01-04 00:21:47.000
1,508703.0,5087.0,2.0,Sirsa,Haryana,29.6,75.0,29.6,75.0,2016-12-01 00:46:59.999
1,508703.0,5087.0,2.0,Sirsa,Haryana,29.6,75.0,29.6,75.0,2016-11-26 23:45:00.000
1,508703.0,5087.0,2.0,Sirsa,Haryana,29.6,75.0,29.6,75.0,2017-01-12 02:29:59.000
1,508703.0,5087.0,2.0,Sirsa,Haryana,29.6,75.0,29.6,75.0,2016-12-20 22:43:00.000
1,508703.0,5087.0,2.0,Sirsa,Haryana,29.6,75.0,29.6,75.0,2017-02-24 01:26:46.000
1,508703.0,5087.0,2.0,Sirsa,Haryana,29.6,75.0,29.6,75.0,2017-01-14 00:50:18.999
1,508703.0,5087.0,2.0,Sirsa,Haryana,29.6,75.0,29.6,75.0,2017-01-07 00:54:57.000
1,508703.0,5087.0,2.0,Sirsa,Haryana,29.6,75.0,29.6,75.0,2016-11-26 23:48:00.000
1,508703.0,5087.0,2.0,Sirsa,Haryana,29.6,75.0,,,2017-04-09 09:06:46.912
1,508703.0,5087.0,2.0,Sirsa,Haryana,29.6,75.0,29.6,75.0,2017-02-16 01:38:05.999
1,508703.0,5087.0,2.0,Sirsa,Haryana,29.6,75.0,29.6,75.0,2017-02-24 01:28:05.999
1,508703.0,5087.0,2.0,Sirsa,Haryana,29.6,75.0,,,2017-04-09 09:06:46.912
1,508707.0,5087.0,2.0,Sirsa,Haryana,29.6,75.0,29.700000000000003,75.0,2016-12-03 00:56:59.999
1,508707.0,5087.0,2.0,Sirsa,Haryana,29.6,75.0,,,2017-04-09 06:51:20.448
1,508707.0,5087.0,2.0,Sirsa,Haryana,29.6,75.0,29.700000000000003,75.0,2016-12-05 23:10:59.999
1,508707.0,5087.0,2.0,Sirsa,Haryana,29.6,75.0,29.700000000000003,75.0,2016-12-05 23:13:59.999
1,508707.0,5087.0,2.0,Sirsa,Haryana,29.6,75.0,,,2017-04-09 06:51:20.448
1,508707.0,5087.0,2.0,Sirsa,Haryana,29.6,75.0,29.700000000000003,75.0,2016-12-13 02:19:59.999
1,508707.0,5087.0,2.0,Sirsa,Haryana,29.6,75.0,29.700000000000003,75.0,2016-12-17 00:08:00.000
1,508707.0,5087.0,2.0,Sirsa,Haryana,29.6,75.0,,,2017-04-09 06:51:20.448
1,508707.0,5087.0,2.0,Sirsa,Haryana,29.6,75.0,29.700000000000003,75.0,2016-12-30 02:03:00.000
1,508707.0,5087.0,2.0,Sirsa,Haryana,29.6,75.0,,,2017-04-09 06:51:20.448
1,508709.0,5087.0,2.0,Sirsa,Haryana,29.6,75.0,29.700000000000003,75.0,2016-11-23 23:39:59.999
1,508709.0,5087.0,2.0,Sirsa,Haryana,29.6,75.0,29.700000000000003,75.0,2017-01-07 01:37:17.000
1,508709.0,5087.0,2.0,Sirsa,Haryana,29.6,75.0,,,2017-04-09 08:14:21.184
1,508709.0,5087.0,2.0,Sirsa,Haryana,29.6,75.0,,,2017-04-09 08:14:21.184
1,508715.0,5087.0,2.0,Sirsa,Haryana,29.6,75.0,29.700000000000003,75.0,2017-03-06 00:46:11.000
1,508715.0,5087.0,2.0,Sirsa,Haryana,29.6,75.0,29.700000000000003,75.0,2016-12-05 02:29:59.999
1,508715.0,5087.0,2.0,Sirsa,Haryana,29.6,75.0,29.700000000000003,75.0,2017-04-09 05:52:26.000
1,508715.0,5087.0,2.0,Sirsa,Haryana,29.6,75.0,29.700000000000003,75.0,2016-11-22 23:38:00.000
1,508715.0,5087.0,2.0,Sirsa,Haryana,29.6,75.0,29.700000000000003,75.0,2017-04-02 01:44:51.000
1,508715.0,5087.0,2.0,Sirsa,Haryana,29.6,75.0,29.700000000000003,75.0,2017-01-20 01:23:22.000
1,508715.0,5087.0,2.0,Sirsa,Haryana,29.6,75.0,,,2017-04-09 06:53:31.520
1,508715.0,5087.0,2.0,Sirsa,Haryana,29.6,75.0,,,2017-04-09 06:53:31.520
1,508715.0,5087.0,2.0,Sirsa,Haryana,29.6,75.0,29.700000000000003,75.0,2017-02-17 00:02:33.000
1,508715.0,5087.0,2.0,Sirsa,Haryana,29.6,75.0,29.700000000000003,75.0,2016-11-25 01:57:00.000
1,508715.0,5087.0,2.0,Sirsa,Haryana,29.6,75.0,29.700000000000003,75.0,2016-11-25 01:25:59.999
1,508715.0,5087.0,2.0,Sirsa,Haryana,29.6,75.0,29.700000000000003,75.0,2017-02-02 22:59:48.000
1,508715.0,5087.0,2.0,Sirsa,Haryana,29.6,75.0,29.700000000000003,75.0,2017-01-16 00:12:23.999
1,508715.0,5087.0,2.0,Sirsa,Haryana,29.6,75.0,29.700000000000003,75.0,2016-12-16 23:06:00.000
1,508715.0,5087.0,2.0,Sirsa,Haryana,29.6,75.0,29.700000000000003,75.0,2016-12-19 01:31:00.000
1,508715.0,5087.0,2.0,Sirsa,Haryana,29.6,75.0,29.700000000000003,75.0,2017-02-04 23:10:05.999
1,508715.0,5087.0,2.0,Sirsa,Haryana,29.6,75.0,29.700000000000003,75.0,2017-03-13 01:37:21.000
1,508715.0,5087.0,2.0,Sirsa,Haryana,29.6,75.0,29.700000000000003,75.0,2017-03-15 00:19:23.000
1,508715.0,5087.0,2.0,Sirsa,Haryana,29.6,75.0,29.700000000000003,75.0,2016-12-12 02:18:00.000
1,508717.0,5087.0,2.0,Sirsa,Haryana,29.6,75.0,,,2017-04-09 08:18:43.328
1,508717.0,5087.0,2.0,Sirsa,Haryana,29.6,75.0,29.6,75.0,2016-12-15 02:28:00.000
1,508717.0,5087.0,2.0,Sirsa,Haryana,29.6,75.0,29.6,75.0,2017-02-03 00:28:37.000
1,508717.0,5087.0,2.0,Sirsa,Haryana,29.6,75.0,,,2017-04-09 08:18:43.328
1,508719.0,5087.0,2.0,Sirsa,Haryana,29.6,75.0,29.700000000000003,75.0,2016-12-17 23:35:59.999
1,508719.0,5087.0,2.0,Sirsa,Haryana,29.6,75.0,29.700000000000003,75.0,2016-12-25 01:50:59.999
1,508719.0,5087.0,2.0,Sirsa,Haryana,29.6,75.0,29.700000000000003,75.0,2016-11-29 23:06:59.999
1,508719.0,5087.0,2.0,Sirsa,Haryana,29.6,75.0,,,2017-04-09 08:40:34.048
1,508719.0,5087.0,2.0,Sirsa,Haryana,29.6,75.0,29.700000000000003,75.0,2016-11-27 22:43:00.000
1,508719.0,5087.0,2.0,Sirsa,Haryana,29.6,75.0,29.700000000000003,75.0,2016-12-13 00:33:00.000
1,508719.0,5087.0,2.0,Sirsa,Haryana,29.6,75.0,,,2017-04-09 08:40:34.048
1,508719.0,5087.0,2.0,Sirsa,Haryana,29.6,75.0,29.700000000000003,75.0,2016-12-22 23:50:00.000
1,508719.0,5087.0,2.0,Sirsa,Haryana,29.6,75.0,29.700000000000003,75.0,2017-02-07 00:03:36.000
1,508719.0,5087.0,2.0,Sirsa,Haryana,29.6,75.0,29.700000000000003,75.0,2016-12-08 22:59:00.000
1,508719.0,5087.0,2.0,Sirsa,Haryana,29.6,75.0,29.700000000000003,75.0,2017-04-09 07:29:20.000
1,508721.0,5087.0,2.0,Sirsa,Haryana,29.6,75.0,29.6,75.0,2017-01-30 02:08:43.000
1,508721.0,5087.0,2.0,Sirsa,Haryana,29.6,75.0,,,2017-04-09 07:26:17.600
1,508721.0,5087.0,2.0,Sirsa,Haryana,29.6,75.0,,,2017-04-09 07:26:17.600
1,508721.0,5087.0,2.0,Sirsa,Haryana,29.6,75.0,29.6,75.0,2017-01-26 01:39:35.000
1,508721.0,5087.0,2.0,Sirsa,Haryana,29.6,75.0,29.6,75.0,2017-01-05 23:57:46.999
1,508721.0,5087.0,2.0,Sirsa,Haryana,29.6,75.0,,,2017-04-09 07:26:17.600
1,508721.0,5087.0,2.0,Sirsa,Haryana,29.6,75.0,29.6,75.0,2017-01-14 00:51:39.999
1,508721.0,5087.0,2.0,Sirsa,Haryana,29.6,75.0,29.6,75.0,2017-02-26 23:32:56.000
1,508721.0,5087.0,2.0,Sirsa,Haryana,29.6,75.0,29.6,75.0,2017-02-06 23:53:20.000
1,508721.0,5087.0,2.0,Sirsa,Haryana,29.6,75.0,29.6,75.0,2017-02-15 23:34:54.000
1,508721.0,5087.0,2.0,Sirsa,Haryana,29.6,75.0,29.6,75.0,2017-02-19 23:43:15.999
1,508721.0,5087.0,2.0,Sirsa,Haryana,29.6,75.0,,,2017-04-09 07:26:17.600
1,508725.0,5087.0,2.0,Sirsa,Haryana,29.6,75.0,29.700000000000003,75.0,2017-01-16 03:11:02.000
1,508725.0,5087.0,2.0,Sirsa,Haryana,29.6,75.0,29.700000000000003,75.0,2017-01-02 01:58:37.000
1,508725.0,5087.0,2.0,Sirsa,Haryana,29.6,75.0,,,2017-04-09 07:48:08.320
1,508725.0,5087.0,2.0,Sirsa,Haryana,29.6,75.0,,,2017-04-09 07:48:08.320
1,508725.0,5087.0,2.0,Sirsa,Haryana,29.6,75.0,29.700000000000003,75.0,2017-01-08 22:51:10.999
1,508725.0,5087.0,2.0,Sirsa,Haryana,29.6,75.0,,,2017-04-09 07:48:08.320
1,508725.0,5087.0,2.0,Sirsa,Haryana,29.6,75.0,29.700000000000003,75.0,2016-12-24 23:13:00.000
1,508725.0,5087.0,2.0,Sirsa,Haryana,29.6,75.0,,,2017-04-09 07:48:08.320
1,508725.0,5087.0,2.0,Sirsa,Haryana,29.6,75.0,29.700000000000003,75.0,2016-12-23 02:08:00.000
1,508732.0,5087.0,2.0,Sirsa,Haryana,29.6,75.0,29.700000000000003,75.0,2017-03-12 01:03:58.000
1,508732.0,5087.0,2.0,Sirsa,Haryana,29.6,75.0,29.700000000000003,75.0,2017-01-18 00:07:26.000
1,508732.0,5087.0,2.0,Sirsa,Haryana,29.6,75.0,29.700000000000003,75.0,2016-12-23 01:47:59.999
1,508732.0,5087.0,2.0,Sirsa,Haryana,29.6,75.0,29.700000000000003,75.0,2016-12-25 00:24:59.999
1,508732.0,5087.0,2.0,Sirsa,Haryana,29.6,75.0,29.700000000000003,75.0,2016-11-22 00:49:59.999
1,508732.0,5087.0,2.0,Sirsa,Haryana,29.6,75.0,29.700000000000003,75.0,2017-02-14 22:53:08.999
1,508732.0,5087.0,2.0,Sirsa,Haryana,29.6,75.0,29.700000000000003,75.0,2017-01-29 23:38:05.000
1,508732.0,5087.0,2.0,Sirsa,Haryana,29.6,75.0,29.700000000000003,75.0,2017-04-08 01:18:35.000
1,508732.0,5087.0,2.0,Sirsa,Haryana,29.6,75.0,29.700000000000003,75.0,2017-02-22 22:24:45.000
1,508732.0,5087.0,2.0,Sirsa,Haryana,29.6,75.0,29.700000000000003,75.0,2017-01-27 01:31:19.000
1,508732.0,5087.0,2.0,Sirsa,Haryana,29.6,75.0,,,2017-04-09 07:13:11.168
1,508732.0,5087.0,2.0,Sirsa,Haryana,29.6,75.0,29.700000000000003,75.0,2016-12-31 01:21:14.999
1,508732.0,5087.0,2.0,Sirsa,Haryana,29.6,75.0,,,2017-04-09 07:13:11.168
1,508732.0,5087.0,2.0,Sirsa,Haryana,29.6,75.0,,,2017-04-09 07:13:11.168
1,508732.0,5087.0,2.0,Sirsa,Haryana,29.6,75.0,,,2017-04-09 07:13:11.168
1,508732.0,5087.0,2.0,Sirsa,Haryana,29.6,75.0,29.700000000000003,75.0,2017-03-07 00:41:07.999
1,508732.0,5087.0,2.0,Sirsa,Haryana,29.6,75.0,29.700000000000003,75.0,2017-01-13 00:08:20.000
1,508732.0,5087.0,2.0,Sirsa,Haryana,29.6,75.0,29.700000000000003,75.0,2017-03-24 23:31:48.000
1,508732.0,5087.0,2.0,Sirsa,Haryana,29.6,75.0,29.700000000000003,75.0,2017-03-02 23:02:40.000
1,508732.0,5087.0,2.0,Sirsa,Haryana,29.6,75.0,29.700000000000003,75.0,2017-02-04 23:42:54.000
1,508732.0,5087.0,2.0,Sirsa,Haryana,29.6,75.0,29.700000000000003,75.0,2016-12-27 02:28:00.000
1,508732.0,5087.0,2.0,Sirsa,Haryana,29.6,75.0,29.700000000000003,75.0,2017-02-06 23:34:54.000
1,508732.0,5087.0,2.0,Sirsa,Haryana,29.6,75.0,29.700000000000003,75.0,2017-03-31 00:03:20.000
1,508732.0,5087.0,2.0,Sirsa,Haryana,29.6,75.0,29.700000000000003,75.0,2017-02-19 23:45:11.000
1,508732.0,5087.0,2.0,Sirsa,Haryana,29.6,75.0,29.700000000000003,75.0,2017-02-03 02:26:02.000
1,508732.0,5087.0,2.0,Sirsa,Haryana,29.6,75.0,29.700000000000003,75.0,2017-02-17 01:17:36.999
1,508732.0,5087.0,2.0,Sirsa,Haryana,29.6,75.0,29.700000000000003,75.0,2016-11-22 00:45:00.000
1,508732.0,5087.0,2.0,Sirsa,Haryana,29.6,75.0,29.700000000000003,75.0,2016-12-29 00:17:00.000
1,508733.0,5087.0,2.0,Sirsa,Haryana,29.6,75.0,29.700000000000003,75.0,2017-02-27 22:43:46.000
1,508733.0,5087.0,2.0,Sirsa,Haryana,29.6,75.0,29.700000000000003,75.0,2016-12-24 00:29:00.000
1,508733.0,5087.0,2.0,Sirsa,Haryana,29.6,75.0,29.700000000000003,75.0,2017-01-12 00:06:36.000
1,508733.0,5087.0,2.0,Sirsa,Haryana,29.6,75.0,29.700000000000003,75.0,2016-12-24 00:26:00.000
1,508733.0,5087.0,2.0,Sirsa,Haryana,29.6,75.0,29.700000000000003,75.0,2017-01-10 01:07:47.000
1,508733.0,5087.0,2.0,Sirsa,Haryana,29.6,75.0,29.700000000000003,75.0,2016-12-15 02:42:59.999
1,508733.0,5087.0,2.0,Sirsa,Haryana,29.6,75.0,29.700000000000003,75.0,2016-12-17 00:43:00.000
1,508733.0,5087.0,2.0,Sirsa,Haryana,29.6,75.0,29.700000000000003,75.0,2016-12-30 02:21:00.000
1,508733.0,5087.0,2.0,Sirsa,Haryana,29.6,75.0,29.700000000000003,75.0,2016-12-22 01:02:59.999
1,508733.0,5087.0,2.0,Sirsa,Haryana,29.6,75.0,29.700000000000003,75.0,2017-01-07 01:10:39.999
1,508733.0,5087.0,2.0,Sirsa,Haryana,29.6,75.0,29.700000000000003,75.0,2017-02-14 01:54:10.999
1,508733.0,5087.0,2.0,Sirsa,Haryana,29.6,75.0,29.700000000000003,75.0,2017-02-02 00:07:49.000
1,508733.0,5087.0,2.0,Sirsa,Haryana,29.6,75.0,29.700000000000003,75.0,2016-12-06 00:01:59.999
1,508733.0,5087.0,2.0,Sirsa,Haryana,29.6,75.0,29.700000000000003,75.0,2016-12-20 00:32:00.000
1,508733.0,5087.0,2.0,Sirsa,Haryana,29.6,75.0,,,2017-04-09 06:29:29.728
1,508733.0,5087.0,2.0,Sirsa,Haryana,29.6,75.0,29.700000000000003,75.0,2017-01-28 01:16:42.000
1,508733.0,5087.0,2.0,Sirsa,Haryana,29.6,75.0,29.700000000000003,75.0,2016-12-13 02:00:00.000
1,508733.0,5087.0,2.0,Sirsa,Haryana,29.6,75.0,29.700000000000003,75.0,2017-01-14 00:27:54.000
1,508733.0,5087.0,2.0,Sirsa,Haryana,29.6,75.0,29.700000000000003,75.0,2017-01-03 01:10:54.000
1,508733.0,5087.0,2.0,Sirsa,Haryana,29.6,75.0,29.700000000000003,75.0,2017-01-03 01:08:49.000
1,508733.0,5087.0,2.0,Sirsa,Haryana,29.6,75.0,,,2017-04-09 06:29:29.728
1,508733.0,5087.0,2.0,Sirsa,Haryana,29.6,75.0,29.700000000000003,75.0,2017-01-05 01:17:36.999
1,508733.0,5087.0,2.0,Sirsa,Haryana,29.6,75.0,29.700000000000003,75.0,2017-01-24 00:01:22.000
1,508733.0,5087.0,2.0,Sirsa,Haryana,29.6,75.0,29.700000000000003,75.0,2016-12-31 00:09:20.000
1,508733.0,5087.0,2.0,Sirsa,Haryana,29.6,75.0,29.700000000000003,75.0,2017-02-27 22:44:47.000
1,508733.0,5087.0,2.0,Sirsa,Haryana,29.6,75.0,29.700000000000003,75.0,2016-12-05 23:58:00.000
1,508733.0,5087.0,2.0,Sirsa,Haryana,29.6,75.0,29.700000000000003,75.0,2017-02-11 01:03:58.000
1,508734.0,5087.0,2.0,Sirsa,Haryana,29.6,75.0,29.6,75.0,2017-03-11 01:52:08.000
1,508734.0,5087.0,2.0,Sirsa,Haryana,29.6,75.0,29.6,75.0,2017-01-09 00:19:39.000
1,508734.0,5087.0,2.0,Sirsa,Haryana,29.6,75.0,,,2017-04-09 07:59:03.680
1,508734.0,5087.0,2.0,Sirsa,Haryana,29.6,75.0,29.6,75.0,2017-01-04 00:03:09.000
1,508734.0,5087.0,2.0,Sirsa,Haryana,29.6,75.0,29.6,75.0,2017-01-04 00:05:07.999
1,508734.0,5087.0,2.0,Sirsa,Haryana,29.6,75.0,29.6,75.0,2016-12-15 01:21:00.000
1,508734.0,5087.0,2.0,Sirsa,Haryana,29.6,75.0,29.6,75.0,2017-02-09 00:20:08.000
1,508734.0,5087.0,2.0,Sirsa,Haryana,29.6,75.0,29.6,75.0,2016-12-29 00:56:00.000
1,508734.0,5087.0,2.0,Sirsa,Haryana,29.6,75.0,29.6,75.0,2017-01-28 01:23:23.000
1,508734.0,5087.0,2.0,Sirsa,Haryana,29.6,75.0,,,2017-04-09 07:59:03.680
1,508734.0,5087.0,2.0,Sirsa,Haryana,29.6,75.0,29.6,75.0,2016-12-22 00:53:59.999
1,508734.0,5087.0,2.0,Sirsa,Haryana,29.6,75.0,29.6,75.0,2016-12-24 00:38:00.000
1,508734.0,5087.0,2.0,Sirsa,Haryana,29.6,75.0,29.6,75.0,2017-01-09 00:26:17.000
1,508734.0,5087.0,2.0,Sirsa,Haryana,29.6,75.0,29.6,75.0,2016-12-14 00:13:00.000
1,508742.0,5087.0,2.0,Sirsa,Haryana,29.6,75.0,29.700000000000003,75.0,2017-01-11 01:27:03.999
1,508742.0,5087.0,2.0,Sirsa,Haryana,29.6,75.0,,,2017-04-17 09:18:56.000
1,508742.0,5087.0,2.0,Sirsa,Haryana,29.6,75.0,,,2017-04-17 09:18:56.000
1,508742.0,5087.0,2.0,Sirsa,Haryana,29.6,75.0,,,2017-04-17 09:18:56.000
1,508742.0,5087.0,2.0,Sirsa,Haryana,29.6,75.0,29.700000000000003,75.0,2017-01-11 00:29:40.000
1,508742.0,5087.0,2.0,Sirsa,Haryana,29.6,75.0,29.700000000000003,75.0,2017-01-17 23:49:48.000
1,508742.0,5087.0,2.0,Sirsa,Haryana,29.6,75.0,,,2017-04-17 09:18:56.000
1,508746.0,5087.0,2.0,Sirsa,Haryana,29.6,75.0,29.700000000000003,75.0,2016-12-27 22:41:59.999
1,508746.0,5087.0,2.0,Sirsa,Haryana,29.6,75.0,29.700000000000003,75.0,2016-12-16 00:01:59.999
1,508746.0,5087.0,2.0,Sirsa,Haryana,29.6,75.0,29.700000000000003,75.0,2016-12-05 23:18:00.000
1,508746.0,5087.0,2.0,Sirsa,Haryana,29.6,75.0,29.700000000000003,75.0,2017-02-02 00:44:30.000
1,508746.0,5087.0,2.0,Sirsa,Haryana,29.6,75.0,29.700000000000003,75.0,2017-02-07 23:44:28.999
1,508746.0,5087.0,2.0,Sirsa,Haryana,29.6,75.0,29.700000000000003,75.0,2016-12-19 22:41:59.999
1,508746.0,5087.0,2.0,Sirsa,Haryana,29.6,75.0,29.700000000000003,75.0,2017-01-28 00:57:46.000
1,508746.0,5087.0,2.0,Sirsa,Haryana,29.6,75.0,,,2017-04-09 08:47:07.264
1,508746.0,5087.0,2.0,Sirsa,Haryana,29.6,75.0,29.700000000000003,75.0,2017-01-10 23:20:02.999
1,508746.0,5087.0,2.0,Sirsa,Haryana,29.6,75.0,,,2017-04-09 08:47:07.264
1,508746.0,5087.0,2.0,Sirsa,Haryana,29.6,75.0,29.700000000000003,75.0,2016-12-31 23:35:38.999
1,508746.0,5087.0,2.0,Sirsa,Haryana,29.6,75.0,29.700000000000003,75.0,2016-12-03 23:39:59.999
1,508746.0,5087.0,2.0,Sirsa,Haryana,29.6,75.0,29.700000000000003,75.0,2016-12-29 01:17:00.000
1,508746.0,5087.0,2.0,Sirsa,Haryana,29.6,75.0,,,2017-04-09 08:47:07.264
1,508746.0,5087.0,2.0,Sirsa,Haryana,29.6,75.0,29.700000000000003,75.0,2017-01-28 22:58:53.999
1,508746.0,5087.0,2.0,Sirsa,Haryana,29.6,75.0,29.700000000000003,75.0,2017-02-12 00:24:29.999
1,508746.0,5087.0,2.0,Sirsa,Haryana,29.6,75.0,,,2017-04-09 08:47:07.264
1,524406.0,5244.0,8.0,Sirsa,Haryana,29.8,74.8,29.8,74.7,2017-02-06 23:59:26.999
1,524406.0,5244.0,8.0,Sirsa,Haryana,29.8,74.8,29.8,74.7,2017-01-21 02:42:13.999
1,524406.0,5244.0,8.0,Sirsa,Haryana,29.8,74.8,29.8,74.7,2016-12-23 02:26:59.999
1,524406.0,5244.0,8.0,Sirsa,Haryana,29.8,74.8,29.8,74.8,2016-11-28 01:53:00.000
1,524406.0,5244.0,8.0,Sirsa,Haryana,29.8,74.8,29.8,74.8,2016-12-06 01:34:59.999
1,524406.0,5244.0,8.0,Sirsa,Haryana,29.8,74.8,29.8,74.7,2017-04-11 03:26:52.999
1,524406.0,5244.0,8.0,Sirsa,Haryana,29.8,74.8,29.8,74.7,2017-02-11 00:48:23.000
1,524406.0,5244.0,8.0,Sirsa,Haryana,29.8,74.8,29.8,74.7,2017-03-28 03:12:52.000
1,524406.0,5244.0,8.0,Sirsa,Haryana,29.8,74.8,29.8,74.8,2016-12-10 01:50:00.000
1,524406.0,5244.0,8.0,Sirsa,Haryana,29.8,74.8,29.8,74.8,2016-12-17 02:06:00.000
1,524406.0,5244.0,8.0,Sirsa,Haryana,29.8,74.8,29.8,74.7,2017-02-09 02:05:17.999
1,524406.0,5244.0,8.0,Sirsa,Haryana,29.8,74.8,,,2017-04-08 01:10:56.768
1,524406.0,5244.0,8.0,Sirsa,Haryana,29.8,74.8,29.8,74.7,2017-01-01 02:09:57.000
1,524406.0,5244.0,8.0,Sirsa,Haryana,29.8,74.8,29.8,74.8,2016-11-29 00:08:59.999
1,524406.0,5244.0,8.0,Sirsa,Haryana,29.8,74.8,,,2017-04-08 01:10:56.768
1,524406.0,5244.0,8.0,Sirsa,Haryana,29.8,74.8,29.8,74.7,2017-04-02 01:41:21.999
1,524406.0,5244.0,8.0,Sirsa,Haryana,29.8,74.8,29.8,74.8,2016-12-04 22:38:59.999
1,524406.0,5244.0,8.0,Sirsa,Haryana,29.8,74.8,29.8,74.8,2016-12-20 01:25:00.000
1,524406.0,5244.0,8.0,Sirsa,Haryana,29.8,74.8,29.8,74.7,2017-01-15 23:29:00.999
1,524406.0,5244.0,8.0,Sirsa,Haryana,29.8,74.8,29.8,74.7,2017-04-08 00:05:05.000
1,524406.0,5244.0,8.0,Sirsa,Haryana,29.8,74.8,29.8,74.7,2017-02-05 00:04:50.000
1,524406.0,5244.0,8.0,Sirsa,Haryana,29.8,74.8,29.8,74.7,2017-04-07 23:59:18.999
1,524406.0,5244.0,8.0,Sirsa,Haryana,29.8,74.8,29.8,74.7,2017-01-05 01:48:13.000
1,524406.0,5244.0,8.0,Sirsa,Haryana,29.8,74.8,29.8,74.7,2017-01-10 01:39:11.000
1,524406.0,5244.0,8.0,Sirsa,Haryana,29.8,74.8,29.8,74.8,2016-12-17 22:41:59.999
1,524406.0,5244.0,8.0,Sirsa,Haryana,29.8,74.8,29.8,74.7,2017-03-06 02:25:54.999
1,524406.0,5244.0,8.0,Sirsa,Haryana,29.8,74.8,29.8,74.7,2017-01-06 01:47:27.999
1,524406.0,5244.0,8.0,Sirsa,Haryana,29.8,74.8,29.8,74.7,2017-03-05 02:29:08.999
1,524411.0,5244.0,8.0,Sirsa,Haryana,29.8,74.8,29.8,74.8,2016-11-29 02:03:59.999
1,524411.0,5244.0,8.0,Sirsa,Haryana,29.8,74.8,29.8,74.8,2016-12-04 00:03:00.000
1,524411.0,5244.0,8.0,Sirsa,Haryana,29.8,74.8,29.8,74.8,2016-12-09 02:10:00.000
1,524411.0,5244.0,8.0,Sirsa,Haryana,29.8,74.8,29.8,74.8,2016-12-05 23:51:00.000
1,524411.0,5244.0,8.0,Sirsa,Haryana,29.8,74.8,29.8,74.8,2016-12-23 23:32:00.000
1,524411.0,5244.0,8.0,Sirsa,Haryana,29.8,74.8,29.8,74.8,2017-01-16 23:53:07.999
1,524411.0,5244.0,8.0,Sirsa,Haryana,29.8,74.8,,,2017-04-08 00:46:54.976
1,524411.0,5244.0,8.0,Sirsa,Haryana,29.8,74.8,29.8,74.8,2017-04-07 23:38:54.999
1,524411.0,5244.0,8.0,Sirsa,Haryana,29.8,74.8,,,2017-04-08 00:46:54.976
1,524412.0,5244.0,8.0,Sirsa,Haryana,29.8,74.8,29.8,74.8,2017-02-17 00:55:11.000
1,524412.0,5244.0,8.0,Sirsa,Haryana,29.8,74.8,29.8,74.8,2017-02-14 00:41:14.000
1,524412.0,5244.0,8.0,Sirsa,Haryana,29.8,74.8,29.8,74.8,2017-03-11 23:37:07.000
1,524412.0,5244.0,8.0,Sirsa,Haryana,29.8,74.8,,,2017-04-07 23:15:09.952
1,524412.0,5244.0,8.0,Sirsa,Haryana,29.8,74.8,29.8,74.8,2017-03-19 01:14:41.000
1,524412.0,5244.0,8.0,Sirsa,Haryana,29.8,74.8,29.8,74.8,2017-02-26 23:27:37.000
1,524412.0,5244.0,8.0,Sirsa,Haryana,29.8,74.8,29.8,74.8,2017-01-08 00:32:17.000
1,524412.0,5244.0,8.0,Sirsa,Haryana,29.8,74.8,29.8,74.8,2017-03-14 00:05:50.999
1,524412.0,5244.0,8.0,Sirsa,Haryana,29.8,74.8,29.8,74.8,2017-02-08 02:10:18.000
1,524412.0,5244.0,8.0,Sirsa,Haryana,29.8,74.8,29.8,74.8,2017-03-09 23:56:04.999
1,524412.0,5244.0,8.0,Sirsa,Haryana,29.8,74.8,29.8,74.8,2017-03-01 01:01:55.999
1,524412.0,5244.0,8.0,Sirsa,Haryana,29.8,74.8,29.8,74.8,2017-03-02 23:44:01.999
1,524412.0,5244.0,8.0,Sirsa,Haryana,29.8,74.8,29.8,74.8,2017-03-04 01:02:35.000
1,524412.0,5244.0,8.0,Sirsa,Haryana,29.8,74.8,29.8,74.8,2017-01-24 23:52:56.000
1,524412.0,5244.0,8.0,Sirsa,Haryana,29.8,74.8,29.8,74.8,2017-02-17 23:28:38.000
1,524412.0,5244.0,8.0,Sirsa,Haryana,29.8,74.8,29.8,74.8,2017-02-09 23:17:42.000
1,524412.0,5244.0,8.0,Sirsa,Haryana,29.8,74.8,29.8,74.8,2017-03-21 00:16:27.000
1,524412.0,5244.0,8.0,Sirsa,Haryana,29.8,74.8,,,2017-04-07 23:15:09.952
1,524412.0,5244.0,8.0,Sirsa,Haryana,29.8,74.8,29.8,74.8,2017-02-25 01:23:30.000
1,524412.0,5244.0,8.0,Sirsa,Haryana,29.8,74.8,29.8,74.8,2017-02-06 01:21:45.000
1,524412.0,5244.0,8.0,Sirsa,Haryana,29.8,74.8,29.8,74.8,2017-02-12 01:02:40.000
1,524412.0,5244.0,8.0,Sirsa,Haryana,29.8,74.8,29.8,74.8,2017-02-23 23:24:55.999
1,524412.0,5244.0,8.0,Sirsa,Haryana,29.8,74.8,29.8,74.8,2017-02-21 23:04:02.999
1,524412.0,5244.0,8.0,Sirsa,Haryana,29.8,74.8,29.8,74.8,2017-03-16 23:59:34.999
1,524412.0,5244.0,8.0,Sirsa,Haryana,29.8,74.8,29.8,74.8,2017-03-06 23:34:09.000
1,524416.0,5244.0,8.0,Sirsa,Haryana,29.8,74.8,29.8,74.7,2017-02-11 01:51:34.999
1,524416.0,5244.0,8.0,Sirsa,Haryana,29.8,74.8,,,2017-04-07 22:53:19.232
1,524416.0,5244.0,8.0,Sirsa,Haryana,29.8,74.8,29.8,74.7,2017-03-18 02:19:38.000
1,524416.0,5244.0,8.0,Sirsa,Haryana,29.8,74.8,29.8,74.7,2016-11-25 23:55:00.000
1,524416.0,5244.0,8.0,Sirsa,Haryana,29.8,74.8,29.8,74.7,2016-12-05 02:03:59.999
1,524416.0,5244.0,8.0,Sirsa,Haryana,29.8,74.8,29.8,74.7,2016-11-30 01:28:00.000
1,524416.0,5244.0,8.0,Sirsa,Haryana,29.8,74.8,29.8,74.7,2016-12-15 20:53:00.000
1,524416.0,5244.0,8.0,Sirsa,Haryana,29.8,74.8,29.8,74.7,2016-12-11 02:02:00.000
1,524416.0,5244.0,8.0,Sirsa,Haryana,29.8,74.8,29.8,74.7,2017-02-05 23:53:41.000
1,524416.0,5244.0,8.0,Sirsa,Haryana,29.8,74.8,29.8,74.7,2017-01-08 00:49:53.000
1,524416.0,5244.0,8.0,Sirsa,Haryana,29.8,74.8,29.8,74.7,2017-03-25 01:35:01.000
1,524416.0,5244.0,8.0,Sirsa,Haryana,29.8,74.8,29.8,74.7,2017-03-27 01:04:33.999
1,524416.0,5244.0,8.0,Sirsa,Haryana,29.8,74.8,29.8,74.7,2017-01-24 01:22:10.000
1,524416.0,5244.0,8.0,Sirsa,Haryana,29.8,74.8,29.8,74.7,2016-12-20 02:31:00.000
1,524416.0,5244.0,8.0,Sirsa,Haryana,29.8,74.8,29.8,74.7,2016-12-09 02:05:00.000
1,524416.0,5244.0,8.0,Sirsa,Haryana,29.8,74.8,,,2017-04-07 22:53:19.232
1,524416.0,5244.0,8.0,Sirsa,Haryana,29.8,74.8,29.8,74.7,2017-03-30 02:46:21.000
1,524416.0,5244.0,8.0,Sirsa,Haryana,29.8,74.8,29.8,74.7,2017-02-27 01:01:14.000
1,524416.0,5244.0,8.0,Sirsa,Haryana,29.8,74.8,29.8,74.7,2017-03-01 19:40:29.000
1,524416.0,5244.0,8.0,Sirsa,Haryana,29.8,74.8,29.8,74.7,2016-12-09 19:44:59.999
1,524416.0,5244.0,8.0,Sirsa,Haryana,29.8,74.8,29.8,74.7,2017-03-09 01:05:22.000
1,524420.0,5244.0,8.0,Sirsa,Haryana,29.8,74.8,29.8,74.7,2017-01-23 00:16:11.000
1,524420.0,5244.0,8.0,Sirsa,Haryana,29.8,74.8,29.8,74.7,2017-01-28 06:45:28.999
1,524420.0,5244.0,8.0,Sirsa,Haryana,29.8,74.8,29.8,74.7,2017-01-03 23:45:21.999
1,524420.0,5244.0,8.0,Sirsa,Haryana,29.8,74.8,29.8,74.7,2017-01-06 00:41:28.999
1,524420.0,5244.0,8.0,Sirsa,Haryana,29.8,74.8,29.8,74.7,2017-01-23 00:15:49.000
1,524420.0,5244.0,8.0,Sirsa,Haryana,29.8,74.8,29.8,74.7,2017-01-08 01:11:57.999
1,524420.0,5244.0,8.0,Sirsa,Haryana,29.8,74.8,29.8,74.7,2017-01-03 23:44:25.999
1,524420.0,5244.0,8.0,Sirsa,Haryana,29.8,74.8,29.8,74.7,2017-01-06 00:40:02.999
1,524420.0,5244.0,8.0,Sirsa,Haryana,29.8,74.8,29.8,74.7,2017-01-21 01:37:22.999
1,524420.0,5244.0,8.0,Sirsa,Haryana,29.8,74.8,29.8,74.7,2017-01-08 01:11:22.999
1,524420.0,5244.0,8.0,Sirsa,Haryana,29.8,74.8,29.8,74.7,2016-12-13 00:16:00.000
1,524420.0,5244.0,8.0,Sirsa,Haryana,29.8,74.8,29.8,74.7,2017-01-03 23:43:15.999
1,524420.0,5244.0,8.0,Sirsa,Haryana,29.8,74.8,29.8,74.7,2017-01-17 23:53:12.999
1,524420.0,5244.0,8.0,Sirsa,Haryana,29.8,74.8,29.8,74.7,2017-02-09 22:03:50.999
1,524420.0,5244.0,8.0,Sirsa,Haryana,29.8,74.8,29.8,74.7,2017-03-26 00:08:10.999
1,524420.0,5244.0,8.0,Sirsa,Haryana,29.8,74.8,29.8,74.7,2017-01-04 23:42:08.000
1,524420.0,5244.0,8.0,Sirsa,Haryana,29.8,74.8,29.8,74.7,2017-01-23 00:16:41.000
1,524420.0,5244.0,8.0,Sirsa,Haryana,29.8,74.8,29.8,74.7,2016-12-13 00:14:00.000
1,524420.0,5244.0,8.0,Sirsa,Haryana,29.8,74.8,29.8,74.7,2017-01-16 23:25:30.000
1,524420.0,5244.0,8.0,Sirsa,Haryana,29.8,74.8,29.8,74.7,2017-03-18 02:52:09.000
1,524420.0,5244.0,8.0,Sirsa,Haryana,29.8,74.8,29.8,74.7,2017-01-27 01:46:01.000
1,524420.0,5244.0,8.0,Sirsa,Haryana,29.8,74.8,29.8,74.7,2017-04-12 02:24:20.000
1,524420.0,5244.0,8.0,Sirsa,Haryana,29.8,74.8,29.8,74.7,2017-01-10 00:29:55.000
1,524420.0,5244.0,8.0,Sirsa,Haryana,29.8,74.8,29.8,74.7,2017-01-17 23:53:50.999
1,524420.0,5244.0,8.0,Sirsa,Haryana,29.8,74.8,29.8,74.7,2017-01-12 00:53:29.999
1,524420.0,5244.0,8.0,Sirsa,Haryana,29.8,74.8,29.8,74.7,2017-01-28 06:44:53.999
1,524420.0,5244.0,8.0,Sirsa,Haryana,29.8,74.8,29.8,74.7,2017-01-04 23:43:55.999
1,524420.0,5244.0,8.0,Sirsa,Haryana,29.8,74.8,,,2017-04-07 22:44:34.944
1,524420.0,5244.0,8.0,Sirsa,Haryana,29.8,74.8,29.8,74.7,2017-01-16 23:24:15.000
1,524420.0,5244.0,8.0,Sirsa,Haryana,29.8,74.8,29.8,74.7,2017-01-10 00:30:27.000
1,524420.0,5244.0,8.0,Sirsa,Haryana,29.8,74.8,29.8,74.7,2017-01-12 00:52:49.000
1,524420.0,5244.0,8.0,Sirsa,Haryana,29.8,74.8,29.8,74.7,2017-04-07 21:49:41.000
1,524420.0,5244.0,8.0,Sirsa,Haryana,29.8,74.8,29.8,74.7,2017-04-12 02:18:44.999
1,524420.0,5244.0,8.0,Sirsa,Haryana,29.8,74.8,29.8,74.7,2017-01-12 00:51:47.000
1,524420.0,5244.0,8.0,Sirsa,Haryana,29.8,74.8,29.8,74.7,2017-01-08 01:10:52.000
1,524420.0,5244.0,8.0,Sirsa,Haryana,29.8,74.8,29.8,74.7,2017-01-04 23:43:02.000
1,524420.0,5244.0,8.0,Sirsa,Haryana,29.8,74.8,29.8,74.7,2017-01-06 00:40:55.000
1,524420.0,5244.0,8.0,Sirsa,Haryana,29.8,74.8,29.8,74.7,2017-02-09 22:04:47.999
1,524420.0,5244.0,8.0,Sirsa,Haryana,29.8,74.8,29.8,74.7,2017-01-09 00:20:59.000
1,524420.0,5244.0,8.0,Sirsa,Haryana,29.8,74.8,29.8,74.7,2017-01-27 01:45:22.000
1,524420.0,5244.0,8.0,Sirsa,Haryana,29.8,74.8,29.8,74.7,2017-01-21 01:36:47.000
1,524420.0,5244.0,8.0,Sirsa,Haryana,29.8,74.8,29.8,74.7,2017-02-09 22:03:15.999
1,524420.0,5244.0,8.0,Sirsa,Haryana,29.8,74.8,29.8,74.7,2017-01-28 06:45:56.000
1,524420.0,5244.0,8.0,Sirsa,Haryana,29.8,74.8,29.8,74.7,2017-01-03 23:42:13.000
1,524420.0,5244.0,8.0,Sirsa,Haryana,29.8,74.8,29.8,74.7,2017-01-03 23:41:17.999
1,524420.0,5244.0,8.0,Sirsa,Haryana,29.8,74.8,29.8,74.7,2017-01-16 23:24:46.000
1,524420.0,5244.0,8.0,Sirsa,Haryana,29.8,74.8,29.8,74.7,2017-04-07 21:47:42.000
1,524420.0,5244.0,8.0,Sirsa,Haryana,29.8,74.8,,,2017-04-07 22:44:34.944
1,524420.0,5244.0,8.0,Sirsa,Haryana,29.8,74.8,29.8,74.7,2017-01-10 00:33:35.000
1,524420.0,5244.0,8.0,Sirsa,Haryana,29.8,74.8,29.8,74.7,2017-01-09 00:23:08.000
1,524420.0,5244.0,8.0,Sirsa,Haryana,29.8,74.8,29.8,74.7,2017-01-21 01:35:56.000
2,524424.0,5244.0,8.0,Sirsa,Haryana,29.8,74.8,29.8,74.8,2016-11-25 01:41:59.999
2,524424.0,5244.0,8.0,Sirsa,Haryana,29.8,74.8,29.8,74.8,2017-01-16 23:33:42.999
2,524424.0,5244.0,8.0,Sirsa,Haryana,29.8,74.8,29.8,74.8,2016-11-28 23:44:00.000
2,524424.0,5244.0,8.0,Sirsa,Haryana,29.8,74.8,29.8,74.8,2017-02-10 01:26:36.999
2,524424.0,5244.0,8.0,Sirsa,Haryana,29.8,74.8,29.8,74.8,2016-12-19 23:26:59.999
2,524424.0,5244.0,8.0,Sirsa,Haryana,29.8,74.8,29.8,74.8,2017-02-19 22:44:16.999
2,524424.0,5244.0,8.0,Sirsa,Haryana,29.8,74.8,29.8,74.8,2017-02-07 22:36:23.999
2,524424.0,5244.0,8.0,Sirsa,Haryana,29.8,74.8,29.8,74.8,2016-12-31 01:01:06.999
2,524424.0,5244.0,8.0,Sirsa,Haryana,29.8,74.8,29.8,74.8,2016-12-04 22:40:00.000
2,524424.0,5244.0,8.0,Sirsa,Haryana,29.8,74.8,29.8,74.8,2017-04-02 00:40:28.000
2,524424.0,5244.0,8.0,Sirsa,Haryana,29.8,74.8,29.8,74.8,2017-02-01 23:50:36.999
2,524424.0,5244.0,8.0,Sirsa,Haryana,29.8,74.8,29.8,74.8,2016-12-26 00:20:00.000
2,524424.0,5244.0,8.0,Sirsa,Haryana,29.8,74.8,29.8,74.8,2016-12-27 23:08:00.000
2,524424.0,5244.0,8.0,Sirsa,Haryana,29.8,74.8,29.8,74.8,2017-02-25 23:25:54.000
2,524424.0,5244.0,8.0,Sirsa,Haryana,29.8,74.8,29.8,74.8,2017-03-07 23:05:27.000
2,524424.0,5244.0,8.0,Sirsa,Haryana,29.8,74.8,29.8,74.8,2016-12-02 23:19:59.999
2,524424.0,5244.0,8.0,Sirsa,Haryana,29.8,74.8,29.8,74.8,2016-12-24 00:53:00.000
2,524424.0,5244.0,8.0,Sirsa,Haryana,29.8,74.8,29.8,74.8,2017-01-04 00:58:51.000
2,524424.0,5244.0,8.0,Sirsa,Haryana,29.8,74.8,29.8,74.8,2017-03-09 22:09:53.999
2,524424.0,5244.0,8.0,Sirsa,Haryana,29.8,74.8,29.8,74.8,2017-01-08 01:27:51.000
2,524424.0,5244.0,8.0,Sirsa,Haryana,29.8,74.8,29.8,74.8,2017-01-05 23:49:53.000
2,524424.0,5244.0,8.0,Sirsa,Haryana,29.8,74.8,29.8,74.8,2017-02-05 22:52:07.000
2,524424.0,5244.0,8.0,Sirsa,Haryana,29.8,74.8,29.8,74.8,2017-01-13 01:21:08.999
2,524424.0,5244.0,8.0,Sirsa,Haryana,29.8,74.8,29.8,74.8,2016-12-13 01:52:00.000
2,524424.0,5244.0,8.0,Sirsa,Haryana,29.8,74.8,29.8,74.8,2016-12-22 00:27:59.999
2,524424.0,5244.0,8.0,Sirsa,Haryana,29.8,74.8,29.8,74.8,2017-02-17 22:56:54.999
2,524424.0,5244.0,8.0,Sirsa,Haryana,29.8,74.8,29.8,74.8,2016-11-27 01:02:00.000
2,524424.0,5244.0,8.0,Sirsa,Haryana,29.8,74.8,29.8,74.8,2016-12-11 01:40:00.000
2,524424.0,5244.0,8.0,Sirsa,Haryana,29.8,74.8,29.8,74.8,2017-02-12 23:44:19.000
2,524424.0,5244.0,8.0,Sirsa,Haryana,29.8,74.8,29.8,74.8,2017-01-18 22:40:27.999
2,524424.0,5244.0,8.0,Sirsa,Haryana,29.8,74.8,29.8,74.8,2017-04-12 04:44:54.000
2,524424.0,5244.0,8.0,Sirsa,Haryana,29.8,74.8,29.8,74.8,2017-04-07 23:06:38.000
2,524424.0,5244.0,8.0,Sirsa,Haryana,29.8,74.8,29.8,74.8,2017-01-28 22:43:27.000
2,524424.0,5244.0,8.0,Sirsa,Haryana,29.8,74.8,29.8,74.8,2016-12-17 23:28:00.000
2,524424.0,5244.0,8.0,Sirsa,Haryana,29.8,74.8,29.8,74.8,2017-02-23 23:13:23.000
2,524424.0,5244.0,8.0,Sirsa,Haryana,29.8,74.8,29.8,74.8,2016-12-07 03:24:59.999
2,524424.0,5244.0,8.0,Sirsa,Haryana,29.8,74.8,29.8,74.8,2016-11-30 23:32:59.999
2,524424.0,5244.0,8.0,Sirsa,Haryana,29.8,74.8,,,2017-04-08 00:20:42.112
2,524424.0,5244.0,8.0,Sirsa,Haryana,29.8,74.8,29.8,74.8,2016-12-14 22:41:00.000
2,524424.0,5244.0,8.0,Sirsa,Haryana,29.8,74.8,29.8,74.8,2017-02-21 22:29:58.999
2,524424.0,5244.0,8.0,Sirsa,Haryana,29.8,74.8,,,2017-04-08 00:20:42.112
2,524424.0,5244.0,8.0,Sirsa,Haryana,29.8,74.8,29.8,74.8,2017-04-07 23:18:01.000
2,524424.0,5244.0,8.0,Sirsa,Haryana,29.8,74.8,29.8,74.8,2017-01-26 22:53:21.000
2,524424.0,5244.0,8.0,Sirsa,Haryana,29.8,74.8,29.8,74.8,2017-03-04 03:34:56.000
2,524424.0,5244.0,8.0,Sirsa,Haryana,29.8,74.8,29.8,74.8,2017-01-30 23:53:44.999
2,524424.0,5244.0,8.0,Sirsa,Haryana,29.8,74.8,29.8,74.8,2017-01-26 23:26:32.999
2,524424.0,5244.0,8.0,Sirsa,Haryana,29.8,74.8,29.8,74.8,2017-01-15 00:35:06.000
2,524424.0,5244.0,8.0,Sirsa,Haryana,29.8,74.8,29.8,74.8,2017-01-13 23:17:37.000
2,524424.0,5244.0,8.0,Sirsa,Haryana,29.8,74.8,29.8,74.8,2017-01-09 23:54:35.000
2,524424.0,5244.0,8.0,Sirsa,Haryana,29.8,74.8,29.8,74.8,2017-01-20 01:06:24.000
1,524425.0,5244.0,8.0,Sirsa,Haryana,29.8,74.8,29.8,74.7,2017-01-04 00:02:34.000
1,524425.0,5244.0,8.0,Sirsa,Haryana,29.8,74.8,29.8,74.7,2017-01-09 22:34:10.000
1,524425.0,5244.0,8.0,Sirsa,Haryana,29.8,74.8,29.8,74.7,2017-01-23 00:32:01.999
1,524425.0,5244.0,8.0,Sirsa,Haryana,29.8,74.8,29.8,74.7,2017-01-21 01:43:22.000
1,524425.0,5244.0,8.0,Sirsa,Haryana,29.8,74.8,29.8,74.7,2016-12-24 22:44:59.999
1,524425.0,5244.0,8.0,Sirsa,Haryana,29.8,74.8,29.8,74.7,2017-01-23 00:30:58.000
1,524425.0,5244.0,8.0,Sirsa,Haryana,29.8,74.8,29.8,74.7,2017-01-06 00:35:46.000
1,524425.0,5244.0,8.0,Sirsa,Haryana,29.8,74.8,29.8,74.7,2017-01-17 23:59:31.999
1,524425.0,5244.0,8.0,Sirsa,Haryana,29.8,74.8,29.8,74.7,2017-01-16 23:34:11.000
1,524425.0,5244.0,8.0,Sirsa,Haryana,29.8,74.8,,,2017-04-07 23:02:03.520
1,524425.0,5244.0,8.0,Sirsa,Haryana,29.8,74.8,29.8,74.7,2017-01-27 01:50:34.000
1,524425.0,5244.0,8.0,Sirsa,Haryana,29.8,74.8,29.8,74.7,2017-01-28 03:42:59.000
1,524425.0,5244.0,8.0,Sirsa,Haryana,29.8,74.8,29.8,74.7,2017-01-23 00:30:11.000
1,524425.0,5244.0,8.0,Sirsa,Haryana,29.8,74.8,29.8,74.7,2017-02-09 22:11:21.000
1,524425.0,5244.0,8.0,Sirsa,Haryana,29.8,74.8,29.8,74.7,2017-01-04 23:47:57.000
1,524425.0,5244.0,8.0,Sirsa,Haryana,29.8,74.8,29.8,74.7,2017-02-09 22:10:47.999
1,524425.0,5244.0,8.0,Sirsa,Haryana,29.8,74.8,29.8,74.7,2017-01-04 23:48:30.000
1,524425.0,5244.0,8.0,Sirsa,Haryana,29.8,74.8,29.8,74.7,2017-01-08 00:41:10.000
1,524425.0,5244.0,8.0,Sirsa,Haryana,29.8,74.8,29.8,74.7,2017-01-12 01:00:22.000
1,524425.0,5244.0,8.0,Sirsa,Haryana,29.8,74.8,29.8,74.7,2017-01-04 23:47:31.000
1,524425.0,5244.0,8.0,Sirsa,Haryana,29.8,74.8,29.8,74.7,2017-01-09 22:35:26.000
1,524425.0,5244.0,8.0,Sirsa,Haryana,29.8,74.8,29.8,74.7,2016-12-12 23:55:00.000
1,524425.0,5244.0,8.0,Sirsa,Haryana,29.8,74.8,29.8,74.7,2017-01-04 00:03:36.000
1,524425.0,5244.0,8.0,Sirsa,Haryana,29.8,74.8,29.8,74.7,2017-01-27 01:50:06.000
1,524425.0,5244.0,8.0,Sirsa,Haryana,29.8,74.8,29.8,74.7,2017-01-16 23:34:49.000
1,524425.0,5244.0,8.0,Sirsa,Haryana,29.8,74.8,29.8,74.7,2016-12-24 22:46:00.000
1,524425.0,5244.0,8.0,Sirsa,Haryana,29.8,74.8,29.8,74.7,2017-01-09 00:28:31.000
1,524425.0,5244.0,8.0,Sirsa,Haryana,29.8,74.8,29.8,74.7,2017-01-28 03:42:16.000
1,524425.0,5244.0,8.0,Sirsa,Haryana,29.8,74.8,29.8,74.7,2017-01-06 00:36:21.000
1,524425.0,5244.0,8.0,Sirsa,Haryana,29.8,74.8,29.8,74.7,2017-01-17 23:59:58.999
1,524425.0,5244.0,8.0,Sirsa,Haryana,29.8,74.8,29.8,74.7,2017-01-09 22:35:53.999
1,524425.0,5244.0,8.0,Sirsa,Haryana,29.8,74.8,,,2017-04-07 23:02:03.520
1,524425.0,5244.0,8.0,Sirsa,Haryana,29.8,74.8,29.8,74.7,2017-01-06 00:36:48.000
1,524425.0,5244.0,8.0,Sirsa,Haryana,29.8,74.8,29.8,74.7,2017-04-07 22:16:13.000
1,524425.0,5244.0,8.0,Sirsa,Haryana,29.8,74.8,29.8,74.7,2017-01-12 00:58:28.000
1,524425.0,5244.0,8.0,Sirsa,Haryana,29.8,74.8,29.8,74.7,2017-01-12 00:59:40.000
1,524425.0,5244.0,8.0,Sirsa,Haryana,29.8,74.8,29.8,74.7,2017-03-26 00:14:03.000
1,524425.0,5244.0,8.0,Sirsa,Haryana,29.8,74.8,29.8,74.7,2017-01-28 03:43:21.999
1,524425.0,5244.0,8.0,Sirsa,Haryana,29.8,74.8,29.8,74.7,2017-01-09 00:29:46.000
1,524425.0,5244.0,8.0,Sirsa,Haryana,29.8,74.8,29.8,74.7,2017-03-18 02:56:10.000
1,524425.0,5244.0,8.0,Sirsa,Haryana,29.8,74.8,29.8,74.7,2017-01-21 01:43:51.000
1,524425.0,5244.0,8.0,Sirsa,Haryana,29.8,74.8,29.8,74.7,2017-04-07 22:07:36.000
1,524425.0,5244.0,8.0,Sirsa,Haryana,29.8,74.8,29.8,74.7,2017-01-08 00:40:34.000
1,524425.0,5244.0,8.0,Sirsa,Haryana,29.8,74.8,29.8,74.7,2016-12-12 23:58:00.000
1,524425.0,5244.0,8.0,Sirsa,Haryana,29.8,74.8,29.8,74.7,2017-04-12 02:28:20.000
1,524425.0,5244.0,8.0,Sirsa,Haryana,29.8,74.8,29.8,74.7,2017-04-07 22:09:08.000
1,524425.0,5244.0,8.0,Sirsa,Haryana,29.8,74.8,29.8,74.7,2017-01-04 00:05:29.000
1,524425.0,5244.0,8.0,Sirsa,Haryana,29.8,74.8,29.8,74.7,2017-01-21 01:42:54.000
1,524425.0,5244.0,8.0,Sirsa,Haryana,29.8,74.8,29.8,74.7,2016-12-12 02:00:00.000
1,524425.0,5244.0,8.0,Sirsa,Haryana,29.8,74.8,29.8,74.7,2017-01-16 23:33:33.000
1,524425.0,5244.0,8.0,Sirsa,Haryana,29.8,74.8,29.8,74.7,2017-01-09 00:29:06.999
1,524427.0,5244.0,8.0,Sirsa,Haryana,29.8,74.8,29.8,74.7,2017-01-11 23:09:21.000
1,524427.0,5244.0,8.0,Sirsa,Haryana,29.8,74.8,29.8,74.7,2017-01-16 00:32:27.000
1,524427.0,5244.0,8.0,Sirsa,Haryana,29.8,74.8,,,2017-04-07 23:30:27.456
1,524427.0,5244.0,8.0,Sirsa,Haryana,29.8,74.8,,,2017-04-07 23:30:27.456
1,524427.0,5244.0,8.0,Sirsa,Haryana,29.8,74.8,29.8,74.7,2017-02-16 23:15:06.000
1,524427.0,5244.0,8.0,Sirsa,Haryana,29.8,74.8,29.8,74.7,2017-03-06 01:48:02.999
1,524427.0,5244.0,8.0,Sirsa,Haryana,29.8,74.8,,,2017-04-07 23:30:27.456
1,524427.0,5244.0,8.0,Sirsa,Haryana,29.8,74.8,29.8,74.7,2016-12-22 02:10:00.000
1,524427.0,5244.0,8.0,Sirsa,Haryana,29.8,74.8,,,2017-04-07 23:30:27.456
1,524427.0,5244.0,8.0,Sirsa,Haryana,29.8,74.8,29.8,74.7,2016-12-26 01:30:00.000
1,524429.0,5244.0,8.0,Sirsa,Haryana,29.8,74.8,29.8,74.7,2016-12-11 01:54:59.999
1,524429.0,5244.0,8.0,Sirsa,Haryana,29.8,74.8,29.8,74.7,2016-12-27 23:13:59.999
1,524429.0,5244.0,8.0,Sirsa,Haryana,29.8,74.8,29.8,74.7,2017-03-20 01:14:06.999
1,524429.0,5244.0,8.0,Sirsa,Haryana,29.8,74.8,29.8,74.7,2017-02-19 02:06:51.000
1,524429.0,5244.0,8.0,Sirsa,Haryana,29.8,74.8,29.8,74.7,2017-04-08 01:17:17.000
1,524429.0,5244.0,8.0,Sirsa,Haryana,29.8,74.8,29.8,74.7,2017-02-28 00:28:42.000
1,524429.0,5244.0,8.0,Sirsa,Haryana,29.8,74.8,29.8,74.7,2017-01-06 01:00:34.000
1,524429.0,5244.0,8.0,Sirsa,Haryana,29.8,74.8,29.8,74.7,2016-12-30 01:49:00.000
1,524429.0,5244.0,8.0,Sirsa,Haryana,29.8,74.8,29.8,74.7,2017-01-03 00:29:17.000
1,524429.0,5244.0,8.0,Sirsa,Haryana,29.8,74.8,29.8,74.7,2017-04-08 01:10:33.000
1,524429.0,5244.0,8.0,Sirsa,Haryana,29.8,74.8,29.8,74.7,2016-12-25 02:29:59.999
1,524429.0,5244.0,8.0,Sirsa,Haryana,29.8,74.8,29.8,74.7,2016-12-13 02:03:59.999
1,524429.0,5244.0,8.0,Sirsa,Haryana,29.8,74.8,29.8,74.7,2016-11-30 01:27:00.000
1,524429.0,5244.0,8.0,Sirsa,Haryana,29.8,74.8,29.8,74.7,2017-03-30 01:32:42.000
1,524429.0,5244.0,8.0,Sirsa,Haryana,29.8,74.8,29.8,74.7,2017-02-14 01:52:25.000
1,524429.0,5244.0,8.0,Sirsa,Haryana,29.8,74.8,29.8,74.7,2017-03-22 00:40:08.000
1,524429.0,5244.0,8.0,Sirsa,Haryana,29.8,74.8,29.8,74.7,2017-03-05 02:10:42.000
1,524429.0,5244.0,8.0,Sirsa,Haryana,29.8,74.8,29.8,74.7,2016-12-23 01:38:00.000
1,524429.0,5244.0,8.0,Sirsa,Haryana,29.8,74.8,,,2017-04-08 02:23:02.144
1,524429.0,5244.0,8.0,Sirsa,Haryana,29.8,74.8,,,2017-04-08 02:23:02.144
1,524429.0,5244.0,8.0,Sirsa,Haryana,29.8,74.8,29.8,74.7,2016-12-23 01:34:00.000
1,524429.0,5244.0,8.0,Sirsa,Haryana,29.8,74.8,29.8,74.7,2017-02-06 23:53:55.000
1,524432.0,5244.0,8.0,Sirsa,Haryana,29.8,74.8,29.8,74.7,2017-01-03 22:56:00.000
1,524432.0,5244.0,8.0,Sirsa,Haryana,29.8,74.8,29.8,74.7,2016-12-02 23:10:59.999
1,524432.0,5244.0,8.0,Sirsa,Haryana,29.8,74.8,29.8,74.7,2016-12-28 01:28:59.999
1,524432.0,5244.0,8.0,Sirsa,Haryana,29.8,74.8,29.8,74.7,2017-02-01 00:08:50.000
1,524432.0,5244.0,8.0,Sirsa,Haryana,29.8,74.8,29.8,74.7,2017-04-09 01:12:37.000
1,524432.0,5244.0,8.0,Sirsa,Haryana,29.8,74.8,29.8,74.7,2016-12-08 22:41:00.000
1,524432.0,5244.0,8.0,Sirsa,Haryana,29.8,74.8,29.8,74.7,2016-12-06 23:47:00.000
1,524432.0,5244.0,8.0,Sirsa,Haryana,29.8,74.8,29.8,74.7,2017-03-21 23:40:11.000
1,524432.0,5244.0,8.0,Sirsa,Haryana,29.8,74.8,29.8,74.7,2017-02-13 01:02:40.999
1,524432.0,5244.0,8.0,Sirsa,Haryana,29.8,74.8,29.8,74.7,2017-01-23 23:25:52.000
1,524432.0,5244.0,8.0,Sirsa,Haryana,29.8,74.8,29.8,74.7,2017-01-21 01:14:28.000
1,524432.0,5244.0,8.0,Sirsa,Haryana,29.8,74.8,29.8,74.7,2017-01-10 00:39:19.999
1,524432.0,5244.0,8.0,Sirsa,Haryana,29.8,74.8,29.8,74.7,2017-01-16 02:04:29.999
1,524432.0,5244.0,8.0,Sirsa,Haryana,29.8,74.8,29.8,74.7,2017-02-21 02:16:15.000
1,524432.0,5244.0,8.0,Sirsa,Haryana,29.8,74.8,29.8,74.7,2016-12-18 01:20:00.000
1,524432.0,5244.0,8.0,Sirsa,Haryana,29.8,74.8,29.8,74.7,2017-01-01 23:17:28.000
1,524432.0,5244.0,8.0,Sirsa,Haryana,29.8,74.8,,,2017-04-07 22:11:48.864
1,524432.0,5244.0,8.0,Sirsa,Haryana,29.8,74.8,29.8,74.7,2017-01-06 00:25:03.000
1,524432.0,5244.0,8.0,Sirsa,Haryana,29.8,74.8,29.8,74.7,2016-11-25 23:41:00.000
1,524432.0,5244.0,8.0,Sirsa,Haryana,29.8,74.8,29.8,74.7,2017-01-12 23:00:40.999
1,524432.0,5244.0,8.0,Sirsa,Haryana,29.8,74.8,29.8,74.7,2017-01-30 02:04:33.000
1,524432.0,5244.0,8.0,Sirsa,Haryana,29.8,74.8,29.8,74.7,2016-12-13 01:09:59.999
1,524432.0,5244.0,8.0,Sirsa,Haryana,29.8,74.8,29.8,74.7,2017-03-01 02:28:44.000
1,524432.0,5244.0,8.0,Sirsa,Haryana,29.8,74.8,,,2017-04-07 22:11:48.864
1,524432.0,5244.0,8.0,Sirsa,Haryana,29.8,74.8,29.8,74.7,2017-01-27 23:42:20.000
1,524432.0,5244.0,8.0,Sirsa,Haryana,29.8,74.8,29.8,74.7,2017-03-28 23:39:47.000
1,524432.0,5244.0,8.0,Sirsa,Haryana,29.8,74.8,29.8,74.7,2016-12-21 23:08:00.000
1,524432.0,5244.0,8.0,Sirsa,Haryana,29.8,74.8,29.8,74.7,2017-03-23 23:46:29.000
1,524432.0,5244.0,8.0,Sirsa,Haryana,29.8,74.8,,,2017-04-07 22:11:48.864
1,524432.0,5244.0,8.0,Sirsa,Haryana,29.8,74.8,29.8,74.7,2016-12-14 23:57:00.000
1,524432.0,5244.0,8.0,Sirsa,Haryana,29.8,74.8,29.8,74.7,2016-11-27 22:43:00.000
1,524432.0,5244.0,8.0,Sirsa,Haryana,29.8,74.8,29.8,74.7,2016-11-30 01:37:00.000
1,524432.0,5244.0,8.0,Sirsa,Haryana,29.8,74.8,29.8,74.7,2017-04-05 23:36:01.000
1,524432.0,5244.0,8.0,Sirsa,Haryana,29.8,74.8,29.8,74.7,2016-12-29 22:54:00.000
1,524432.0,5244.0,8.0,Sirsa,Haryana,29.8,74.8,29.8,74.7,2016-12-24 23:37:00.000
1,524432.0,5244.0,8.0,Sirsa,Haryana,29.8,74.8,,,2017-04-07 22:11:48.864
1,524432.0,5244.0,8.0,Sirsa,Haryana,29.8,74.8,29.8,74.7,2016-12-10 23:10:59.999
1,524432.0,5244.0,8.0,Sirsa,Haryana,29.8,74.8,29.8,74.7,2016-12-04 23:16:00.000
1,524432.0,5244.0,8.0,Sirsa,Haryana,29.8,74.8,29.8,74.7,2017-02-19 22:32:34.999
1,524432.0,5244.0,8.0,Sirsa,Haryana,29.8,74.8,29.8,74.7,2017-03-26 02:03:51.000
1,524435.0,5244.0,8.0,Sirsa,Haryana,29.8,74.8,29.8,74.7,2016-12-16 23:31:00.000
1,524436.0,5244.0,8.0,Sirsa,Haryana,29.8,74.8,29.8,74.7,2017-04-08 00:14:21.000
1,524436.0,5244.0,8.0,Sirsa,Haryana,29.8,74.8,29.8,74.7,2017-01-05 01:48:31.000
1,524436.0,5244.0,8.0,Sirsa,Haryana,29.8,74.8,,,2017-04-08 01:19:41.056
1,524436.0,5244.0,8.0,Sirsa,Haryana,29.8,74.8,29.8,74.7,2016-12-26 00:26:00.000
1,524436.0,5244.0,8.0,Sirsa,Haryana,29.8,74.8,,,2017-04-08 01:19:41.056
1,524436.0,5244.0,8.0,Sirsa,Haryana,29.8,74.8,29.8,74.7,2016-12-23 23:51:59.999
1,524440.0,5244.0,8.0,Sirsa,Haryana,29.8,74.8,29.8,74.7,2016-12-27 00:27:59.999
1,524440.0,5244.0,8.0,Sirsa,Haryana,29.8,74.8,29.8,74.7,2016-12-22 02:16:59.999
1,524440.0,5244.0,8.0,Sirsa,Haryana,29.8,74.8,29.8,74.8,2017-04-08 00:31:09.000
1,524440.0,5244.0,8.0,Sirsa,Haryana,29.8,74.8,,,2017-04-08 01:39:20.704
1,524440.0,5244.0,8.0,Sirsa,Haryana,29.8,74.8,,,2017-04-08 01:39:20.704
1,524444.0,5244.0,8.0,Sirsa,Haryana,29.8,74.8,29.8,74.7,2016-12-12 02:02:00.000
1,524444.0,5244.0,8.0,Sirsa,Haryana,29.8,74.8,29.8,74.7,2016-12-26 01:36:00.000
1,524444.0,5244.0,8.0,Sirsa,Haryana,29.8,74.8,29.8,74.7,2016-12-18 00:40:59.999
1,524444.0,5244.0,8.0,Sirsa,Haryana,29.8,74.8,,,2017-04-07 22:31:28.512
1,524444.0,5244.0,8.0,Sirsa,Haryana,29.8,74.8,,,2017-04-07 22:31:28.512
1,524444.0,5244.0,8.0,Sirsa,Haryana,29.8,74.8,29.8,74.7,2016-12-16 01:53:00.000
1,524444.0,5244.0,8.0,Sirsa,Haryana,29.8,74.8,29.8,74.7,2016-12-28 00:39:00.000
1,524444.0,5244.0,8.0,Sirsa,Haryana,29.8,74.8,29.8,74.7,2016-12-06 23:19:59.999
1,528802.0,5288.0,8.0,Sirsa,Haryana,29.8,74.8,29.8,74.7,2017-03-27 04:44:16.000
1,528802.0,5288.0,8.0,Sirsa,Haryana,29.8,74.8,29.8,74.7,2017-01-22 01:54:53.999
1,528802.0,5288.0,8.0,Sirsa,Haryana,29.8,74.8,29.8,74.7,2017-04-08 00:33:30.000
1,528803.0,5288.0,8.0,Sirsa,Haryana,29.8,74.8,29.8,74.7,2017-01-09 22:30:27.000
1,528803.0,5288.0,8.0,Sirsa,Haryana,29.8,74.8,29.8,74.7,2017-01-04 23:52:34.999
1,528803.0,5288.0,8.0,Sirsa,Haryana,29.8,74.8,29.8,74.7,2017-01-09 00:33:35.999
1,528803.0,5288.0,8.0,Sirsa,Haryana,29.8,74.8,29.8,74.7,2017-01-04 23:51:16.999
1,528803.0,5288.0,8.0,Sirsa,Haryana,29.8,74.8,29.8,74.7,2017-04-07 22:19:52.000
1,528803.0,5288.0,8.0,Sirsa,Haryana,29.8,74.8,29.8,74.7,2017-01-16 23:39:08.000
1,528803.0,5288.0,8.0,Sirsa,Haryana,29.8,74.8,29.8,74.7,2017-01-27 01:53:51.000
1,528803.0,5288.0,8.0,Sirsa,Haryana,29.8,74.8,29.8,74.7,2016-12-24 22:50:00.000
1,528803.0,5288.0,8.0,Sirsa,Haryana,29.8,74.8,29.8,74.7,2017-01-16 23:39:43.000
1,528803.0,5288.0,8.0,Sirsa,Haryana,29.8,74.8,29.8,74.7,2017-01-09 00:33:10.000
1,528803.0,5288.0,8.0,Sirsa,Haryana,29.8,74.8,29.8,74.7,2016-12-12 23:48:00.000
1,528803.0,5288.0,8.0,Sirsa,Haryana,29.8,74.8,29.8,74.7,2017-04-12 02:33:55.000
1,528803.0,5288.0,8.0,Sirsa,Haryana,29.8,74.8,29.8,74.7,2017-01-23 00:25:23.000
1,528803.0,5288.0,8.0,Sirsa,Haryana,29.8,74.8,29.8,74.7,2017-04-12 02:32:37.000
1,528803.0,5288.0,8.0,Sirsa,Haryana,29.8,74.8,29.8,74.7,2017-01-09 22:41:05.999
1,528803.0,5288.0,8.0,Sirsa,Haryana,29.8,74.8,,,2017-04-07 23:19:32.096
1,528803.0,5288.0,8.0,Sirsa,Haryana,29.8,74.8,29.8,74.7,2017-01-06 00:31:34.000
1,528803.0,5288.0,8.0,Sirsa,Haryana,29.8,74.8,29.8,74.7,2017-04-12 02:33:10.999
1,528803.0,5288.0,8.0,Sirsa,Haryana,29.8,74.8,29.8,74.7,2016-12-12 02:32:00.000
1,528803.0,5288.0,8.0,Sirsa,Haryana,29.8,74.8,29.8,74.7,2017-01-18 00:03:06.000
1,528803.0,5288.0,8.0,Sirsa,Haryana,29.8,74.8,29.8,74.7,2017-03-26 00:17:03.000
1,528803.0,5288.0,8.0,Sirsa,Haryana,29.8,74.8,29.8,74.7,2017-01-27 01:53:25.000
1,528803.0,5288.0,8.0,Sirsa,Haryana,29.8,74.8,29.8,74.7,2017-01-28 03:46:43.999
1,528803.0,5288.0,8.0,Sirsa,Haryana,29.8,74.8,29.8,74.7,2017-01-23 00:24:37.999
1,528803.0,5288.0,8.0,Sirsa,Haryana,29.8,74.8,29.8,74.7,2017-01-12 01:03:45.000
1,528803.0,5288.0,8.0,Sirsa,Haryana,29.8,74.8,29.8,74.7,2017-01-28 03:46:08.999
1,528803.0,5288.0,8.0,Sirsa,Haryana,29.8,74.8,29.8,74.7,2017-01-16 23:38:30.999
1,528803.0,5288.0,8.0,Sirsa,Haryana,29.8,74.8,29.8,74.7,2017-01-09 22:29:49.000
1,528803.0,5288.0,8.0,Sirsa,Haryana,29.8,74.8,29.8,74.7,2017-01-21 01:46:38.000
1,528803.0,5288.0,8.0,Sirsa,Haryana,29.8,74.8,29.8,74.7,2017-01-06 00:32:17.000
1,528803.0,5288.0,8.0,Sirsa,Haryana,29.8,74.8,29.8,74.7,2017-02-09 23:06:46.999
1,528803.0,5288.0,8.0,Sirsa,Haryana,29.8,74.8,29.8,74.7,2017-01-21 01:47:35.999
1,528803.0,5288.0,8.0,Sirsa,Haryana,29.8,74.8,29.8,74.7,2017-01-04 23:52:07.000
1,528803.0,5288.0,8.0,Sirsa,Haryana,29.8,74.8,29.8,74.7,2017-01-09 22:41:43.000
1,528803.0,5288.0,8.0,Sirsa,Haryana,29.8,74.8,,,2017-04-07 23:19:32.096
1,528803.0,5288.0,8.0,Sirsa,Haryana,29.8,74.8,29.8,74.7,2016-12-12 23:44:00.000
1,528803.0,5288.0,8.0,Sirsa,Haryana,29.8,74.8,29.8,74.7,2017-03-18 02:59:57.000
1,528803.0,5288.0,8.0,Sirsa,Haryana,29.8,74.8,29.8,74.7,2017-01-04 00:11:05.999
1,528803.0,5288.0,8.0,Sirsa,Haryana,29.8,74.8,29.8,74.7,2017-01-12 01:03:20.000
1,528803.0,5288.0,8.0,Sirsa,Haryana,29.8,74.8,29.8,74.7,2017-01-23 00:25:57.000
1,528803.0,5288.0,8.0,Sirsa,Haryana,29.8,74.8,29.8,74.7,2017-01-09 22:40:36.000
1,528803.0,5288.0,8.0,Sirsa,Haryana,29.8,74.8,29.8,74.7,2017-01-09 00:32:36.999
1,528803.0,5288.0,8.0,Sirsa,Haryana,29.8,74.8,29.8,74.7,2017-01-06 00:32:43.000
1,528803.0,5288.0,8.0,Sirsa,Haryana,29.8,74.8,29.8,74.7,2017-01-09 22:29:14.000
1,528803.0,5288.0,8.0,Sirsa,Haryana,29.8,74.8,29.8,74.7,2017-03-26 00:17:32.999
1,528803.0,5288.0,8.0,Sirsa,Haryana,29.8,74.8,29.8,74.7,2017-01-21 01:47:11.999
1,528809.0,5288.0,8.0,Sirsa,Haryana,29.8,74.8,29.8,74.7,2017-01-21 04:29:47.000
1,528809.0,5288.0,8.0,Sirsa,Haryana,29.8,74.8,29.8,74.7,2017-04-07 23:25:40.000
1,528809.0,5288.0,8.0,Sirsa,Haryana,29.8,74.8,29.8,74.7,2016-12-08 00:29:00.000
1,528809.0,5288.0,8.0,Sirsa,Haryana,29.8,74.8,29.8,74.7,2016-12-08 00:27:00.000
1,528809.0,5288.0,8.0,Sirsa,Haryana,29.8,74.8,29.8,74.7,2016-12-31 00:37:34.000
1,528812.0,5288.0,8.0,Sirsa,Haryana,29.8,74.8,29.8,74.8,2016-12-22 01:49:00.000
1,528812.0,5288.0,8.0,Sirsa,Haryana,29.8,74.8,29.8,74.8,2016-12-22 01:50:59.999
1,528812.0,5288.0,8.0,Sirsa,Haryana,29.8,74.8,,,2017-04-08 03:43:51.808
1,528812.0,5288.0,8.0,Sirsa,Haryana,29.8,74.8,29.8,74.8,2016-12-23 22:50:59.999
1,528812.0,5288.0,8.0,Sirsa,Haryana,29.8,74.8,,,2017-04-08 03:43:51.808
1,528812.0,5288.0,8.0,Sirsa,Haryana,29.8,74.8,29.8,74.8,2016-12-15 02:03:00.000
1,528812.0,5288.0,8.0,Sirsa,Haryana,29.8,74.8,29.8,74.8,2016-12-23 22:53:00.000
1,528814.0,5288.0,8.0,Sirsa,Haryana,29.8,74.8,29.8,74.8,2016-12-30 23:00:15.000
1,528814.0,5288.0,8.0,Sirsa,Haryana,29.8,74.8,29.8,74.8,2017-01-13 23:00:58.000
1,528814.0,5288.0,8.0,Sirsa,Haryana,29.8,74.8,29.8,74.8,2017-01-05 23:44:13.000
1,528814.0,5288.0,8.0,Sirsa,Haryana,29.8,74.8,,,2017-04-08 03:35:07.520
1,528814.0,5288.0,8.0,Sirsa,Haryana,29.8,74.8,29.8,74.8,2016-12-26 22:54:59.999
1,528814.0,5288.0,8.0,Sirsa,Haryana,29.8,74.8,29.8,74.8,2017-01-14 23:20:32.000
1,528814.0,5288.0,8.0,Sirsa,Haryana,29.8,74.8,29.8,74.8,2017-01-04 23:17:29.000
1,528814.0,5288.0,8.0,Sirsa,Haryana,29.8,74.8,29.8,74.8,2016-12-15 23:21:00.000
1,528814.0,5288.0,8.0,Sirsa,Haryana,29.8,74.8,,,2017-04-08 03:35:07.520
1,528814.0,5288.0,8.0,Sirsa,Haryana,29.8,74.8,29.8,74.8,2017-01-07 22:51:07.999
1,528814.0,5288.0,8.0,Sirsa,Haryana,29.8,74.8,29.8,74.8,2017-01-01 23:03:19.999
1,528814.0,5288.0,8.0,Sirsa,Haryana,29.8,74.8,,,2017-04-08 03:35:07.520
1,528814.0,5288.0,8.0,Sirsa,Haryana,29.8,74.8,,,2017-04-08 03:35:07.520
1,528814.0,5288.0,8.0,Sirsa,Haryana,29.8,74.8,29.8,74.8,2016-12-15 23:22:00.000
1,528814.0,5288.0,8.0,Sirsa,Haryana,29.8,74.8,29.8,74.8,2016-12-29 22:38:00.000
1,528814.0,5288.0,8.0,Sirsa,Haryana,29.8,74.8,29.8,74.8,2016-12-31 22:56:59.000
1,528814.0,5288.0,8.0,Sirsa,Haryana,29.8,74.8,29.8,74.8,2016-12-19 22:53:00.000
1,528814.0,5288.0,8.0,Sirsa,Haryana,29.8,74.8,29.8,74.8,2017-01-13 22:56:06.999
1,528814.0,5288.0,8.0,Sirsa,Haryana,29.8,74.8,29.8,74.8,2016-12-20 23:03:59.999
1,528820.0,5288.0,8.0,Sirsa,Haryana,29.8,74.8,29.8,74.8,2017-02-11 02:09:32.000
1,528820.0,5288.0,8.0,Sirsa,Haryana,29.8,74.8,29.8,74.8,2016-12-15 02:31:00.000
1,528820.0,5288.0,8.0,Sirsa,Haryana,29.8,74.8,29.8,74.8,2017-02-03 01:27:57.999
1,528820.0,5288.0,8.0,Sirsa,Haryana,29.8,74.8,29.8,74.8,2016-12-15 02:32:00.000
1,528820.0,5288.0,8.0,Sirsa,Haryana,29.8,74.8,29.8,74.8,2016-12-28 02:16:59.999
1,528820.0,5288.0,8.0,Sirsa,Haryana,29.8,74.8,29.8,74.8,2016-12-28 22:56:00.000
1,528820.0,5288.0,8.0,Sirsa,Haryana,29.8,74.8,29.8,74.8,2017-02-18 01:22:26.999
1,528820.0,5288.0,8.0,Sirsa,Haryana,29.8,74.8,29.8,74.8,2017-01-28 04:10:34.000
1,528820.0,5288.0,8.0,Sirsa,Haryana,29.8,74.8,29.8,74.8,2017-01-21 02:23:23.000
1,528820.0,5288.0,8.0,Sirsa,Haryana,29.8,74.8,29.8,74.8,2017-02-20 02:41:46.999
1,528820.0,5288.0,8.0,Sirsa,Haryana,29.8,74.8,29.8,74.8,2017-01-25 03:30:23.000
1,528820.0,5288.0,8.0,Sirsa,Haryana,29.8,74.8,29.8,74.8,2017-01-07 01:05:46.000
1,528820.0,5288.0,8.0,Sirsa,Haryana,29.8,74.8,29.8,74.8,2017-02-26 06:05:05.000
1,528820.0,5288.0,8.0,Sirsa,Haryana,29.8,74.8,29.8,74.8,2016-12-09 02:37:00.000
1,528820.0,5288.0,8.0,Sirsa,Haryana,29.8,74.8,29.8,74.8,2017-03-02 05:38:03.000
1,528822.0,5288.0,8.0,Sirsa,Haryana,29.8,74.8,29.8,74.7,2017-04-12 21:18:32.000
1,528822.0,5288.0,8.0,Sirsa,Haryana,29.8,74.8,29.8,74.7,2017-03-17 04:57:47.000
1,528822.0,5288.0,8.0,Sirsa,Haryana,29.8,74.8,29.8,74.7,2017-01-21 04:28:40.000
1,528822.0,5288.0,8.0,Sirsa,Haryana,29.8,74.8,29.8,74.7,2017-02-22 04:07:50.000
1,528822.0,5288.0,8.0,Sirsa,Haryana,29.8,74.8,29.8,74.7,2016-12-23 03:42:00.000
1,528822.0,5288.0,8.0,Sirsa,Haryana,29.8,74.8,29.8,74.7,2017-01-18 04:10:07.000
1,528822.0,5288.0,8.0,Sirsa,Haryana,29.8,74.8,29.8,74.7,2017-03-01 05:51:18.000
1,528822.0,5288.0,8.0,Sirsa,Haryana,29.8,74.8,,,2017-04-07 23:58:51.392
1,528822.0,5288.0,8.0,Sirsa,Haryana,29.8,74.8,29.8,74.7,2016-12-31 00:09:41.000
1,528822.0,5288.0,8.0,Sirsa,Haryana,29.8,74.8,29.8,74.7,2017-01-16 04:05:38.999
1,528822.0,5288.0,8.0,Sirsa,Haryana,29.8,74.8,29.8,74.7,2017-01-04 00:37:21.999
1,528822.0,5288.0,8.0,Sirsa,Haryana,29.8,74.8,29.8,74.7,2017-03-24 06:53:55.000
1,528822.0,5288.0,8.0,Sirsa,Haryana,29.8,74.8,,,2017-04-07 23:58:51.392
1,528822.0,5288.0,8.0,Sirsa,Haryana,29.8,74.8,29.8,74.7,2017-01-27 00:38:30.000
1,528822.0,5288.0,8.0,Sirsa,Haryana,29.8,74.8,29.8,74.7,2017-04-07 23:09:41.000
1,528822.0,5288.0,8.0,Sirsa,Haryana,29.8,74.8,29.8,74.7,2017-02-13 05:30:12.000
1,528822.0,5288.0,8.0,Sirsa,Haryana,29.8,74.8,29.8,74.7,2016-12-20 02:03:59.999
1,528822.0,5288.0,8.0,Sirsa,Haryana,29.8,74.8,29.8,74.7,2016-12-23 03:40:59.999
1,528822.0,5288.0,8.0,Sirsa,Haryana,29.8,74.8,29.8,74.7,2017-03-01 05:52:12.000
1,528823.0,5288.0,8.0,Sirsa,Haryana,29.8,74.8,,,2017-04-08 03:06:43.584
1,528823.0,5288.0,8.0,Sirsa,Haryana,29.8,74.8,29.8,74.8,2016-12-20 22:54:59.999
1,528823.0,5288.0,8.0,Sirsa,Haryana,29.8,74.8,29.8,74.8,2016-12-24 23:23:59.999
1,528823.0,5288.0,8.0,Sirsa,Haryana,29.8,74.8,29.8,74.8,2016-12-22 23:34:00.000
1,528823.0,5288.0,8.0,Sirsa,Haryana,29.8,74.8,,,2017-04-08 03:06:43.584
1,528823.0,5288.0,8.0,Sirsa,Haryana,29.8,74.8,,,2017-04-08 03:06:43.584
1,528823.0,5288.0,8.0,Sirsa,Haryana,29.8,74.8,,,2017-04-08 03:06:43.584
1,528826.0,5288.0,8.0,Sirsa,Haryana,29.8,74.8,29.8,74.8,2017-02-12 00:34:01.000
1,528826.0,5288.0,8.0,Sirsa,Haryana,29.8,74.8,29.8,74.8,2017-03-08 00:12:30.000
1,528826.0,5288.0,8.0,Sirsa,Haryana,29.8,74.8,,,2017-04-17 22:38:28.352
1,528826.0,5288.0,8.0,Sirsa,Haryana,29.8,74.8,29.8,74.8,2017-02-13 23:05:25.000
1,528826.0,5288.0,8.0,Sirsa,Haryana,29.8,74.8,,,2017-04-17 22:38:28.352
1,528826.0,5288.0,8.0,Sirsa,Haryana,29.8,74.8,29.8,74.8,2017-01-10 02:08:52.000
1,528826.0,5288.0,8.0,Sirsa,Haryana,29.8,74.8,,,2017-04-17 22:38:28.352
1,528826.0,5288.0,8.0,Sirsa,Haryana,29.8,74.8,29.8,74.8,2016-12-12 23:45:59.999
1,528826.0,5288.0,8.0,Sirsa,Haryana,29.8,74.8,,,2017-04-17 22:38:28.352
1,528826.0,5288.0,8.0,Sirsa,Haryana,29.8,74.8,29.8,74.8,2016-12-12 23:42:59.999
1,528826.0,5288.0,8.0,Sirsa,Haryana,29.8,74.8,29.8,74.8,2017-02-02 00:02:18.999
1,528827.0,5288.0,8.0,Sirsa,Haryana,29.8,74.8,29.8,74.7,2017-01-21 01:50:49.000
1,528827.0,5288.0,8.0,Sirsa,Haryana,29.8,74.8,29.8,74.7,2017-01-16 23:42:39.000
1,528827.0,5288.0,8.0,Sirsa,Haryana,29.8,74.8,29.8,74.7,2017-01-28 03:50:02.000
1,528827.0,5288.0,8.0,Sirsa,Haryana,29.8,74.8,29.8,74.7,2016-12-12 02:23:59.999
1,528827.0,5288.0,8.0,Sirsa,Haryana,29.8,74.8,29.8,74.7,2017-01-04 00:21:37.000
1,528827.0,5288.0,8.0,Sirsa,Haryana,29.8,74.8,29.8,74.7,2017-04-07 22:38:52.000
1,528827.0,5288.0,8.0,Sirsa,Haryana,29.8,74.8,29.8,74.7,2017-01-16 23:43:38.000
1,528827.0,5288.0,8.0,Sirsa,Haryana,29.8,74.8,29.8,74.7,2017-01-16 23:43:09.000
1,528827.0,5288.0,8.0,Sirsa,Haryana,29.8,74.8,29.8,74.7,2017-01-06 00:27:16.000
1,528827.0,5288.0,8.0,Sirsa,Haryana,29.8,74.8,29.8,74.7,2017-01-04 00:22:11.000
1,528827.0,5288.0,8.0,Sirsa,Haryana,29.8,74.8,29.8,74.7,2017-01-18 00:06:31.999
1,528827.0,5288.0,8.0,Sirsa,Haryana,29.8,74.8,29.8,74.7,2017-01-23 00:20:30.000
1,528827.0,5288.0,8.0,Sirsa,Haryana,29.8,74.8,29.8,74.7,2017-01-27 01:56:27.999
1,528827.0,5288.0,8.0,Sirsa,Haryana,29.8,74.8,29.8,74.7,2017-03-26 00:20:51.000
1,528827.0,5288.0,8.0,Sirsa,Haryana,29.8,74.8,29.8,74.7,2017-04-12 02:37:12.000
1,528827.0,5288.0,8.0,Sirsa,Haryana,29.8,74.8,29.8,74.7,2017-01-09 22:44:19.000
1,528827.0,5288.0,8.0,Sirsa,Haryana,29.8,74.8,29.8,74.7,2017-01-06 00:20:13.000
1,528827.0,5288.0,8.0,Sirsa,Haryana,29.8,74.8,29.8,74.7,2017-01-08 00:51:38.000
1,528827.0,5288.0,8.0,Sirsa,Haryana,29.8,74.8,29.8,74.7,2017-01-09 22:45:06.000
1,528827.0,5288.0,8.0,Sirsa,Haryana,29.8,74.8,29.8,74.7,2017-01-04 23:55:40.000
1,528827.0,5288.0,8.0,Sirsa,Haryana,29.8,74.8,29.8,74.7,2017-01-09 00:35:54.000
1,528827.0,5288.0,8.0,Sirsa,Haryana,29.8,74.8,29.8,74.7,2017-01-04 00:18:47.000
1,528827.0,5288.0,8.0,Sirsa,Haryana,29.8,74.8,,,2017-04-07 23:37:00.672
1,528827.0,5288.0,8.0,Sirsa,Haryana,29.8,74.8,29.8,74.7,2017-01-27 01:56:52.999
1,528827.0,5288.0,8.0,Sirsa,Haryana,29.8,74.8,29.8,74.7,2017-01-04 23:56:31.000
1,528827.0,5288.0,8.0,Sirsa,Haryana,29.8,74.8,29.8,74.7,2016-12-13 00:08:00.000
1,528827.0,5288.0,8.0,Sirsa,Haryana,29.8,74.8,29.8,74.7,2017-01-06 00:28:07.999
1,528827.0,5288.0,8.0,Sirsa,Haryana,29.8,74.8,29.8,74.7,2017-01-04 23:55:07.000
1,528827.0,5288.0,8.0,Sirsa,Haryana,29.8,74.8,29.8,74.7,2017-01-06 00:19:31.000
1,528827.0,5288.0,8.0,Sirsa,Haryana,29.8,74.8,29.8,74.7,2017-03-18 03:03:28.000
1,528827.0,5288.0,8.0,Sirsa,Haryana,29.8,74.8,29.8,74.7,2017-01-28 03:50:29.000
1,528827.0,5288.0,8.0,Sirsa,Haryana,29.8,74.8,29.8,74.7,2017-01-04 00:17:45.000
1,528827.0,5288.0,8.0,Sirsa,Haryana,29.8,74.8,,,2017-04-07 23:37:00.672
1,528827.0,5288.0,8.0,Sirsa,Haryana,29.8,74.8,29.8,74.7,2017-03-26 00:21:20.000
1,528827.0,5288.0,8.0,Sirsa,Haryana,29.8,74.8,29.8,74.7,2017-03-18 03:04:19.000
1,528827.0,5288.0,8.0,Sirsa,Haryana,29.8,74.8,29.8,74.7,2017-01-09 22:44:43.999
1,528827.0,5288.0,8.0,Sirsa,Haryana,29.8,74.8,29.8,74.7,2017-01-21 01:50:22.000
1,528827.0,5288.0,8.0,Sirsa,Haryana,29.8,74.8,29.8,74.7,2017-01-06 00:27:40.000
1,528827.0,5288.0,8.0,Sirsa,Haryana,29.8,74.8,29.8,74.7,2017-01-18 00:07:02.000
1,528827.0,5288.0,8.0,Sirsa,Haryana,29.8,74.8,29.8,74.7,2017-01-04 00:19:55.999
1,528827.0,5288.0,8.0,Sirsa,Haryana,29.8,74.8,29.8,74.7,2017-01-12 01:07:23.000
1,528827.0,5288.0,8.0,Sirsa,Haryana,29.8,74.8,29.8,74.7,2017-01-28 03:50:50.999
1,528827.0,5288.0,8.0,Sirsa,Haryana,29.8,74.8,29.8,74.7,2017-01-12 01:08:41.000
1,528827.0,5288.0,8.0,Sirsa,Haryana,29.8,74.8,29.8,74.7,2017-01-23 00:21:09.000
1,528827.0,5288.0,8.0,Sirsa,Haryana,29.8,74.8,29.8,74.7,2017-01-09 00:36:26.000
1,528827.0,5288.0,8.0,Sirsa,Haryana,29.8,74.8,29.8,74.7,2016-12-13 00:04:59.999
1,528827.0,5288.0,8.0,Sirsa,Haryana,29.8,74.8,29.8,74.7,2017-04-12 02:37:36.999
1,528827.0,5288.0,8.0,Sirsa,Haryana,29.8,74.8,29.8,74.7,2017-01-04 00:20:54.000
1,528827.0,5288.0,8.0,Sirsa,Haryana,29.8,74.8,29.8,74.7,2017-01-06 00:18:55.000
1,528827.0,5288.0,8.0,Sirsa,Haryana,29.8,74.8,29.8,74.7,2017-01-09 00:36:59.000
1,528827.0,5288.0,8.0,Sirsa,Haryana,29.8,74.8,29.8,74.7,2017-01-06 00:23:38.000
1,528827.0,5288.0,8.0,Sirsa,Haryana,29.8,74.8,29.8,74.7,2017-01-12 01:07:54.000
1,528827.0,5288.0,8.0,Sirsa,Haryana,29.8,74.8,29.8,74.7,2017-01-21 01:49:54.000
1,528834.0,5288.0,8.0,Sirsa,Haryana,29.8,74.8,29.8,74.8,2016-12-18 01:12:00.000
1,533414.0,5334.0,35.0,Sirsa,Haryana,29.5,75.0,29.5,74.9,2017-02-27 21:54:23.999
1,533414.0,5334.0,35.0,Sirsa,Haryana,29.5,75.0,,,2017-04-08 23:03:51.040
1,533414.0,5334.0,35.0,Sirsa,Haryana,29.5,75.0,29.5,74.9,2017-04-08 22:12:29.999
1,533414.0,5334.0,35.0,Sirsa,Haryana,29.5,75.0,,,2017-04-08 23:03:51.040
1,533414.0,5334.0,35.0,Sirsa,Haryana,29.5,75.0,29.5,74.9,2017-03-29 22:29:45.999
1,533414.0,5334.0,35.0,Sirsa,Haryana,29.5,75.0,29.5,75.0,2016-12-21 05:09:00.000
1,533414.0,5334.0,35.0,Sirsa,Haryana,29.5,75.0,29.5,74.9,2016-12-31 02:26:13.000
1,533414.0,5334.0,35.0,Sirsa,Haryana,29.5,75.0,29.5,74.9,2017-04-08 22:04:55.999
1,533415.0,5334.0,35.0,Sirsa,Haryana,29.5,75.0,,,2017-04-09 01:28:01.792
1,533415.0,5334.0,35.0,Sirsa,Haryana,29.5,75.0,,,2017-04-09 01:28:01.792
1,533415.0,5334.0,35.0,Sirsa,Haryana,29.5,75.0,29.5,75.0,2017-01-03 23:36:26.999
1,533415.0,5334.0,35.0,Sirsa,Haryana,29.5,75.0,29.5,75.0,2017-01-06 02:08:12.999
1,533416.0,5334.0,35.0,Sirsa,Haryana,29.5,75.0,29.5,75.0,2017-01-07 05:22:59.000
1,533416.0,5334.0,35.0,Sirsa,Haryana,29.5,75.0,29.5,75.0,2017-02-19 21:54:47.000
1,533416.0,5334.0,35.0,Sirsa,Haryana,29.5,75.0,,,2017-04-08 23:23:30.688
1,533416.0,5334.0,35.0,Sirsa,Haryana,29.5,75.0,29.5,75.0,2017-01-09 23:04:10.999
1,533416.0,5334.0,35.0,Sirsa,Haryana,29.5,75.0,29.5,75.0,2017-03-13 00:17:46.000
1,533416.0,5334.0,35.0,Sirsa,Haryana,29.5,75.0,29.5,75.0,2017-01-27 04:39:55.000
1,533416.0,5334.0,35.0,Sirsa,Haryana,29.5,75.0,29.5,75.0,2017-03-23 22:58:07.999
1,533416.0,5334.0,35.0,Sirsa,Haryana,29.5,75.0,,,2017-04-08 23:23:30.688
1,533416.0,5334.0,35.0,Sirsa,Haryana,29.5,75.0,29.5,75.0,2017-04-08 22:17:30.000
1,533416.0,5334.0,35.0,Sirsa,Haryana,29.5,75.0,29.5,75.0,2017-04-08 22:11:19.000
1,533416.0,5334.0,35.0,Sirsa,Haryana,29.5,75.0,29.5,75.0,2017-03-25 22:42:11.000
1,533416.0,5334.0,35.0,Sirsa,Haryana,29.5,75.0,29.5,75.0,2016-12-26 02:03:00.000
1,533416.0,5334.0,35.0,Sirsa,Haryana,29.5,75.0,29.5,75.0,2017-03-06 21:56:32.000
1,533416.0,5334.0,35.0,Sirsa,Haryana,29.5,75.0,29.5,75.0,2016-12-31 05:15:19.000
1,533416.0,5334.0,35.0,Sirsa,Haryana,29.5,75.0,29.5,75.0,2017-01-15 03:45:09.999
1,533432.0,5334.0,35.0,Sirsa,Haryana,29.5,75.0,29.5,75.0,2017-04-08 22:49:04.999
1,533432.0,5334.0,35.0,Sirsa,Haryana,29.5,75.0,,,2017-04-08 23:47:32.480
1,533432.0,5334.0,35.0,Sirsa,Haryana,29.5,75.0,29.5,75.0,2017-01-24 03:04:58.000
1,533432.0,5334.0,35.0,Sirsa,Haryana,29.5,75.0,29.5,75.0,2016-12-27 23:58:59.999
1,533432.0,5334.0,35.0,Sirsa,Haryana,29.5,75.0,29.5,75.0,2017-01-28 00:50:25.000
1,533432.0,5334.0,35.0,Sirsa,Haryana,29.5,75.0,29.5,75.0,2016-12-21 23:00:59.999
1,533432.0,5334.0,35.0,Sirsa,Haryana,29.5,75.0,,,2017-04-08 23:47:32.480
1,533432.0,5334.0,35.0,Sirsa,Haryana,29.5,75.0,29.5,75.0,2017-04-08 22:57:51.999
1,533432.0,5334.0,35.0,Sirsa,Haryana,29.5,75.0,29.5,75.0,2016-12-26 01:11:00.000
1,533432.0,5334.0,35.0,Sirsa,Haryana,29.5,75.0,29.5,75.0,2016-12-24 00:58:00.000
1,533433.0,5334.0,35.0,Sirsa,Haryana,29.5,75.0,,,2017-04-08 23:30:03.904
1,533433.0,5334.0,35.0,Sirsa,Haryana,29.5,75.0,29.5,74.9,2017-04-03 23:30:15.999
1,533433.0,5334.0,35.0,Sirsa,Haryana,29.5,75.0,29.5,75.0,2017-04-05 22:21:06.999
1,533433.0,5334.0,35.0,Sirsa,Haryana,29.5,75.0,,,2017-04-08 23:30:03.904
1,533433.0,5334.0,35.0,Sirsa,Haryana,29.5,75.0,29.5,75.0,2017-04-10 22:35:59.000
1,533433.0,5334.0,35.0,Sirsa,Haryana,29.5,75.0,29.5,74.9,2017-03-31 21:38:55.000
1,533433.0,5334.0,35.0,Sirsa,Haryana,29.5,75.0,,,2017-04-08 23:30:03.904
1,533433.0,5334.0,35.0,Sirsa,Haryana,29.5,75.0,29.5,75.0,2016-12-03 19:44:00.000
1,533433.0,5334.0,35.0,Sirsa,Haryana,29.5,75.0,29.5,74.9,2017-03-30 21:49:35.000
1,533433.0,5334.0,35.0,Sirsa,Haryana,29.5,75.0,,,2017-04-08 23:30:03.904
1,533433.0,5334.0,35.0,Sirsa,Haryana,29.5,75.0,29.5,75.0,2017-04-08 06:38:57.000
1,533437.0,5334.0,35.0,Sirsa,Haryana,29.5,75.0,29.5,75.0,2016-12-29 00:45:00.000
1,533437.0,5334.0,35.0,Sirsa,Haryana,29.5,75.0,29.5,75.0,2017-03-25 00:23:17.000
1,533437.0,5334.0,35.0,Sirsa,Haryana,29.5,75.0,29.5,75.0,2017-01-01 01:57:32.999
1,533437.0,5334.0,35.0,Sirsa,Haryana,29.5,75.0,29.5,75.0,2017-03-19 00:15:14.000
1,533437.0,5334.0,35.0,Sirsa,Haryana,29.5,75.0,29.5,75.0,2017-04-11 23:30:25.000
1,533437.0,5334.0,35.0,Sirsa,Haryana,29.5,75.0,29.5,75.0,2017-01-14 00:42:25.999
1,533437.0,5334.0,35.0,Sirsa,Haryana,29.5,75.0,29.5,75.0,2017-04-01 23:17:55.000
1,533437.0,5334.0,35.0,Sirsa,Haryana,29.5,75.0,29.5,75.0,2017-03-28 23:10:45.999
1,533437.0,5334.0,35.0,Sirsa,Haryana,29.5,75.0,29.5,75.0,2017-03-22 23:36:55.000
1,533437.0,5334.0,35.0,Sirsa,Haryana,29.5,75.0,29.5,75.0,2017-02-15 15:05:29.999
1,533437.0,5334.0,35.0,Sirsa,Haryana,29.5,75.0,29.5,75.0,2017-04-09 00:21:10.000
1,533437.0,5334.0,35.0,Sirsa,Haryana,29.5,75.0,,,2017-04-09 01:52:03.584
1,533437.0,5334.0,35.0,Sirsa,Haryana,29.5,75.0,29.5,75.0,2017-03-22 00:01:56.999
1,533437.0,5334.0,35.0,Sirsa,Haryana,29.5,75.0,29.5,75.0,2017-04-07 23:33:18.000
1,533437.0,5334.0,35.0,Sirsa,Haryana,29.5,75.0,29.5,75.0,2017-01-12 00:26:38.999
1,533437.0,5334.0,35.0,Sirsa,Haryana,29.5,75.0,29.5,75.0,2017-04-04 05:01:31.000
1,533437.0,5334.0,35.0,Sirsa,Haryana,29.5,75.0,29.5,75.0,2017-03-16 23:38:32.000
1,533437.0,5334.0,35.0,Sirsa,Haryana,29.5,75.0,,,2017-04-09 01:52:03.584
1,533437.0,5334.0,35.0,Sirsa,Haryana,29.5,75.0,29.5,75.0,2016-12-29 00:51:00.000
1,533437.0,5334.0,35.0,Sirsa,Haryana,29.5,75.0,29.5,75.0,2017-03-19 01:03:32.000
1,533437.0,5334.0,35.0,Sirsa,Haryana,29.5,75.0,29.5,75.0,2017-03-31 01:36:54.000
1,533437.0,5334.0,35.0,Sirsa,Haryana,29.5,75.0,29.5,75.0,2017-04-09 00:30:04.000
1,533437.0,5334.0,35.0,Sirsa,Haryana,29.5,75.0,29.5,75.0,2017-04-02 23:42:42.000
1,533437.0,5334.0,35.0,Sirsa,Haryana,29.5,75.0,29.5,75.0,2017-04-05 23:42:56.999
1,533437.0,5334.0,35.0,Sirsa,Haryana,29.5,75.0,29.5,75.0,2017-03-02 22:53:46.999
1,533437.0,5334.0,35.0,Sirsa,Haryana,29.5,75.0,29.5,75.0,2017-01-16 01:33:23.000
1,533437.0,5334.0,35.0,Sirsa,Haryana,29.5,75.0,29.5,75.0,2017-02-07 01:57:34.000
1,533437.0,5334.0,35.0,Sirsa,Haryana,29.5,75.0,29.5,75.0,2017-03-26 23:37:01.000
1,533437.0,5334.0,35.0,Sirsa,Haryana,29.5,75.0,29.5,75.0,2017-03-15 03:17:59.999
1,533438.0,5334.0,35.0,Sirsa,Haryana,29.5,75.0,29.5,75.0,2017-04-08 01:13:37.000
1,533438.0,5334.0,35.0,Sirsa,Haryana,29.5,75.0,29.5,75.0,2017-01-19 01:21:30.999
1,533438.0,5334.0,35.0,Sirsa,Haryana,29.5,75.0,,,2017-04-09 01:25:50.720
1,533438.0,5334.0,35.0,Sirsa,Haryana,29.5,75.0,29.5,75.0,2017-02-10 22:56:54.999
1,533438.0,5334.0,35.0,Sirsa,Haryana,29.5,75.0,29.5,75.0,2017-03-06 23:08:44.000
1,533438.0,5334.0,35.0,Sirsa,Haryana,29.5,75.0,29.5,75.0,2017-01-15 00:09:58.999
1,533438.0,5334.0,35.0,Sirsa,Haryana,29.5,75.0,29.5,75.0,2017-02-02 01:56:14.999
1,533438.0,5334.0,35.0,Sirsa,Haryana,29.5,75.0,29.5,75.0,2017-01-20 22:54:37.999
1,533438.0,5334.0,35.0,Sirsa,Haryana,29.5,75.0,29.5,75.0,2017-04-04 23:52:45.000
1,533438.0,5334.0,35.0,Sirsa,Haryana,29.5,75.0,29.5,75.0,2017-01-10 00:25:17.000
1,533438.0,5334.0,35.0,Sirsa,Haryana,29.5,75.0,29.5,75.0,2017-02-09 00:22:47.000
1,533438.0,5334.0,35.0,Sirsa,Haryana,29.5,75.0,29.5,75.0,2017-03-05 01:43:44.000
1,533438.0,5334.0,35.0,Sirsa,Haryana,29.5,75.0,29.5,75.0,2017-03-23 01:12:00.000
1,533438.0,5334.0,35.0,Sirsa,Haryana,29.5,75.0,29.5,75.0,2017-01-29 22:40:54.999
1,533438.0,5334.0,35.0,Sirsa,Haryana,29.5,75.0,29.5,75.0,2017-01-22 02:01:48.000
1,533438.0,5334.0,35.0,Sirsa,Haryana,29.5,75.0,29.5,75.0,2017-03-11 01:57:54.000
1,533438.0,5334.0,35.0,Sirsa,Haryana,29.5,75.0,29.5,75.0,2017-02-24 22:40:27.999
1,533438.0,5334.0,35.0,Sirsa,Haryana,29.5,75.0,29.5,75.0,2017-02-15 22:35:02.999
1,533438.0,5334.0,35.0,Sirsa,Haryana,29.5,75.0,29.5,75.0,2017-02-20 00:13:41.999
1,533438.0,5334.0,35.0,Sirsa,Haryana,29.5,75.0,29.5,75.0,2017-01-10 23:24:36.000
1,533438.0,5334.0,35.0,Sirsa,Haryana,29.5,75.0,,,2017-04-09 01:25:50.720
1,533438.0,5334.0,35.0,Sirsa,Haryana,29.5,75.0,29.5,75.0,2017-03-15 23:43:14.000
1,533438.0,5334.0,35.0,Sirsa,Haryana,29.5,75.0,29.5,75.0,2017-01-08 22:46:03.000
1,533438.0,5334.0,35.0,Sirsa,Haryana,29.5,75.0,29.5,75.0,2017-03-14 02:57:03.999
1,533440.0,5334.0,35.0,Sirsa,Haryana,29.5,75.0,,,2017-04-08 23:40:59.264
1,533440.0,5334.0,35.0,Sirsa,Haryana,29.5,75.0,29.6,75.0,2016-11-07 01:25:59.999
1,533440.0,5334.0,35.0,Sirsa,Haryana,29.5,75.0,29.6,75.0,2016-12-23 02:16:59.999
1,533440.0,5334.0,35.0,Sirsa,Haryana,29.5,75.0,,,2017-04-08 23:40:59.264
1,533440.0,5334.0,35.0,Sirsa,Haryana,29.5,75.0,29.6,75.0,2017-01-07 02:34:28.000
1,533440.0,5334.0,35.0,Sirsa,Haryana,29.5,75.0,,,2017-04-08 23:40:59.264
1,533440.0,5334.0,35.0,Sirsa,Haryana,29.5,75.0,,,2017-04-08 23:40:59.264
1,533440.0,5334.0,35.0,Sirsa,Haryana,29.5,75.0,29.6,75.0,2017-01-23 22:30:01.999
1,533440.0,5334.0,35.0,Sirsa,Haryana,29.5,75.0,29.6,75.0,2017-01-04 01:44:45.000
1,533440.0,5334.0,35.0,Sirsa,Haryana,29.5,75.0,29.6,75.0,2017-02-07 23:33:28.000
1,533441.0,5334.0,35.0,Sirsa,Haryana,29.5,75.0,,,2017-04-08 23:14:46.400
1,533441.0,5334.0,35.0,Sirsa,Haryana,29.5,75.0,29.5,75.0,2016-12-27 04:57:59.999
1,533441.0,5334.0,35.0,Sirsa,Haryana,29.5,75.0,,,2017-04-08 23:14:46.400
1,533441.0,5334.0,35.0,Sirsa,Haryana,29.5,75.0,29.5,75.0,2016-12-31 02:19:35.999
1,533442.0,5334.0,35.0,Sirsa,Haryana,29.5,75.0,29.5,75.0,2017-01-19 01:41:07.000
1,552702.0,5527.0,35.0,Sirsa,Haryana,29.5,75.0,,,2017-04-09 03:50:01.472
1,552702.0,5527.0,35.0,Sirsa,Haryana,29.5,75.0,29.5,75.0,2017-02-24 05:22:51.999
1,552702.0,5527.0,35.0,Sirsa,Haryana,29.5,75.0,29.5,75.0,2017-02-15 22:40:17.999
1,552702.0,5527.0,35.0,Sirsa,Haryana,29.5,75.0,29.5,75.0,2017-02-27 22:25:10.999
1,552702.0,5527.0,35.0,Sirsa,Haryana,29.5,75.0,29.5,75.0,2017-03-08 06:07:34.000
1,552702.0,5527.0,35.0,Sirsa,Haryana,29.5,75.0,29.5,75.0,2017-02-11 04:34:32.000
1,552702.0,5527.0,35.0,Sirsa,Haryana,29.5,75.0,29.5,75.0,2017-03-04 04:39:26.000
1,552702.0,5527.0,35.0,Sirsa,Haryana,29.5,75.0,29.5,75.0,2017-01-15 23:13:24.999
1,552702.0,5527.0,35.0,Sirsa,Haryana,29.5,75.0,29.5,75.0,2017-01-18 22:40:52.000
1,552702.0,5527.0,35.0,Sirsa,Haryana,29.5,75.0,,,2017-04-09 03:50:01.472
1,552702.0,5527.0,35.0,Sirsa,Haryana,29.5,75.0,,,2017-04-09 03:50:01.472
1,552702.0,5527.0,35.0,Sirsa,Haryana,29.5,75.0,,,2017-04-09 03:50:01.472
1,552720.0,5527.0,35.0,Sirsa,Haryana,29.5,75.0,29.5,75.0,2017-02-16 02:03:35.999
1,552720.0,5527.0,35.0,Sirsa,Haryana,29.5,75.0,29.5,75.0,2017-03-02 22:25:43.000
1,552720.0,5527.0,35.0,Sirsa,Haryana,29.5,75.0,29.5,75.0,2016-12-24 03:53:59.999
1,552720.0,5527.0,35.0,Sirsa,Haryana,29.5,75.0,,,2017-04-09 04:57:44.704
1,552720.0,5527.0,35.0,Sirsa,Haryana,29.5,75.0,,,2017-04-09 04:57:44.704
1,552720.0,5527.0,35.0,Sirsa,Haryana,29.5,75.0,29.5,75.0,2017-02-25 01:57:40.000
1,552720.0,5527.0,35.0,Sirsa,Haryana,29.5,75.0,29.5,75.0,2017-04-09 03:52:35.000
1,552720.0,5527.0,35.0,Sirsa,Haryana,29.5,75.0,29.5,75.0,2017-04-09 03:57:36.000
1,552726.0,5527.0,35.0,Sirsa,Haryana,29.5,75.0,29.5,75.0,2017-02-25 00:41:54.000
1,552726.0,5527.0,35.0,Sirsa,Haryana,29.5,75.0,29.5,75.0,2017-01-15 01:49:14.000
1,552726.0,5527.0,35.0,Sirsa,Haryana,29.5,75.0,29.5,75.0,2017-01-06 01:27:52.999
1,552726.0,5527.0,35.0,Sirsa,Haryana,29.5,75.0,29.5,75.0,2017-02-11 00:11:58.000
1,552726.0,5527.0,35.0,Sirsa,Haryana,29.5,75.0,29.5,75.0,2017-01-31 02:00:32.999
1,552726.0,5527.0,35.0,Sirsa,Haryana,29.5,75.0,,,2017-04-09 04:40:16.128
1,552726.0,5527.0,35.0,Sirsa,Haryana,29.5,75.0,29.5,75.0,2017-01-29 01:42:30.000
1,552726.0,5527.0,35.0,Sirsa,Haryana,29.5,75.0,,,2017-04-09 04:40:16.128
1,552726.0,5527.0,35.0,Sirsa,Haryana,29.5,75.0,29.5,75.0,2017-02-23 01:58:04.000
1,552726.0,5527.0,35.0,Sirsa,Haryana,29.5,75.0,,,2017-04-09 04:40:16.128
1,552726.0,5527.0,35.0,Sirsa,Haryana,29.5,75.0,29.5,75.0,2017-01-11 01:30:09.999
1,552726.0,5527.0,35.0,Sirsa,Haryana,29.5,75.0,,,2017-04-09 04:40:16.128
1,552726.0,5527.0,35.0,Sirsa,Haryana,29.5,75.0,29.5,75.0,2017-01-03 00:26:00.000
1,552728.0,5527.0,35.0,Sirsa,Haryana,29.5,75.0,29.5,75.0,2016-12-25 22:54:59.999
1,552728.0,5527.0,35.0,Sirsa,Haryana,29.5,75.0,29.5,75.0,2017-01-09 05:59:01.000
1,552728.0,5527.0,35.0,Sirsa,Haryana,29.5,75.0,29.5,75.0,2017-02-24 05:03:38.000
1,552728.0,5527.0,35.0,Sirsa,Haryana,29.5,75.0,29.5,75.0,2017-03-14 01:37:11.999
1,552728.0,5527.0,35.0,Sirsa,Haryana,29.5,75.0,29.5,75.0,2017-01-23 22:54:53.999
1,552736.0,5527.0,35.0,Sirsa,Haryana,29.5,75.0,,,2017-04-09 03:23:48.608
1,552736.0,5527.0,35.0,Sirsa,Haryana,29.5,75.0,29.5,75.0,2017-03-06 22:52:23.999
1,552736.0,5527.0,35.0,Sirsa,Haryana,29.5,75.0,,,2017-04-09 03:23:48.608
1,552736.0,5527.0,35.0,Sirsa,Haryana,29.5,75.0,29.5,75.0,2017-04-09 02:22:06.999
1,552736.0,5527.0,35.0,Sirsa,Haryana,29.5,75.0,29.5,75.0,2017-03-15 22:01:28.000
1,552736.0,5527.0,35.0,Sirsa,Haryana,29.5,75.0,29.5,75.0,2017-01-30 01:08:54.000
1,554701.0,5547.0,2.0,Sirsa,Haryana,29.6,75.0,29.6,75.0,2017-03-07 04:14:30.999
1,554701.0,5547.0,2.0,Sirsa,Haryana,29.6,75.0,29.6,75.0,2017-02-27 04:36:04.999
1,554701.0,5547.0,2.0,Sirsa,Haryana,29.6,75.0,29.6,75.0,2017-02-10 03:36:43.999
1,554701.0,5547.0,2.0,Sirsa,Haryana,29.6,75.0,29.6,75.0,2017-02-06 01:10:44.000
1,554701.0,5547.0,2.0,Sirsa,Haryana,29.6,75.0,29.6,75.0,2017-03-04 03:51:06.000
1,554701.0,5547.0,2.0,Sirsa,Haryana,29.6,75.0,29.6,75.0,2017-03-20 05:18:00.000
1,554701.0,5547.0,2.0,Sirsa,Haryana,29.6,75.0,29.6,75.0,2017-03-10 03:55:17.999
1,554701.0,5547.0,2.0,Sirsa,Haryana,29.6,75.0,29.6,75.0,2017-03-22 05:17:21.000
1,554701.0,5547.0,2.0,Sirsa,Haryana,29.6,75.0,29.6,75.0,2017-03-08 03:59:38.000
1,554701.0,5547.0,2.0,Sirsa,Haryana,29.6,75.0,29.6,75.0,2017-02-21 03:46:59.999
1,554701.0,5547.0,2.0,Sirsa,Haryana,29.6,75.0,29.6,75.0,2017-01-05 00:15:18.000
1,554701.0,5547.0,2.0,Sirsa,Haryana,29.6,75.0,29.6,75.0,2017-03-01 04:19:52.000
1,554701.0,5547.0,2.0,Sirsa,Haryana,29.6,75.0,,,2017-04-08 08:06:00.448
1,554701.0,5547.0,2.0,Sirsa,Haryana,29.6,75.0,29.6,75.0,2017-03-03 04:14:41.999
1,554701.0,5547.0,2.0,Sirsa,Haryana,29.6,75.0,29.6,75.0,2017-02-19 03:02:12.000
1,554701.0,5547.0,2.0,Sirsa,Haryana,29.6,75.0,29.6,75.0,2017-02-22 03:59:38.000
1,554701.0,5547.0,2.0,Sirsa,Haryana,29.6,75.0,29.6,75.0,2017-02-12 03:29:17.000
1,554701.0,5547.0,2.0,Sirsa,Haryana,29.6,75.0,29.6,75.0,2017-03-05 03:44:23.000
1,554701.0,5547.0,2.0,Sirsa,Haryana,29.6,75.0,29.6,75.0,2017-03-18 05:15:28.999
1,554701.0,5547.0,2.0,Sirsa,Haryana,29.6,75.0,,,2017-04-08 08:06:00.448
1,554701.0,5547.0,2.0,Sirsa,Haryana,29.6,75.0,29.6,75.0,2017-03-29 05:58:48.999
1,554701.0,5547.0,2.0,Sirsa,Haryana,29.6,75.0,29.6,75.0,2017-03-26 05:21:23.999
1,554701.0,5547.0,2.0,Sirsa,Haryana,29.6,75.0,29.6,75.0,2017-03-15 05:42:37.999
1,554701.0,5547.0,2.0,Sirsa,Haryana,29.6,75.0,29.6,75.0,2017-03-24 05:40:42.999
1,554701.0,5547.0,2.0,Sirsa,Haryana,29.6,75.0,29.6,75.0,2017-02-08 01:08:26.000
1,554701.0,5547.0,2.0,Sirsa,Haryana,29.6,75.0,29.6,75.0,2017-04-08 07:18:40.999
1,554701.0,5547.0,2.0,Sirsa,Haryana,29.6,75.0,29.6,75.0,2017-03-14 04:54:21.000
1,554701.0,5547.0,2.0,Sirsa,Haryana,29.6,75.0,29.6,75.0,2017-03-02 03:38:19.000
1,554701.0,5547.0,2.0,Sirsa,Haryana,29.6,75.0,29.6,75.0,2017-02-16 04:20:01.999
1,554701.0,5547.0,2.0,Sirsa,Haryana,29.6,75.0,29.6,75.0,2017-04-11 05:52:44.000
1,554701.0,5547.0,2.0,Sirsa,Haryana,29.6,75.0,29.6,75.0,2017-02-24 04:17:30.000
1,554701.0,5547.0,2.0,Sirsa,Haryana,29.6,75.0,29.6,75.0,2017-04-10 06:07:00.999
1,554701.0,5547.0,2.0,Sirsa,Haryana,29.6,75.0,29.6,75.0,2017-03-31 05:36:24.000
1,554701.0,5547.0,2.0,Sirsa,Haryana,29.6,75.0,29.6,75.0,2016-12-22 01:57:59.999
1,554701.0,5547.0,2.0,Sirsa,Haryana,29.6,75.0,29.6,75.0,2017-02-20 03:39:33.000
1,554701.0,5547.0,2.0,Sirsa,Haryana,29.6,75.0,29.6,75.0,2017-03-12 03:46:42.000
1,554701.0,5547.0,2.0,Sirsa,Haryana,29.6,75.0,29.6,75.0,2017-02-28 03:53:07.000
1,554701.0,5547.0,2.0,Sirsa,Haryana,29.6,75.0,29.6,75.0,2017-03-28 05:24:42.000
1,554701.0,5547.0,2.0,Sirsa,Haryana,29.6,75.0,29.6,75.0,2017-04-08 07:09:29.000
1,554701.0,5547.0,2.0,Sirsa,Haryana,29.6,75.0,29.6,75.0,2017-02-14 03:16:55.999
1,554703.0,5547.0,2.0,Sirsa,Haryana,29.6,75.0,29.6,75.0,2017-01-25 00:47:33.000
1,554703.0,5547.0,2.0,Sirsa,Haryana,29.6,75.0,29.6,75.0,2016-12-06 00:53:00.000
1,554703.0,5547.0,2.0,Sirsa,Haryana,29.6,75.0,,,2017-04-08 06:40:48.640
1,554703.0,5547.0,2.0,Sirsa,Haryana,29.6,75.0,,,2017-04-08 06:40:48.640
1,554703.0,5547.0,2.0,Sirsa,Haryana,29.6,75.0,29.6,75.0,2016-12-19 01:44:59.999
1,554703.0,5547.0,2.0,Sirsa,Haryana,29.6,75.0,,,2017-04-08 06:40:48.640
1,554703.0,5547.0,2.0,Sirsa,Haryana,29.6,75.0,29.6,75.0,2016-12-23 01:08:00.000
1,554703.0,5547.0,2.0,Sirsa,Haryana,29.6,75.0,,,2017-04-08 06:40:48.640
1,554708.0,5547.0,2.0,Sirsa,Haryana,29.6,75.0,29.6,75.0,2017-01-03 23:05:31.000
1,554708.0,5547.0,2.0,Sirsa,Haryana,29.6,75.0,29.6,75.0,2017-01-20 23:58:10.000
1,554708.0,5547.0,2.0,Sirsa,Haryana,29.6,75.0,29.6,75.0,2017-03-12 01:29:10.999
1,554708.0,5547.0,2.0,Sirsa,Haryana,29.6,75.0,29.6,75.0,2017-01-29 00:00:55.000
1,554708.0,5547.0,2.0,Sirsa,Haryana,29.6,75.0,,,2017-04-08 06:45:10.784
1,554708.0,5547.0,2.0,Sirsa,Haryana,29.6,75.0,29.6,75.0,2016-12-12 01:41:00.000
1,554708.0,5547.0,2.0,Sirsa,Haryana,29.6,75.0,29.6,75.0,2017-03-24 00:47:58.000
1,554708.0,5547.0,2.0,Sirsa,Haryana,29.6,75.0,29.6,75.0,2017-01-17 23:49:45.000
1,554708.0,5547.0,2.0,Sirsa,Haryana,29.6,75.0,29.6,75.0,2017-01-24 02:31:44.999
1,554708.0,5547.0,2.0,Sirsa,Haryana,29.6,75.0,29.6,75.0,2016-12-09 00:17:59.999
1,554708.0,5547.0,2.0,Sirsa,Haryana,29.6,75.0,29.6,75.0,2017-02-19 01:46:57.999
1,554708.0,5547.0,2.0,Sirsa,Haryana,29.6,75.0,29.6,75.0,2017-02-14 23:50:36.000
1,554708.0,5547.0,2.0,Sirsa,Haryana,29.6,75.0,29.6,75.0,2017-02-20 23:33:29.000
1,554708.0,5547.0,2.0,Sirsa,Haryana,29.6,75.0,29.6,75.0,2016-12-23 01:21:00.000
1,554708.0,5547.0,2.0,Sirsa,Haryana,29.6,75.0,29.6,75.0,2017-03-19 23:35:08.999
1,554708.0,5547.0,2.0,Sirsa,Haryana,29.6,75.0,29.6,75.0,2017-04-11 00:16:11.000
1,554708.0,5547.0,2.0,Sirsa,Haryana,29.6,75.0,29.6,75.0,2016-12-28 02:00:59.999
1,554708.0,5547.0,2.0,Sirsa,Haryana,29.6,75.0,29.6,75.0,2017-01-26 23:48:00.999
1,554708.0,5547.0,2.0,Sirsa,Haryana,29.6,75.0,29.6,75.0,2016-12-25 00:06:00.000
1,554708.0,5547.0,2.0,Sirsa,Haryana,29.6,75.0,29.6,75.0,2016-12-20 01:20:00.000
1,554708.0,5547.0,2.0,Sirsa,Haryana,29.6,75.0,29.6,75.0,2017-01-13 23:12:32.000
1,554708.0,5547.0,2.0,Sirsa,Haryana,29.6,75.0,29.6,75.0,2017-02-11 23:52:51.000
1,554708.0,5547.0,2.0,Sirsa,Haryana,29.6,75.0,29.6,75.0,2017-03-11 01:13:10.999
1,554708.0,5547.0,2.0,Sirsa,Haryana,29.6,75.0,29.6,75.0,2017-03-26 07:48:13.999
1,554708.0,5547.0,2.0,Sirsa,Haryana,29.6,75.0,29.6,75.0,2017-02-17 01:35:04.000
1,554708.0,5547.0,2.0,Sirsa,Haryana,29.6,75.0,29.6,75.0,2017-02-23 02:11:15.999
1,554708.0,5547.0,2.0,Sirsa,Haryana,29.6,75.0,29.6,75.0,2017-01-09 02:29:48.999
1,554708.0,5547.0,2.0,Sirsa,Haryana,29.6,75.0,29.6,75.0,2017-03-17 02:05:09.000
1,554708.0,5547.0,2.0,Sirsa,Haryana,29.6,75.0,29.6,75.0,2017-02-24 23:14:12.000
1,554708.0,5547.0,2.0,Sirsa,Haryana,29.6,75.0,29.6,75.0,2016-12-16 02:23:00.000
1,554708.0,5547.0,2.0,Sirsa,Haryana,29.6,75.0,29.6,75.0,2016-12-03 00:11:00.000
1,554708.0,5547.0,2.0,Sirsa,Haryana,29.6,75.0,29.6,75.0,2017-03-07 02:30:07.000
1,554708.0,5547.0,2.0,Sirsa,Haryana,29.6,75.0,29.6,75.0,2017-01-15 23:53:49.000
1,554708.0,5547.0,2.0,Sirsa,Haryana,29.6,75.0,29.6,75.0,2016-12-30 23:27:55.000
1,554708.0,5547.0,2.0,Sirsa,Haryana,29.6,75.0,29.6,75.0,2017-02-07 23:24:34.000
1,554708.0,5547.0,2.0,Sirsa,Haryana,29.6,75.0,29.6,75.0,2017-03-08 00:22:12.000
1,554708.0,5547.0,2.0,Sirsa,Haryana,29.6,75.0,,,2017-04-08 06:45:10.784
1,554708.0,5547.0,2.0,Sirsa,Haryana,29.6,75.0,29.6,75.0,2017-01-12 00:19:38.000
1,554708.0,5547.0,2.0,Sirsa,Haryana,29.6,75.0,29.6,75.0,2017-03-04 23:18:51.000
1,554708.0,5547.0,2.0,Sirsa,Haryana,29.6,75.0,29.6,75.0,2017-01-06 22:57:53.000
1,554708.0,5547.0,2.0,Sirsa,Haryana,29.6,75.0,29.6,75.0,2017-02-28 23:09:45.000
1,554708.0,5547.0,2.0,Sirsa,Haryana,29.6,75.0,29.6,75.0,2017-01-02 00:55:24.000
1,554708.0,5547.0,2.0,Sirsa,Haryana,29.6,75.0,29.6,75.0,2017-01-16 23:37:31.999
1,554708.0,5547.0,2.0,Sirsa,Haryana,29.6,75.0,29.6,75.0,2017-01-19 23:32:56.000
1,554708.0,5547.0,2.0,Sirsa,Haryana,29.6,75.0,29.6,75.0,2016-12-13 22:50:59.999
1,554708.0,5547.0,2.0,Sirsa,Haryana,29.6,75.0,29.6,75.0,2017-02-02 02:29:59.999
1,554708.0,5547.0,2.0,Sirsa,Haryana,29.6,75.0,29.6,75.0,2017-02-06 00:40:51.000
1,554710.0,5547.0,2.0,Sirsa,Haryana,29.6,75.0,,,2017-04-08 08:23:29.024
1,554710.0,5547.0,2.0,Sirsa,Haryana,29.6,75.0,29.6,75.0,2016-11-30 00:46:00.000
1,554710.0,5547.0,2.0,Sirsa,Haryana,29.6,75.0,29.6,75.0,2016-11-22 22:50:00.000
1,554710.0,5547.0,2.0,Sirsa,Haryana,29.6,75.0,29.6,75.0,2016-12-02 00:52:00.000
1,554710.0,5547.0,2.0,Sirsa,Haryana,29.6,75.0,29.6,75.0,2016-11-28 01:04:00.000
1,554710.0,5547.0,2.0,Sirsa,Haryana,29.6,75.0,,,2017-04-08 08:23:29.024
1,554710.0,5547.0,2.0,Sirsa,Haryana,29.6,75.0,29.6,75.0,2016-11-30 02:13:59.999
1,554710.0,5547.0,2.0,Sirsa,Haryana,29.6,75.0,29.6,75.0,2016-11-30 02:09:00.000
1,554710.0,5547.0,2.0,Sirsa,Haryana,29.6,75.0,29.6,75.0,2016-11-24 23:21:00.000
1,554710.0,5547.0,2.0,Sirsa,Haryana,29.6,75.0,29.6,75.0,2017-04-08 07:12:26.000
1,554717.0,5547.0,2.0,Sirsa,Haryana,29.6,75.0,,,2017-04-09 09:41:44.064
1,554717.0,5547.0,2.0,Sirsa,Haryana,29.6,75.0,43.300000000000004,21.900000000000002,2016-12-17 23:54:00.000
1,554717.0,5547.0,2.0,Sirsa,Haryana,29.6,75.0,43.300000000000004,21.900000000000002,2016-12-04 00:08:59.999
1,554717.0,5547.0,2.0,Sirsa,Haryana,29.6,75.0,43.300000000000004,21.900000000000002,2017-01-07 02:17:26.000
1,554717.0,5547.0,2.0,Sirsa,Haryana,29.6,75.0,43.300000000000004,21.900000000000002,2016-12-04 00:22:00.000
1,554717.0,5547.0,2.0,Sirsa,Haryana,29.6,75.0,43.300000000000004,21.900000000000002,2017-01-02 00:39:45.000
1,554717.0,5547.0,2.0,Sirsa,Haryana,29.6,75.0,43.300000000000004,21.900000000000002,2016-12-19 23:45:00.000
1,554717.0,5547.0,2.0,Sirsa,Haryana,29.6,75.0,43.300000000000004,21.900000000000002,2017-01-04 00:13:54.000
1,554717.0,5547.0,2.0,Sirsa,Haryana,29.6,75.0,43.300000000000004,21.900000000000002,2016-12-29 03:06:00.000
1,554717.0,5547.0,2.0,Sirsa,Haryana,29.6,75.0,,,2017-04-09 09:41:44.064
1,554717.0,5547.0,2.0,Sirsa,Haryana,29.6,75.0,,,2017-04-09 09:41:44.064
1,554717.0,5547.0,2.0,Sirsa,Haryana,29.6,75.0,43.300000000000004,21.900000000000002,2017-03-08 22:13:07.000
1,554717.0,5547.0,2.0,Sirsa,Haryana,29.6,75.0,43.300000000000004,21.900000000000002,2016-12-12 02:31:00.000
1,554717.0,5547.0,2.0,Sirsa,Haryana,29.6,75.0,43.300000000000004,21.900000000000002,2017-03-21 23:19:21.000
1,554717.0,5547.0,2.0,Sirsa,Haryana,29.6,75.0,43.300000000000004,21.900000000000002,2017-03-24 22:44:48.000
1,554717.0,5547.0,2.0,Sirsa,Haryana,29.6,75.0,43.300000000000004,21.900000000000002,2017-02-13 23:04:21.000
1,554717.0,5547.0,2.0,Sirsa,Haryana,29.6,75.0,43.300000000000004,21.900000000000002,2017-03-17 23:28:38.000
1,554717.0,5547.0,2.0,Sirsa,Haryana,29.6,75.0,43.300000000000004,21.900000000000002,2017-03-20 23:09:00.000
1,554717.0,5547.0,2.0,Sirsa,Haryana,29.6,75.0,,,2017-04-09 09:41:44.064
1,554717.0,5547.0,2.0,Sirsa,Haryana,29.6,75.0,43.300000000000004,21.900000000000002,2016-12-26 23:28:00.000
1,554722.0,5547.0,2.0,Sirsa,Haryana,29.6,75.0,,,2017-04-08 08:27:51.168
1,554722.0,5547.0,2.0,Sirsa,Haryana,29.6,75.0,,,2017-04-08 08:27:51.168
1,554722.0,5547.0,2.0,Sirsa,Haryana,29.6,75.0,29.6,75.0,2017-02-25 02:24:41.000
1,554722.0,5547.0,2.0,Sirsa,Haryana,29.6,75.0,29.6,75.0,2016-12-13 02:15:00.000
1,554722.0,5547.0,2.0,Sirsa,Haryana,29.6,75.0,29.6,75.0,2016-11-24 02:05:00.000
1,554722.0,5547.0,2.0,Sirsa,Haryana,29.6,75.0,29.6,75.0,2016-12-07 01:23:00.000
1,554722.0,5547.0,2.0,Sirsa,Haryana,29.6,75.0,29.6,75.0,2017-01-22 01:20:41.999
1,554722.0,5547.0,2.0,Sirsa,Haryana,29.6,75.0,29.6,75.0,2017-01-24 01:55:55.000
1,554722.0,5547.0,2.0,Sirsa,Haryana,29.6,75.0,,,2017-04-08 08:27:51.168
1,554722.0,5547.0,2.0,Sirsa,Haryana,29.6,75.0,29.6,75.0,2016-12-21 01:31:00.000
1,554722.0,5547.0,2.0,Sirsa,Haryana,29.6,75.0,29.6,75.0,2016-12-26 01:18:59.999
1,554722.0,5547.0,2.0,Sirsa,Haryana,29.6,75.0,29.6,75.0,2017-01-14 01:58:34.999
1,554722.0,5547.0,2.0,Sirsa,Haryana,29.6,75.0,29.6,75.0,2017-04-01 03:08:34.000
1,554722.0,5547.0,2.0,Sirsa,Haryana,29.6,75.0,29.6,75.0,2017-01-28 02:02:28.000
1,554722.0,5547.0,2.0,Sirsa,Haryana,29.6,75.0,29.6,75.0,2017-01-03 02:30:22.000
1,554722.0,5547.0,2.0,Sirsa,Haryana,29.6,75.0,29.6,75.0,2017-02-11 01:48:21.999
1,554722.0,5547.0,2.0,Sirsa,Haryana,29.6,75.0,29.6,75.0,2017-01-31 01:25:34.000
1,554722.0,5547.0,2.0,Sirsa,Haryana,29.6,75.0,29.6,75.0,2016-12-15 01:53:00.000
1,554722.0,5547.0,2.0,Sirsa,Haryana,29.6,75.0,29.6,75.0,2017-02-18 02:19:00.000
1,554722.0,5547.0,2.0,Sirsa,Haryana,29.6,75.0,29.6,75.0,2016-12-05 00:52:00.000
1,554722.0,5547.0,2.0,Sirsa,Haryana,29.6,75.0,29.6,75.0,2017-02-02 00:59:35.999
1,554722.0,5547.0,2.0,Sirsa,Haryana,29.6,75.0,,,2017-04-08 08:27:51.168
1,554722.0,5547.0,2.0,Sirsa,Haryana,29.6,75.0,29.6,75.0,2017-03-09 02:08:58.000
1,554722.0,5547.0,2.0,Sirsa,Haryana,29.6,75.0,29.6,75.0,2017-03-14 23:38:46.000
1,554722.0,5547.0,2.0,Sirsa,Haryana,29.6,75.0,29.6,75.0,2017-02-13 01:36:44.000
1,554723.0,5547.0,2.0,Sirsa,Haryana,29.6,75.0,29.6,75.0,2017-01-14 00:09:11.000
1,554723.0,5547.0,2.0,Sirsa,Haryana,29.6,75.0,29.6,75.0,2017-01-14 00:12:36.000
1,554723.0,5547.0,2.0,Sirsa,Haryana,29.6,75.0,,,2017-04-08 09:02:48.320
1,554723.0,5547.0,2.0,Sirsa,Haryana,29.6,75.0,29.6,75.0,2017-01-06 23:38:57.999
1,554723.0,5547.0,2.0,Sirsa,Haryana,29.6,75.0,29.6,75.0,2017-04-08 07:52:09.999
1,554723.0,5547.0,2.0,Sirsa,Haryana,29.6,75.0,,,2017-04-08 09:02:48.320
1,554727.0,5547.0,2.0,Sirsa,Haryana,29.6,75.0,29.6,75.0,2017-03-28 01:26:39.999
1,554727.0,5547.0,2.0,Sirsa,Haryana,29.6,75.0,29.6,75.0,2016-12-20 02:10:00.000
1,554727.0,5547.0,2.0,Sirsa,Haryana,29.6,75.0,29.6,75.0,2017-01-03 01:57:53.000
1,554727.0,5547.0,2.0,Sirsa,Haryana,29.6,75.0,29.6,75.0,2016-11-21 23:00:00.000
1,554727.0,5547.0,2.0,Sirsa,Haryana,29.6,75.0,,,2017-04-08 08:54:04.032
1,554727.0,5547.0,2.0,Sirsa,Haryana,29.6,75.0,29.6,75.0,2017-03-12 01:16:39.000
1,554727.0,5547.0,2.0,Sirsa,Haryana,29.6,75.0,,,2017-04-08 08:54:04.032
1,554727.0,5547.0,2.0,Sirsa,Haryana,29.6,75.0,29.6,75.0,2016-12-16 00:20:00.000
1,554727.0,5547.0,2.0,Sirsa,Haryana,29.6,75.0,29.6,75.0,2017-03-03 00:32:17.000
1,554727.0,5547.0,2.0,Sirsa,Haryana,29.6,75.0,29.6,75.0,2016-11-28 23:58:00.000
1,554727.0,5547.0,2.0,Sirsa,Haryana,29.6,75.0,29.6,75.0,2016-11-21 23:03:00.000
1,554727.0,5547.0,2.0,Sirsa,Haryana,29.6,75.0,29.6,75.0,2016-12-05 01:57:59.999
1,554727.0,5547.0,2.0,Sirsa,Haryana,29.6,75.0,,,2017-04-08 08:54:04.032
1,554727.0,5547.0,2.0,Sirsa,Haryana,29.6,75.0,29.6,75.0,2017-01-11 02:24:42.999
1,554727.0,5547.0,2.0,Sirsa,Haryana,29.6,75.0,29.6,75.0,2017-02-25 02:32:07.000
1,554727.0,5547.0,2.0,Sirsa,Haryana,29.6,75.0,29.6,75.0,2016-12-08 02:08:00.000
1,554727.0,5547.0,2.0,Sirsa,Haryana,29.6,75.0,29.6,75.0,2016-12-25 01:37:00.000
1,554727.0,5547.0,2.0,Sirsa,Haryana,29.6,75.0,29.6,75.0,2017-01-28 01:28:12.000
1,554727.0,5547.0,2.0,Sirsa,Haryana,29.6,75.0,29.6,75.0,2016-12-30 01:27:00.000
1,554727.0,5547.0,2.0,Sirsa,Haryana,29.6,75.0,29.6,75.0,2016-11-26 01:34:00.000
1,554727.0,5547.0,2.0,Sirsa,Haryana,29.6,75.0,29.6,75.0,2017-03-21 02:47:52.000
1,554727.0,5547.0,2.0,Sirsa,Haryana,29.6,75.0,29.6,75.0,2016-12-01 00:32:00.000
1,554727.0,5547.0,2.0,Sirsa,Haryana,29.6,75.0,29.6,75.0,2017-03-15 03:00:22.999
1,554727.0,5547.0,2.0,Sirsa,Haryana,29.6,75.0,29.6,75.0,2017-01-12 23:00:56.000
1,554727.0,5547.0,2.0,Sirsa,Haryana,29.6,75.0,29.6,75.0,2017-01-23 01:42:25.000
1,554727.0,5547.0,2.0,Sirsa,Haryana,29.6,75.0,29.6,75.0,2017-03-08 00:42:06.000
1,554727.0,5547.0,2.0,Sirsa,Haryana,29.6,75.0,29.6,75.0,2017-02-12 01:14:44.000
1,554727.0,5547.0,2.0,Sirsa,Haryana,29.6,75.0,,,2017-04-08 08:54:04.032
1,554727.0,5547.0,2.0,Sirsa,Haryana,29.6,75.0,29.6,75.0,2017-02-07 02:21:44.999
1,554727.0,5547.0,2.0,Sirsa,Haryana,29.6,75.0,29.6,75.0,2017-02-02 01:02:54.000
1,554727.0,5547.0,2.0,Sirsa,Haryana,29.6,75.0,29.6,75.0,2017-01-07 02:29:07.000
1,554727.0,5547.0,2.0,Sirsa,Haryana,29.6,75.0,29.6,75.0,2016-12-11 02:31:00.000
1,554727.0,5547.0,2.0,Sirsa,Haryana,29.6,75.0,29.6,75.0,2017-02-19 00:24:31.000
1,554730.0,5547.0,2.0,Sirsa,Haryana,29.6,75.0,29.6,75.0,2016-12-03 00:16:00.000
1,554730.0,5547.0,2.0,Sirsa,Haryana,29.6,75.0,29.6,75.0,2017-01-11 02:54:29.000
1,554730.0,5547.0,2.0,Sirsa,Haryana,29.6,75.0,29.6,75.0,2016-12-13 00:49:59.999
1,554730.0,5547.0,2.0,Sirsa,Haryana,29.6,75.0,29.6,75.0,2017-01-13 00:38:38.000
1,554730.0,5547.0,2.0,Sirsa,Haryana,29.6,75.0,,,2017-04-08 07:20:07.936
1,554730.0,5547.0,2.0,Sirsa,Haryana,29.6,75.0,29.6,75.0,2016-12-07 23:51:59.999
1,554730.0,5547.0,2.0,Sirsa,Haryana,29.6,75.0,29.6,75.0,2016-12-16 23:35:59.999
1,554730.0,5547.0,2.0,Sirsa,Haryana,29.6,75.0,,,2017-04-08 07:20:07.936
1,554730.0,5547.0,2.0,Sirsa,Haryana,29.6,75.0,29.6,75.0,2017-01-07 23:31:33.000
1,554730.0,5547.0,2.0,Sirsa,Haryana,29.6,75.0,29.6,75.0,2017-01-05 23:48:59.999
1,554730.0,5547.0,2.0,Sirsa,Haryana,29.6,75.0,29.6,75.0,2016-12-18 23:53:00.000
1,554730.0,5547.0,2.0,Sirsa,Haryana,29.6,75.0,29.6,75.0,2016-12-10 23:02:00.000
1,554730.0,5547.0,2.0,Sirsa,Haryana,29.6,75.0,29.6,75.0,2017-01-14 00:31:49.000
1,554730.0,5547.0,2.0,Sirsa,Haryana,29.6,75.0,29.6,75.0,2017-02-11 23:33:41.000
1,554730.0,5547.0,2.0,Sirsa,Haryana,29.6,75.0,29.6,75.0,2016-12-18 23:54:00.000
1,554730.0,5547.0,2.0,Sirsa,Haryana,29.6,75.0,29.6,75.0,2017-01-03 00:44:44.000
1,554730.0,5547.0,2.0,Sirsa,Haryana,29.6,75.0,,,2017-04-08 07:20:07.936
1,554730.0,5547.0,2.0,Sirsa,Haryana,29.6,75.0,,,2017-04-08 07:20:07.936
1,554730.0,5547.0,2.0,Sirsa,Haryana,29.6,75.0,29.6,75.0,2016-11-27 00:24:00.000
1,554730.0,5547.0,2.0,Sirsa,Haryana,29.6,75.0,29.6,75.0,2016-12-05 23:57:00.000
1,554730.0,5547.0,2.0,Sirsa,Haryana,29.6,75.0,29.6,75.0,2016-11-28 23:29:59.999
1,554738.0,5547.0,2.0,Sirsa,Haryana,29.6,75.0,29.6,75.0,2017-01-29 23:34:28.999
1,554738.0,5547.0,2.0,Sirsa,Haryana,29.6,75.0,29.6,75.0,2017-02-09 23:51:56.000
1,554738.0,5547.0,2.0,Sirsa,Haryana,29.6,75.0,,,2017-04-08 09:13:43.680
1,554738.0,5547.0,2.0,Sirsa,Haryana,29.6,75.0,29.6,75.0,2017-03-10 00:25:50.000
1,554738.0,5547.0,2.0,Sirsa,Haryana,29.6,75.0,29.6,75.0,2016-12-28 01:50:00.000
1,554738.0,5547.0,2.0,Sirsa,Haryana,29.6,75.0,29.6,75.0,2017-01-28 02:05:58.000
1,554738.0,5547.0,2.0,Sirsa,Haryana,29.6,75.0,29.6,75.0,2016-12-24 00:53:59.999
1,554738.0,5547.0,2.0,Sirsa,Haryana,29.6,75.0,29.6,75.0,2017-02-14 01:24:30.000
1,554738.0,5547.0,2.0,Sirsa,Haryana,29.6,75.0,,,2017-04-08 09:13:43.680
1,554738.0,5547.0,2.0,Sirsa,Haryana,29.6,75.0,29.6,75.0,2016-12-12 02:06:59.999
1,554738.0,5547.0,2.0,Sirsa,Haryana,29.6,75.0,29.6,75.0,2017-02-27 01:32:41.000
1,554738.0,5547.0,2.0,Sirsa,Haryana,29.6,75.0,29.6,75.0,2017-03-18 00:24:01.000
1,554738.0,5547.0,2.0,Sirsa,Haryana,29.6,75.0,29.6,75.0,2017-02-16 00:11:35.999
1,554738.0,5547.0,2.0,Sirsa,Haryana,29.6,75.0,29.6,75.0,2017-02-08 01:25:56.999
1,554738.0,5547.0,2.0,Sirsa,Haryana,29.6,75.0,29.6,75.0,2016-12-04 00:22:00.000
1,554738.0,5547.0,2.0,Sirsa,Haryana,29.6,75.0,29.6,75.0,2017-02-24 00:05:18.999
1,554738.0,5547.0,2.0,Sirsa,Haryana,29.6,75.0,29.6,75.0,2017-03-16 00:14:51.000
1,554738.0,5547.0,2.0,Sirsa,Haryana,29.6,75.0,29.6,75.0,2017-02-18 01:03:42.000
1,554738.0,5547.0,2.0,Sirsa,Haryana,29.6,75.0,29.6,75.0,2016-12-22 01:24:00.000
1,554738.0,5547.0,2.0,Sirsa,Haryana,29.6,75.0,29.6,75.0,2017-02-12 00:14:19.999
1,554738.0,5547.0,2.0,Sirsa,Haryana,29.6,75.0,29.6,75.0,2017-03-02 00:39:59.000
1,554738.0,5547.0,2.0,Sirsa,Haryana,29.6,75.0,29.6,75.0,2017-03-21 02:07:55.000
1,554738.0,5547.0,2.0,Sirsa,Haryana,29.6,75.0,29.6,75.0,2017-01-20 00:58:36.000
1,554738.0,5547.0,2.0,Sirsa,Haryana,29.6,75.0,,,2017-04-08 09:13:43.680
1,554738.0,5547.0,2.0,Sirsa,Haryana,29.6,75.0,29.6,75.0,2017-03-22 23:48:18.000
1,554738.0,5547.0,2.0,Sirsa,Haryana,29.6,75.0,,,2017-04-08 09:13:43.680
1,554738.0,5547.0,2.0,Sirsa,Haryana,29.6,75.0,29.6,75.0,2017-01-08 02:16:27.000
1,554738.0,5547.0,2.0,Sirsa,Haryana,29.6,75.0,29.6,75.0,2016-12-17 01:31:59.999
1,554739.0,5547.0,2.0,Sirsa,Haryana,29.6,75.0,29.6,75.0,2017-03-15 01:30:19.000
1,554739.0,5547.0,2.0,Sirsa,Haryana,29.6,75.0,29.6,75.0,2017-03-18 01:33:19.000
1,554739.0,5547.0,2.0,Sirsa,Haryana,29.6,75.0,,,2017-04-08 09:20:16.896
1,554739.0,5547.0,2.0,Sirsa,Haryana,29.6,75.0,29.6,75.0,2016-12-04 23:03:00.000
1,554739.0,5547.0,2.0,Sirsa,Haryana,29.6,75.0,29.6,75.0,2017-03-21 00:55:06.000
1,554739.0,5547.0,2.0,Sirsa,Haryana,29.6,75.0,,,2017-04-08 09:20:16.896
1,554739.0,5547.0,2.0,Sirsa,Haryana,29.6,75.0,29.6,75.0,2017-02-09 00:29:47.000
1,554739.0,5547.0,2.0,Sirsa,Haryana,29.6,75.0,29.6,75.0,2017-02-21 22:54:05.999
1,554739.0,5547.0,2.0,Sirsa,Haryana,29.6,75.0,29.6,75.0,2016-12-07 00:46:59.999
1,554739.0,5547.0,2.0,Sirsa,Haryana,29.6,75.0,29.6,75.0,2016-12-27 01:49:00.000
1,554739.0,5547.0,2.0,Sirsa,Haryana,29.6,75.0,29.6,75.0,2017-01-06 02:27:50.000
1,554739.0,5547.0,2.0,Sirsa,Haryana,29.6,75.0,29.6,75.0,2017-02-25 02:01:45.999
1,554739.0,5547.0,2.0,Sirsa,Haryana,29.6,75.0,29.6,75.0,2017-03-07 00:18:42.000
1,554739.0,5547.0,2.0,Sirsa,Haryana,29.6,75.0,29.6,75.0,2016-12-23 00:51:00.000
1,554739.0,5547.0,2.0,Sirsa,Haryana,29.6,75.0,29.6,75.0,2017-04-04 00:56:32.000
2,554741.0,5547.0,2.0,Sirsa,Haryana,29.6,75.0,29.6,75.0,2016-12-28 23:35:00.000
2,554741.0,5547.0,2.0,Sirsa,Haryana,29.6,75.0,29.6,75.0,2017-01-04 00:37:09.000
2,554741.0,5547.0,2.0,Sirsa,Haryana,29.6,75.0,29.6,75.0,2016-12-28 23:38:00.000
2,554741.0,5547.0,2.0,Sirsa,Haryana,29.6,75.0,29.6,75.0,2017-01-10 02:51:38.000
2,554741.0,5547.0,2.0,Sirsa,Haryana,29.6,75.0,29.6,75.0,2017-01-13 23:47:54.000
2,554741.0,5547.0,2.0,Sirsa,Haryana,29.6,75.0,29.6,75.0,2017-01-21 23:26:53.999
2,554741.0,5547.0,2.0,Sirsa,Haryana,29.6,75.0,29.6,75.0,2016-12-20 23:51:59.999
1,602312.0,6023.0,21.0,Yamananagar,Haryana,30.200000000000003,77.2,30.200000000000003,77.2,2016-12-01 23:18:00.000
1,602312.0,6023.0,21.0,Yamananagar,Haryana,30.200000000000003,77.2,30.200000000000003,77.2,2017-04-04 04:48:49.000
1,602312.0,6023.0,21.0,Yamananagar,Haryana,30.200000000000003,77.2,30.200000000000003,77.2,2017-03-11 04:43:30.999
1,602312.0,6023.0,21.0,Yamananagar,Haryana,30.200000000000003,77.2,30.200000000000003,77.2,2016-12-20 03:27:59.999
1,602312.0,6023.0,21.0,Yamananagar,Haryana,30.200000000000003,77.2,30.200000000000003,77.2,2017-01-18 04:54:02.999
1,602312.0,6023.0,21.0,Yamananagar,Haryana,30.200000000000003,77.2,30.200000000000003,77.2,2016-12-21 03:10:00.000
1,602312.0,6023.0,21.0,Yamananagar,Haryana,30.200000000000003,77.2,30.200000000000003,77.2,2017-02-18 00:51:51.000
1,602312.0,6023.0,21.0,Yamananagar,Haryana,30.200000000000003,77.2,30.200000000000003,77.2,2016-12-09 02:58:00.000
1,602312.0,6023.0,21.0,Yamananagar,Haryana,30.200000000000003,77.2,30.200000000000003,77.2,2016-12-07 02:48:00.000
1,602312.0,6023.0,21.0,Yamananagar,Haryana,30.200000000000003,77.2,30.200000000000003,77.2,2016-12-28 00:40:59.999
1,602312.0,6023.0,21.0,Yamananagar,Haryana,30.200000000000003,77.2,30.200000000000003,77.2,2017-02-03 23:11:38.000
1,602312.0,6023.0,21.0,Yamananagar,Haryana,30.200000000000003,77.2,30.200000000000003,77.2,2017-03-30 06:25:31.999
1,602312.0,6023.0,21.0,Yamananagar,Haryana,30.200000000000003,77.2,30.200000000000003,77.2,2017-01-05 02:24:28.000
1,602312.0,6023.0,21.0,Yamananagar,Haryana,30.200000000000003,77.2,30.200000000000003,77.2,2016-12-06 02:41:00.000
1,602312.0,6023.0,21.0,Yamananagar,Haryana,30.200000000000003,77.2,30.200000000000003,77.2,2016-11-27 00:53:59.999
1,602312.0,6023.0,21.0,Yamananagar,Haryana,30.200000000000003,77.2,30.200000000000003,77.2,2017-01-16 05:42:55.000
1,602312.0,6023.0,21.0,Yamananagar,Haryana,30.200000000000003,77.2,30.200000000000003,77.2,2017-01-11 05:54:10.000
1,602312.0,6023.0,21.0,Yamananagar,Haryana,30.200000000000003,77.2,30.200000000000003,77.2,2017-01-14 04:40:30.000
1,602312.0,6023.0,21.0,Yamananagar,Haryana,30.200000000000003,77.2,30.200000000000003,77.2,2016-12-22 02:12:00.000
1,602312.0,6023.0,21.0,Yamananagar,Haryana,30.200000000000003,77.2,30.200000000000003,77.2,2017-01-20 03:30:13.999
1,602312.0,6023.0,21.0,Yamananagar,Haryana,30.200000000000003,77.2,30.200000000000003,77.2,2017-01-19 06:19:38.000
1,602312.0,6023.0,21.0,Yamananagar,Haryana,30.200000000000003,77.2,30.200000000000003,77.2,2017-02-12 00:54:15.999
1,602312.0,6023.0,21.0,Yamananagar,Haryana,30.200000000000003,77.2,30.200000000000003,77.2,2017-03-17 23:26:21.999
1,602312.0,6023.0,21.0,Yamananagar,Haryana,30.200000000000003,77.2,,,2017-04-04 06:00:52.480
1,602312.0,6023.0,21.0,Yamananagar,Haryana,30.200000000000003,77.2,30.200000000000003,77.2,2017-02-25 03:26:37.000
1,602312.0,6023.0,21.0,Yamananagar,Haryana,30.200000000000003,77.2,30.200000000000003,77.2,2017-04-02 23:19:51.999
1,602312.0,6023.0,21.0,Yamananagar,Haryana,30.200000000000003,77.2,30.200000000000003,77.2,2017-01-25 05:22:29.000
1,602312.0,6023.0,21.0,Yamananagar,Haryana,30.200000000000003,77.2,30.200000000000003,77.2,2017-01-14 22:59:49.999
1,602312.0,6023.0,21.0,Yamananagar,Haryana,30.200000000000003,77.2,30.200000000000003,77.2,2017-04-01 23:33:49.000
1,602312.0,6023.0,21.0,Yamananagar,Haryana,30.200000000000003,77.2,30.200000000000003,77.2,2016-12-17 03:06:00.000
1,602312.0,6023.0,21.0,Yamananagar,Haryana,30.200000000000003,77.2,30.200000000000003,77.2,2017-03-08 06:15:34.999
1,602312.0,6023.0,21.0,Yamananagar,Haryana,30.200000000000003,77.2,30.200000000000003,77.2,2016-11-25 05:10:00.000
1,602312.0,6023.0,21.0,Yamananagar,Haryana,30.200000000000003,77.2,30.200000000000003,77.2,2016-11-30 00:49:59.999
1,602312.0,6023.0,21.0,Yamananagar,Haryana,30.200000000000003,77.2,,,2017-04-04 06:00:52.480
1,602312.0,6023.0,21.0,Yamananagar,Haryana,30.200000000000003,77.2,30.200000000000003,77.2,2017-01-03 22:59:09.999
1,602313.0,6023.0,21.0,Yamananagar,Haryana,30.200000000000003,77.2,30.200000000000003,77.2,2016-12-14 01:11:00.000
1,602313.0,6023.0,21.0,Yamananagar,Haryana,30.200000000000003,77.2,30.200000000000003,77.2,2016-12-20 23:29:59.999
1,602313.0,6023.0,21.0,Yamananagar,Haryana,30.200000000000003,77.2,30.200000000000003,77.2,2017-02-14 04:54:04.000
1,602313.0,6023.0,21.0,Yamananagar,Haryana,30.200000000000003,77.2,30.200000000000003,77.2,2017-03-16 23:09:27.000
1,602313.0,6023.0,21.0,Yamananagar,Haryana,30.200000000000003,77.2,30.200000000000003,77.2,2017-03-03 00:31:10.999
1,602313.0,6023.0,21.0,Yamananagar,Haryana,30.200000000000003,77.2,30.200000000000003,77.2,2016-12-05 02:16:59.999
1,602313.0,6023.0,21.0,Yamananagar,Haryana,30.200000000000003,77.2,30.200000000000003,77.2,2017-01-28 00:18:58.000
1,602313.0,6023.0,21.0,Yamananagar,Haryana,30.200000000000003,77.2,30.200000000000003,77.2,2016-11-29 00:43:00.000
1,602313.0,6023.0,21.0,Yamananagar,Haryana,30.200000000000003,77.2,30.200000000000003,77.2,2017-01-27 03:43:51.000
1,602313.0,6023.0,21.0,Yamananagar,Haryana,30.200000000000003,77.2,30.200000000000003,77.2,2017-01-27 03:46:59.999
1,602313.0,6023.0,21.0,Yamananagar,Haryana,30.200000000000003,77.2,30.200000000000003,77.2,2017-02-19 23:15:03.000
1,602313.0,6023.0,21.0,Yamananagar,Haryana,30.200000000000003,77.2,30.200000000000003,77.2,2017-03-22 01:18:54.999
1,602313.0,6023.0,21.0,Yamananagar,Haryana,30.200000000000003,77.2,30.200000000000003,77.2,2017-01-19 01:15:26.000
1,602313.0,6023.0,21.0,Yamananagar,Haryana,30.200000000000003,77.2,30.200000000000003,77.2,2016-12-08 02:55:59.999
1,602313.0,6023.0,21.0,Yamananagar,Haryana,30.200000000000003,77.2,30.200000000000003,77.2,2016-12-11 00:24:00.000
1,602313.0,6023.0,21.0,Yamananagar,Haryana,30.200000000000003,77.2,30.200000000000003,77.2,2017-02-24 00:58:52.000
1,602313.0,6023.0,21.0,Yamananagar,Haryana,30.200000000000003,77.2,30.200000000000003,77.2,2017-01-16 23:51:03.000
1,602313.0,6023.0,21.0,Yamananagar,Haryana,30.200000000000003,77.2,30.200000000000003,77.2,2016-11-26 22:05:00.000
1,602313.0,6023.0,21.0,Yamananagar,Haryana,30.200000000000003,77.2,30.200000000000003,77.2,2017-04-04 03:42:25.999
1,602313.0,6023.0,21.0,Yamananagar,Haryana,30.200000000000003,77.2,30.200000000000003,77.2,2016-12-15 00:56:59.999
1,602313.0,6023.0,21.0,Yamananagar,Haryana,30.200000000000003,77.2,30.200000000000003,77.2,2016-12-17 02:13:00.000
1,602313.0,6023.0,21.0,Yamananagar,Haryana,30.200000000000003,77.2,30.200000000000003,77.2,2016-12-04 04:52:00.000
1,602313.0,6023.0,21.0,Yamananagar,Haryana,30.200000000000003,77.2,30.200000000000003,77.2,2017-04-04 03:48:35.000
1,602313.0,6023.0,21.0,Yamananagar,Haryana,30.200000000000003,77.2,30.200000000000003,77.2,2017-03-11 20:57:46.000
1,602313.0,6023.0,21.0,Yamananagar,Haryana,30.200000000000003,77.2,30.200000000000003,77.2,2017-01-25 01:23:39.999
1,602313.0,6023.0,21.0,Yamananagar,Haryana,30.200000000000003,77.2,30.200000000000003,77.2,2016-12-08 02:55:00.000
1,602313.0,6023.0,21.0,Yamananagar,Haryana,30.200000000000003,77.2,30.200000000000003,77.2,2017-02-27 06:49:24.999
1,602313.0,6023.0,21.0,Yamananagar,Haryana,30.200000000000003,77.2,30.200000000000003,77.2,2016-11-30 23:58:00.000
1,602313.0,6023.0,21.0,Yamananagar,Haryana,30.200000000000003,77.2,30.200000000000003,77.2,2017-02-22 00:08:13.999
1,602313.0,6023.0,21.0,Yamananagar,Haryana,30.200000000000003,77.2,30.200000000000003,77.2,2017-02-01 01:09:31.000
1,602313.0,6023.0,21.0,Yamananagar,Haryana,30.200000000000003,77.2,30.200000000000003,77.2,2017-03-04 23:39:51.000
1,602313.0,6023.0,21.0,Yamananagar,Haryana,30.200000000000003,77.2,30.200000000000003,77.2,2016-12-01 00:36:59.999
1,602313.0,6023.0,21.0,Yamananagar,Haryana,30.200000000000003,77.2,30.200000000000003,77.2,2016-11-26 22:11:00.000
1,602313.0,6023.0,21.0,Yamananagar,Haryana,30.200000000000003,77.2,30.200000000000003,77.2,2017-02-12 05:09:14.000
1,602313.0,6023.0,21.0,Yamananagar,Haryana,30.200000000000003,77.2,,,2017-04-04 04:53:09.248
1,602313.0,6023.0,21.0,Yamananagar,Haryana,30.200000000000003,77.2,30.200000000000003,77.2,2017-02-09 22:46:09.000
1,602313.0,6023.0,21.0,Yamananagar,Haryana,30.200000000000003,77.2,30.200000000000003,77.2,2017-03-15 01:10:27.000
1,602313.0,6023.0,21.0,Yamananagar,Haryana,30.200000000000003,77.2,30.200000000000003,77.2,2017-02-16 06:05:50.999
1,602313.0,6023.0,21.0,Yamananagar,Haryana,30.200000000000003,77.2,30.200000000000003,77.2,2017-02-07 22:06:07.999
1,602313.0,6023.0,21.0,Yamananagar,Haryana,30.200000000000003,77.2,30.200000000000003,77.2,2017-03-06 02:50:06.000
1,602313.0,6023.0,21.0,Yamananagar,Haryana,30.200000000000003,77.2,30.200000000000003,77.2,2017-03-30 23:42:43.000
1,602313.0,6023.0,21.0,Yamananagar,Haryana,30.200000000000003,77.2,,,2017-04-04 04:53:09.248
1,602315.0,6023.0,21.0,Yamananagar,Haryana,30.200000000000003,77.2,30.200000000000003,77.2,2016-12-12 02:16:59.999
1,602315.0,6023.0,21.0,Yamananagar,Haryana,30.200000000000003,77.2,30.200000000000003,77.2,2016-12-14 01:12:59.999
1,602315.0,6023.0,21.0,Yamananagar,Haryana,30.200000000000003,77.2,30.200000000000003,77.2,2017-02-26 02:46:20.000
1,602315.0,6023.0,21.0,Yamananagar,Haryana,30.200000000000003,77.2,30.200000000000003,77.2,2016-12-27 03:06:00.000
1,602315.0,6023.0,21.0,Yamananagar,Haryana,30.200000000000003,77.2,30.200000000000003,77.2,2017-02-06 04:36:08.000
1,602315.0,6023.0,21.0,Yamananagar,Haryana,30.200000000000003,77.2,30.200000000000003,77.2,2017-01-09 04:54:51.999
1,602315.0,6023.0,21.0,Yamananagar,Haryana,30.200000000000003,77.2,30.200000000000003,77.2,2016-12-18 01:08:00.000
1,602315.0,6023.0,21.0,Yamananagar,Haryana,30.200000000000003,77.2,30.200000000000003,77.2,2016-12-16 00:16:00.000
1,602315.0,6023.0,21.0,Yamananagar,Haryana,30.200000000000003,77.2,30.200000000000003,77.2,2017-02-18 04:11:08.000
1,602315.0,6023.0,21.0,Yamananagar,Haryana,30.200000000000003,77.2,30.200000000000003,77.2,2017-04-04 04:26:10.000
1,602315.0,6023.0,21.0,Yamananagar,Haryana,30.200000000000003,77.2,30.200000000000003,77.2,2017-01-23 05:49:42.999
1,602315.0,6023.0,21.0,Yamananagar,Haryana,30.200000000000003,77.2,,,2017-04-04 05:30:17.472
1,602315.0,6023.0,21.0,Yamananagar,Haryana,30.200000000000003,77.2,,,2017-04-04 05:30:17.472
1,602317.0,6023.0,21.0,Yamananagar,Haryana,30.200000000000003,77.2,30.200000000000003,77.2,2017-01-13 02:31:47.000
1,602317.0,6023.0,21.0,Yamananagar,Haryana,30.200000000000003,77.2,30.200000000000003,77.2,2017-02-26 00:50:58.000
1,602317.0,6023.0,21.0,Yamananagar,Haryana,30.200000000000003,77.2,30.200000000000003,77.2,2017-02-04 04:32:05.000
1,602317.0,6023.0,21.0,Yamananagar,Haryana,30.200000000000003,77.2,30.200000000000003,77.2,2017-01-31 05:48:26.000
1,602317.0,6023.0,21.0,Yamananagar,Haryana,30.200000000000003,77.2,30.200000000000003,77.2,2017-01-22 01:26:58.999
1,602317.0,6023.0,21.0,Yamananagar,Haryana,30.200000000000003,77.2,30.200000000000003,77.2,2017-03-05 01:39:12.999
1,602317.0,6023.0,21.0,Yamananagar,Haryana,30.200000000000003,77.2,30.200000000000003,77.2,2017-01-24 04:46:40.000
1,602317.0,6023.0,21.0,Yamananagar,Haryana,30.200000000000003,77.2,30.200000000000003,77.2,2017-03-22 00:13:55.000
1,602317.0,6023.0,21.0,Yamananagar,Haryana,30.200000000000003,77.2,30.200000000000003,77.2,2017-03-24 07:28:15.000
1,602317.0,6023.0,21.0,Yamananagar,Haryana,30.200000000000003,77.2,,,2017-04-19 01:39:23.776
1,602317.0,6023.0,21.0,Yamananagar,Haryana,30.200000000000003,77.2,30.200000000000003,77.2,2017-03-26 07:59:52.999
1,602317.0,6023.0,21.0,Yamananagar,Haryana,30.200000000000003,77.2,30.200000000000003,77.2,2017-04-17 07:08:19.000
1,602317.0,6023.0,21.0,Yamananagar,Haryana,30.200000000000003,77.2,,,2017-04-19 01:39:23.776
1,602328.0,6023.0,21.0,Yamananagar,Haryana,30.200000000000003,77.2,30.200000000000003,77.2,2017-03-13 03:43:03.000
1,602328.0,6023.0,21.0,Yamananagar,Haryana,30.200000000000003,77.2,30.200000000000003,77.2,2017-01-25 05:16:00.999
1,602328.0,6023.0,21.0,Yamananagar,Haryana,30.200000000000003,77.2,30.200000000000003,77.2,2017-01-31 01:57:31.000
1,602328.0,6023.0,21.0,Yamananagar,Haryana,30.200000000000003,77.2,30.200000000000003,77.2,2017-01-11 23:29:13.999
1,602328.0,6023.0,21.0,Yamananagar,Haryana,30.200000000000003,77.2,30.200000000000003,77.2,2017-02-27 05:12:13.000
1,602328.0,6023.0,21.0,Yamananagar,Haryana,30.200000000000003,77.2,,,2017-04-04 04:26:56.384
1,602328.0,6023.0,21.0,Yamananagar,Haryana,30.200000000000003,77.2,30.200000000000003,77.2,2017-03-17 01:28:39.000
1,602328.0,6023.0,21.0,Yamananagar,Haryana,30.200000000000003,77.2,30.200000000000003,77.2,2017-01-06 02:00:47.000
1,602328.0,6023.0,21.0,Yamananagar,Haryana,30.200000000000003,77.2,30.200000000000003,77.2,2017-03-01 00:18:56.000
1,602328.0,6023.0,21.0,Yamananagar,Haryana,30.200000000000003,77.2,30.200000000000003,77.2,2017-03-12 01:31:23.000
1,602328.0,6023.0,21.0,Yamananagar,Haryana,30.200000000000003,77.2,30.200000000000003,77.2,2017-03-24 02:12:00.000
1,602328.0,6023.0,21.0,Yamananagar,Haryana,30.200000000000003,77.2,,,2017-04-04 04:26:56.384
1,602328.0,6023.0,21.0,Yamananagar,Haryana,30.200000000000003,77.2,30.200000000000003,77.2,2017-03-22 01:28:11.000
1,602328.0,6023.0,21.0,Yamananagar,Haryana,30.200000000000003,77.2,30.200000000000003,77.2,2017-02-08 03:17:48.000
1,602328.0,6023.0,21.0,Yamananagar,Haryana,30.200000000000003,77.2,30.200000000000003,77.2,2017-04-04 03:35:44.000
1,602328.0,6023.0,21.0,Yamananagar,Haryana,30.200000000000003,77.2,30.200000000000003,77.2,2017-04-04 03:23:33.000
1,602328.0,6023.0,21.0,Yamananagar,Haryana,30.200000000000003,77.2,30.200000000000003,77.2,2017-03-12 01:30:24.000
1,602328.0,6023.0,21.0,Yamananagar,Haryana,30.200000000000003,77.2,30.200000000000003,77.2,2017-02-16 05:18:14.000
1,602328.0,6023.0,21.0,Yamananagar,Haryana,30.200000000000003,77.2,30.200000000000003,77.2,2017-03-30 22:59:01.999
1,602328.0,6023.0,21.0,Yamananagar,Haryana,30.200000000000003,77.2,30.200000000000003,77.2,2016-12-18 23:47:00.000
1,602331.0,6023.0,21.0,Yamananagar,Haryana,30.200000000000003,77.2,30.200000000000003,77.2,2017-01-25 00:25:18.000
1,602331.0,6023.0,21.0,Yamananagar,Haryana,30.200000000000003,77.2,30.200000000000003,77.2,2016-12-05 02:42:00.000
1,602331.0,6023.0,21.0,Yamananagar,Haryana,30.200000000000003,77.2,30.200000000000003,77.2,2017-02-12 05:14:50.999
1,602331.0,6023.0,21.0,Yamananagar,Haryana,30.200000000000003,77.2,30.200000000000003,77.2,2017-01-10 02:40:44.000
1,602331.0,6023.0,21.0,Yamananagar,Haryana,30.200000000000003,77.2,30.200000000000003,77.2,2017-01-03 01:37:45.000
1,602331.0,6023.0,21.0,Yamananagar,Haryana,30.200000000000003,77.2,30.200000000000003,77.2,2017-02-16 06:07:38.999
1,602331.0,6023.0,21.0,Yamananagar,Haryana,30.200000000000003,77.2,,,2017-04-04 05:06:15.680
1,602331.0,6023.0,21.0,Yamananagar,Haryana,30.200000000000003,77.2,30.200000000000003,77.2,2017-01-12 02:22:08.999
1,602331.0,6023.0,21.0,Yamananagar,Haryana,30.200000000000003,77.2,30.200000000000003,77.2,2016-12-25 02:48:00.000
1,602331.0,6023.0,21.0,Yamananagar,Haryana,30.200000000000003,77.2,30.200000000000003,77.2,2016-12-15 00:48:00.000
1,602331.0,6023.0,21.0,Yamananagar,Haryana,30.200000000000003,77.2,30.200000000000003,77.2,2017-02-14 05:00:51.999
1,602331.0,6023.0,21.0,Yamananagar,Haryana,30.200000000000003,77.2,30.200000000000003,77.2,2016-12-22 23:48:00.000
1,602331.0,6023.0,21.0,Yamananagar,Haryana,30.200000000000003,77.2,30.200000000000003,77.2,2017-02-19 23:19:46.000
1,602331.0,6023.0,21.0,Yamananagar,Haryana,30.200000000000003,77.2,30.200000000000003,77.2,2017-03-03 00:38:09.000
1,602331.0,6023.0,21.0,Yamananagar,Haryana,30.200000000000003,77.2,30.200000000000003,77.2,2017-01-08 01:06:34.999
1,602331.0,6023.0,21.0,Yamananagar,Haryana,30.200000000000003,77.2,30.200000000000003,77.2,2016-12-17 02:22:00.000
1,602331.0,6023.0,21.0,Yamananagar,Haryana,30.200000000000003,77.2,30.200000000000003,77.2,2017-02-22 00:12:02.000
1,602331.0,6023.0,21.0,Yamananagar,Haryana,30.200000000000003,77.2,30.200000000000003,77.2,2016-12-20 23:22:00.000
1,602331.0,6023.0,21.0,Yamananagar,Haryana,30.200000000000003,77.2,,,2017-04-04 05:06:15.680
1,604702.0,6047.0,21.0,Yamananagar,Haryana,30.3,77.30000000000001,,,2017-04-04 01:54:01.344
1,604702.0,6047.0,21.0,Yamananagar,Haryana,30.3,77.30000000000001,30.200000000000003,77.2,2017-01-28 01:43:43.000
1,604702.0,6047.0,21.0,Yamananagar,Haryana,30.3,77.30000000000001,30.200000000000003,77.2,2016-12-04 00:23:00.000
1,604702.0,6047.0,21.0,Yamananagar,Haryana,30.3,77.30000000000001,30.200000000000003,77.2,2016-11-26 23:58:59.999
1,604702.0,6047.0,21.0,Yamananagar,Haryana,30.3,77.30000000000001,30.200000000000003,77.2,2017-02-25 23:18:24.000
1,604702.0,6047.0,21.0,Yamananagar,Haryana,30.3,77.30000000000001,30.200000000000003,77.2,2016-12-17 01:34:00.000
1,604702.0,6047.0,21.0,Yamananagar,Haryana,30.3,77.30000000000001,30.200000000000003,77.2,2016-12-03 00:26:00.000
1,604702.0,6047.0,21.0,Yamananagar,Haryana,30.3,77.30000000000001,30.200000000000003,77.2,2017-01-15 00:13:49.000
1,604702.0,6047.0,21.0,Yamananagar,Haryana,30.3,77.30000000000001,30.200000000000003,77.2,2017-02-05 05:00:39.000
1,604702.0,6047.0,21.0,Yamananagar,Haryana,30.3,77.30000000000001,30.200000000000003,77.2,2017-03-11 22:45:22.000
1,604702.0,6047.0,21.0,Yamananagar,Haryana,30.3,77.30000000000001,30.200000000000003,77.2,2017-04-04 07:34:54.000
1,604702.0,6047.0,21.0,Yamananagar,Haryana,30.3,77.30000000000001,30.200000000000003,77.2,2016-12-23 23:39:59.999
1,604702.0,6047.0,21.0,Yamananagar,Haryana,30.3,77.30000000000001,30.200000000000003,77.2,2017-02-18 22:46:43.000
1,604702.0,6047.0,21.0,Yamananagar,Haryana,30.3,77.30000000000001,30.200000000000003,77.2,2017-01-14 00:04:07.000
1,604702.0,6047.0,21.0,Yamananagar,Haryana,30.3,77.30000000000001,30.200000000000003,77.2,2017-01-22 00:53:53.000
1,604702.0,6047.0,21.0,Yamananagar,Haryana,30.3,77.30000000000001,30.200000000000003,77.2,2017-04-04 01:03:28.000
1,604702.0,6047.0,21.0,Yamananagar,Haryana,30.3,77.30000000000001,30.200000000000003,77.2,2017-02-12 00:05:33.000
1,604702.0,6047.0,21.0,Yamananagar,Haryana,30.3,77.30000000000001,30.200000000000003,77.2,2016-12-30 22:57:00.000
1,604702.0,6047.0,21.0,Yamananagar,Haryana,30.3,77.30000000000001,30.200000000000003,77.2,2016-12-17 23:58:59.999
1,604702.0,6047.0,21.0,Yamananagar,Haryana,30.3,77.30000000000001,,,2017-04-04 01:54:01.344
1,604706.0,6047.0,21.0,Yamananagar,Haryana,30.3,77.30000000000001,30.200000000000003,77.2,2017-01-15 02:08:23.000
1,604706.0,6047.0,21.0,Yamananagar,Haryana,30.3,77.30000000000001,30.200000000000003,77.2,2017-01-04 01:46:57.000
1,604706.0,6047.0,21.0,Yamananagar,Haryana,30.3,77.30000000000001,30.200000000000003,77.2,2016-12-21 23:51:00.000
1,604706.0,6047.0,21.0,Yamananagar,Haryana,30.3,77.30000000000001,30.200000000000003,77.2,2017-02-15 02:01:04.999
1,604706.0,6047.0,21.0,Yamananagar,Haryana,30.3,77.30000000000001,30.200000000000003,77.2,2016-12-24 01:31:59.999
1,604706.0,6047.0,21.0,Yamananagar,Haryana,30.3,77.30000000000001,30.200000000000003,77.2,2017-04-08 00:29:20.000
1,604706.0,6047.0,21.0,Yamananagar,Haryana,30.3,77.30000000000001,30.200000000000003,77.2,2016-12-22 00:14:59.999
1,604706.0,6047.0,21.0,Yamananagar,Haryana,30.3,77.30000000000001,30.200000000000003,77.2,2017-01-24 23:41:56.000
1,604706.0,6047.0,21.0,Yamananagar,Haryana,30.3,77.30000000000001,30.200000000000003,77.2,2017-02-25 02:29:51.999
1,604706.0,6047.0,21.0,Yamananagar,Haryana,30.3,77.30000000000001,30.200000000000003,77.2,2017-01-19 00:49:29.000
1,604706.0,6047.0,21.0,Yamananagar,Haryana,30.3,77.30000000000001,30.200000000000003,77.2,2017-02-23 01:19:17.000
1,604706.0,6047.0,21.0,Yamananagar,Haryana,30.3,77.30000000000001,30.200000000000003,77.2,2017-01-14 01:56:46.000
1,604706.0,6047.0,21.0,Yamananagar,Haryana,30.3,77.30000000000001,,,2017-04-04 02:26:47.424
1,604706.0,6047.0,21.0,Yamananagar,Haryana,30.3,77.30000000000001,30.200000000000003,77.2,2017-01-01 00:56:43.000
1,604706.0,6047.0,21.0,Yamananagar,Haryana,30.3,77.30000000000001,30.200000000000003,77.2,2017-02-16 23:53:07.000
1,604706.0,6047.0,21.0,Yamananagar,Haryana,30.3,77.30000000000001,30.200000000000003,77.2,2017-03-04 22:40:21.000
1,604706.0,6047.0,21.0,Yamananagar,Haryana,30.3,77.30000000000001,30.200000000000003,77.2,2017-03-08 01:01:20.000
1,604706.0,6047.0,21.0,Yamananagar,Haryana,30.3,77.30000000000001,30.200000000000003,77.2,2017-01-06 00:41:02.000
1,604706.0,6047.0,21.0,Yamananagar,Haryana,30.3,77.30000000000001,,,2017-04-04 02:26:47.424
1,604706.0,6047.0,21.0,Yamananagar,Haryana,30.3,77.30000000000001,,,2017-04-04 02:26:47.424
1,604706.0,6047.0,21.0,Yamananagar,Haryana,30.3,77.30000000000001,30.200000000000003,77.2,2017-02-07 01:25:20.000
1,604706.0,6047.0,21.0,Yamananagar,Haryana,30.3,77.30000000000001,30.200000000000003,77.2,2017-01-08 02:18:55.000
1,604706.0,6047.0,21.0,Yamananagar,Haryana,30.3,77.30000000000001,30.200000000000003,77.2,2017-02-08 23:59:23.000
1,604706.0,6047.0,21.0,Yamananagar,Haryana,30.3,77.30000000000001,30.200000000000003,77.2,2016-12-29 01:50:00.000
1,604706.0,6047.0,21.0,Yamananagar,Haryana,30.3,77.30000000000001,30.200000000000003,77.2,2017-02-12 23:31:30.999
1,604706.0,6047.0,21.0,Yamananagar,Haryana,30.3,77.30000000000001,30.200000000000003,77.2,2017-01-17 02:40:12.999
1,604706.0,6047.0,21.0,Yamananagar,Haryana,30.3,77.30000000000001,,,2017-04-04 02:26:47.424
1,604706.0,6047.0,21.0,Yamananagar,Haryana,30.3,77.30000000000001,30.200000000000003,77.2,2017-03-03 01:34:38.999
1,604706.0,6047.0,21.0,Yamananagar,Haryana,30.3,77.30000000000001,30.200000000000003,77.2,2016-12-26 01:34:59.999
1,604706.0,6047.0,21.0,Yamananagar,Haryana,30.3,77.30000000000001,30.200000000000003,77.2,2017-02-18 23:56:17.000
1,604706.0,6047.0,21.0,Yamananagar,Haryana,30.3,77.30000000000001,30.200000000000003,77.2,2017-01-24 00:09:03.000
2,604708.0,6047.0,21.0,Yamananagar,Haryana,30.3,77.30000000000001,30.200000000000003,77.2,2017-03-03 23:48:30.000
2,604708.0,6047.0,21.0,Yamananagar,Haryana,30.3,77.30000000000001,30.3,77.2,2017-01-15 02:06:14.000
2,604708.0,6047.0,21.0,Yamananagar,Haryana,30.3,77.30000000000001,,,2017-04-04 02:53:00.288
2,604708.0,6047.0,21.0,Yamananagar,Haryana,30.3,77.30000000000001,30.200000000000003,77.2,2017-01-15 02:07:50.000
2,604708.0,6047.0,21.0,Yamananagar,Haryana,30.3,77.30000000000001,30.200000000000003,77.2,2017-02-23 00:44:22.000
2,604708.0,6047.0,21.0,Yamananagar,Haryana,30.3,77.30000000000001,30.3,77.30000000000001,2017-01-09 22:53:56.000
2,604708.0,6047.0,21.0,Yamananagar,Haryana,30.3,77.30000000000001,30.200000000000003,77.2,2017-01-09 22:55:30.000
2,604708.0,6047.0,21.0,Yamananagar,Haryana,30.3,77.30000000000001,30.3,77.2,2017-01-21 01:10:39.000
2,604708.0,6047.0,21.0,Yamananagar,Haryana,30.3,77.30000000000001,30.200000000000003,77.2,2017-02-20 22:01:52.000
2,604708.0,6047.0,21.0,Yamananagar,Haryana,30.3,77.30000000000001,30.200000000000003,77.2,2017-01-21 01:12:18.000
2,604708.0,6047.0,21.0,Yamananagar,Haryana,30.3,77.30000000000001,30.200000000000003,77.2,2017-02-20 22:00:42.999
2,604708.0,6047.0,21.0,Yamananagar,Haryana,30.3,77.30000000000001,30.3,77.2,2017-04-04 01:46:19.000
2,604708.0,6047.0,21.0,Yamananagar,Haryana,30.3,77.30000000000001,30.3,77.2,2017-04-04 01:36:36.999
2,604708.0,6047.0,21.0,Yamananagar,Haryana,30.3,77.30000000000001,,,2017-04-04 02:53:00.288
1,604709.0,6047.0,21.0,Yamananagar,Haryana,30.3,77.30000000000001,,,2017-04-04 01:36:32.768
1,604709.0,6047.0,21.0,Yamananagar,Haryana,30.3,77.30000000000001,30.200000000000003,77.2,2017-04-07 00:18:12.000
1,604709.0,6047.0,21.0,Yamananagar,Haryana,30.3,77.30000000000001,,,2017-04-04 01:36:32.768
1,604709.0,6047.0,21.0,Yamananagar,Haryana,30.3,77.30000000000001,30.200000000000003,77.2,2017-04-02 01:36:00.000
1,604709.0,6047.0,21.0,Yamananagar,Haryana,30.3,77.30000000000001,30.200000000000003,77.2,2017-01-20 02:02:25.000
1,604709.0,6047.0,21.0,Yamananagar,Haryana,30.3,77.30000000000001,30.200000000000003,77.2,2017-01-30 00:58:27.000
1,604709.0,6047.0,21.0,Yamananagar,Haryana,30.3,77.30000000000001,30.200000000000003,77.2,2016-12-06 00:43:00.000
1,604709.0,6047.0,21.0,Yamananagar,Haryana,30.3,77.30000000000001,30.200000000000003,77.2,2017-03-26 23:53:35.000
1,604709.0,6047.0,21.0,Yamananagar,Haryana,30.3,77.30000000000001,30.200000000000003,77.2,2017-03-17 00:34:34.999
1,604709.0,6047.0,21.0,Yamananagar,Haryana,30.3,77.30000000000001,30.200000000000003,77.2,2017-04-04 00:39:46.999
1,604709.0,6047.0,21.0,Yamananagar,Haryana,30.3,77.30000000000001,30.200000000000003,77.2,2017-02-12 01:17:28.000
1,604709.0,6047.0,21.0,Yamananagar,Haryana,30.3,77.30000000000001,30.200000000000003,77.2,2017-03-25 00:34:32.000
1,604713.0,6047.0,21.0,Yamananagar,Haryana,30.3,77.30000000000001,30.3,77.2,2017-01-05 00:19:59.000
1,604713.0,6047.0,21.0,Yamananagar,Haryana,30.3,77.30000000000001,30.3,77.2,2017-01-28 23:27:39.999
1,604713.0,6047.0,21.0,Yamananagar,Haryana,30.3,77.30000000000001,30.3,77.2,2016-12-23 00:08:00.000
1,604713.0,6047.0,21.0,Yamananagar,Haryana,30.3,77.30000000000001,30.3,77.2,2016-12-20 23:02:00.000
1,604713.0,6047.0,21.0,Yamananagar,Haryana,30.3,77.30000000000001,30.3,77.2,2016-12-14 02:31:00.000
1,604713.0,6047.0,21.0,Yamananagar,Haryana,30.3,77.30000000000001,30.3,77.2,2017-02-06 23:55:58.000
1,604713.0,6047.0,21.0,Yamananagar,Haryana,30.3,77.30000000000001,30.3,77.2,2017-01-11 01:04:36.999
1,604713.0,6047.0,21.0,Yamananagar,Haryana,30.3,77.30000000000001,30.3,77.2,2017-01-12 23:55:24.999
1,604713.0,6047.0,21.0,Yamananagar,Haryana,30.3,77.30000000000001,30.3,77.2,2017-02-17 22:58:29.000
1,604713.0,6047.0,21.0,Yamananagar,Haryana,30.3,77.30000000000001,30.3,77.2,2017-03-10 23:41:14.000
1,604713.0,6047.0,21.0,Yamananagar,Haryana,30.3,77.30000000000001,,,2017-04-04 01:21:15.264
1,604713.0,6047.0,21.0,Yamananagar,Haryana,30.3,77.30000000000001,,,2017-04-04 01:21:15.264
1,604713.0,6047.0,21.0,Yamananagar,Haryana,30.3,77.30000000000001,30.3,77.2,2017-02-20 23:52:53.000
1,604713.0,6047.0,21.0,Yamananagar,Haryana,30.3,77.30000000000001,30.3,77.2,2017-03-24 00:33:03.000
1,604713.0,6047.0,21.0,Yamananagar,Haryana,30.3,77.30000000000001,30.3,77.2,2017-01-02 23:16:21.000
1,604713.0,6047.0,21.0,Yamananagar,Haryana,30.3,77.30000000000001,30.3,77.2,2016-12-31 01:57:47.000
1,604713.0,6047.0,21.0,Yamananagar,Haryana,30.3,77.30000000000001,30.3,77.2,2017-02-23 01:55:07.999
1,604713.0,6047.0,21.0,Yamananagar,Haryana,30.3,77.30000000000001,30.3,77.2,2017-01-07 23:31:08.000
1,604713.0,6047.0,21.0,Yamananagar,Haryana,30.3,77.30000000000001,30.3,77.2,2016-12-26 00:17:59.999
1,604713.0,6047.0,21.0,Yamananagar,Haryana,30.3,77.30000000000001,30.3,77.2,2017-02-25 01:55:30.000
1,604713.0,6047.0,21.0,Yamananagar,Haryana,30.3,77.30000000000001,30.3,77.2,2017-02-26 23:31:17.999
1,604717.0,6047.0,21.0,Yamananagar,Haryana,30.3,77.30000000000001,30.200000000000003,77.2,2017-02-11 00:37:16.000
1,604717.0,6047.0,21.0,Yamananagar,Haryana,30.3,77.30000000000001,30.200000000000003,77.2,2016-12-28 00:51:00.000
1,604717.0,6047.0,21.0,Yamananagar,Haryana,30.3,77.30000000000001,30.200000000000003,77.2,2016-11-11 21:13:00.000
1,604717.0,6047.0,21.0,Yamananagar,Haryana,30.3,77.30000000000001,30.200000000000003,77.2,2016-11-28 01:27:00.000
1,604717.0,6047.0,21.0,Yamananagar,Haryana,30.3,77.30000000000001,30.200000000000003,77.2,2017-04-04 00:48:06.999
1,604717.0,6047.0,21.0,Yamananagar,Haryana,30.3,77.30000000000001,30.200000000000003,77.2,2016-12-25 23:03:59.999
1,604717.0,6047.0,21.0,Yamananagar,Haryana,30.3,77.30000000000001,30.200000000000003,77.2,2017-03-31 23:56:14.000
1,604717.0,6047.0,21.0,Yamananagar,Haryana,30.3,77.30000000000001,30.200000000000003,77.2,2017-02-22 23:09:08.000
1,604717.0,6047.0,21.0,Yamananagar,Haryana,30.3,77.30000000000001,30.200000000000003,77.2,2016-11-24 03:01:59.999
1,604717.0,6047.0,21.0,Yamananagar,Haryana,30.3,77.30000000000001,30.200000000000003,77.2,2016-12-16 01:38:00.000
1,604717.0,6047.0,21.0,Yamananagar,Haryana,30.3,77.30000000000001,30.200000000000003,77.2,2017-03-02 04:55:09.000
1,604717.0,6047.0,21.0,Yamananagar,Haryana,30.3,77.30000000000001,30.200000000000003,77.2,2017-03-01 05:48:03.000
1,604717.0,6047.0,21.0,Yamananagar,Haryana,30.3,77.30000000000001,30.200000000000003,77.2,2017-03-07 05:07:53.999
1,604717.0,6047.0,21.0,Yamananagar,Haryana,30.3,77.30000000000001,30.200000000000003,77.2,2016-11-14 23:19:00.000
1,604717.0,6047.0,21.0,Yamananagar,Haryana,30.3,77.30000000000001,30.200000000000003,77.2,2017-01-16 03:56:42.000
1,604717.0,6047.0,21.0,Yamananagar,Haryana,30.3,77.30000000000001,30.200000000000003,77.2,2016-11-25 01:33:00.000
1,604717.0,6047.0,21.0,Yamananagar,Haryana,30.3,77.30000000000001,30.200000000000003,77.2,2017-02-21 23:27:42.000
1,604717.0,6047.0,21.0,Yamananagar,Haryana,30.3,77.30000000000001,30.200000000000003,77.2,2016-12-09 04:02:59.999
1,604717.0,6047.0,21.0,Yamananagar,Haryana,30.3,77.30000000000001,30.200000000000003,77.2,2016-12-13 01:56:00.000
1,604717.0,6047.0,21.0,Yamananagar,Haryana,30.3,77.30000000000001,30.200000000000003,77.2,2017-03-21 22:36:52.000
1,604717.0,6047.0,21.0,Yamananagar,Haryana,30.3,77.30000000000001,30.200000000000003,77.2,2017-04-04 00:26:52.999
1,604717.0,6047.0,21.0,Yamananagar,Haryana,30.3,77.30000000000001,30.200000000000003,77.2,2017-03-14 03:59:03.000
1,604717.0,6047.0,21.0,Yamananagar,Haryana,30.3,77.30000000000001,30.200000000000003,77.2,2016-11-14 23:12:00.000
1,604717.0,6047.0,21.0,Yamananagar,Haryana,30.3,77.30000000000001,30.200000000000003,77.2,2016-11-11 21:22:00.000
1,604717.0,6047.0,21.0,Yamananagar,Haryana,30.3,77.30000000000001,30.200000000000003,77.2,2016-11-21 20:16:59.999
1,604717.0,6047.0,21.0,Yamananagar,Haryana,30.3,77.30000000000001,30.200000000000003,77.2,2016-12-19 01:15:00.000
1,604717.0,6047.0,21.0,Yamananagar,Haryana,30.3,77.30000000000001,30.200000000000003,77.2,2017-01-18 00:10:14.000
1,604717.0,6047.0,21.0,Yamananagar,Haryana,30.3,77.30000000000001,30.200000000000003,77.2,2017-01-24 22:07:47.999
1,604717.0,6047.0,21.0,Yamananagar,Haryana,30.3,77.30000000000001,30.200000000000003,77.2,2017-02-08 02:11:20.000
1,604717.0,6047.0,21.0,Yamananagar,Haryana,30.3,77.30000000000001,30.200000000000003,77.2,2017-02-13 05:50:07.000
1,604717.0,6047.0,21.0,Yamananagar,Haryana,30.3,77.30000000000001,30.200000000000003,77.2,2017-03-27 00:02:05.000
1,604717.0,6047.0,21.0,Yamananagar,Haryana,30.3,77.30000000000001,30.200000000000003,77.2,2017-04-04 00:28:29.000
1,604717.0,6047.0,21.0,Yamananagar,Haryana,30.3,77.30000000000001,30.200000000000003,77.2,2017-03-16 01:39:26.000
1,604717.0,6047.0,21.0,Yamananagar,Haryana,30.3,77.30000000000001,30.200000000000003,77.2,2017-01-29 01:21:08.999
1,604717.0,6047.0,21.0,Yamananagar,Haryana,30.3,77.30000000000001,30.200000000000003,77.2,2017-01-12 02:44:09.999
1,604717.0,6047.0,21.0,Yamananagar,Haryana,30.3,77.30000000000001,30.200000000000003,77.2,2017-04-18 23:35:42.000
1,604717.0,6047.0,21.0,Yamananagar,Haryana,30.3,77.30000000000001,30.200000000000003,77.2,2017-03-12 06:14:54.999
1,604717.0,6047.0,21.0,Yamananagar,Haryana,30.3,77.30000000000001,30.200000000000003,77.2,2017-01-19 00:19:52.000
1,604717.0,6047.0,21.0,Yamananagar,Haryana,30.3,77.30000000000001,,,2017-04-04 01:19:04.192
1,604717.0,6047.0,21.0,Yamananagar,Haryana,30.3,77.30000000000001,30.200000000000003,77.2,2017-03-29 22:59:41.999
1,604717.0,6047.0,21.0,Yamananagar,Haryana,30.3,77.30000000000001,30.200000000000003,77.2,2016-12-30 00:11:00.000
1,604717.0,6047.0,21.0,Yamananagar,Haryana,30.3,77.30000000000001,30.200000000000003,77.2,2017-02-02 01:42:26.000
1,604717.0,6047.0,21.0,Yamananagar,Haryana,30.3,77.30000000000001,30.200000000000003,77.2,2017-01-31 02:21:49.000
1,604717.0,6047.0,21.0,Yamananagar,Haryana,30.3,77.30000000000001,30.200000000000003,77.2,2016-12-23 03:55:00.000
1,604717.0,6047.0,21.0,Yamananagar,Haryana,30.3,77.30000000000001,,,2017-04-04 01:19:04.192
1,604717.0,6047.0,21.0,Yamananagar,Haryana,30.3,77.30000000000001,30.200000000000003,77.2,2017-04-02 22:34:40.000
1,604717.0,6047.0,21.0,Yamananagar,Haryana,30.3,77.30000000000001,30.200000000000003,77.2,2017-02-27 06:18:06.000
1,604717.0,6047.0,21.0,Yamananagar,Haryana,30.3,77.30000000000001,30.200000000000003,77.2,2017-01-27 00:13:33.999
1,604717.0,6047.0,21.0,Yamananagar,Haryana,30.3,77.30000000000001,30.200000000000003,77.2,2016-11-21 20:26:00.000
1,604717.0,6047.0,21.0,Yamananagar,Haryana,30.3,77.30000000000001,30.200000000000003,77.2,2017-03-22 23:33:50.000
1,604720.0,6047.0,21.0,Yamananagar,Haryana,30.3,77.30000000000001,30.200000000000003,77.2,2016-12-02 02:02:00.000
1,604720.0,6047.0,21.0,Yamananagar,Haryana,30.3,77.30000000000001,30.200000000000003,77.2,2017-01-05 00:00:06.999
1,604720.0,6047.0,21.0,Yamananagar,Haryana,30.3,77.30000000000001,30.200000000000003,77.2,2017-02-09 01:40:21.000
1,604720.0,6047.0,21.0,Yamananagar,Haryana,30.3,77.30000000000001,30.200000000000003,77.2,2017-03-04 01:39:01.000
1,604720.0,6047.0,21.0,Yamananagar,Haryana,30.3,77.30000000000001,30.200000000000003,77.2,2016-11-25 02:19:00.000
1,604720.0,6047.0,21.0,Yamananagar,Haryana,30.3,77.30000000000001,30.200000000000003,77.2,2017-03-23 00:47:37.000
1,604720.0,6047.0,21.0,Yamananagar,Haryana,30.3,77.30000000000001,30.200000000000003,77.2,2017-03-20 00:32:33.000
1,604720.0,6047.0,21.0,Yamananagar,Haryana,30.3,77.30000000000001,30.200000000000003,77.2,2016-12-21 01:46:00.000
1,604720.0,6047.0,21.0,Yamananagar,Haryana,30.3,77.30000000000001,30.200000000000003,77.2,2017-03-15 02:46:45.999
1,604720.0,6047.0,21.0,Yamananagar,Haryana,30.3,77.30000000000001,30.200000000000003,77.2,2017-03-18 02:42:02.000
1,604720.0,6047.0,21.0,Yamananagar,Haryana,30.3,77.30000000000001,30.200000000000003,77.2,2017-01-03 00:27:02.999
1,604720.0,6047.0,21.0,Yamananagar,Haryana,30.3,77.30000000000001,30.200000000000003,77.2,2017-03-02 01:12:19.000
1,604720.0,6047.0,21.0,Yamananagar,Haryana,30.3,77.30000000000001,30.200000000000003,77.2,2017-02-09 01:34:54.999
1,604720.0,6047.0,21.0,Yamananagar,Haryana,30.3,77.30000000000001,30.200000000000003,77.2,2016-12-30 00:11:59.999
1,604720.0,6047.0,21.0,Yamananagar,Haryana,30.3,77.30000000000001,30.200000000000003,77.2,2017-02-22 01:12:56.999
1,604720.0,6047.0,21.0,Yamananagar,Haryana,30.3,77.30000000000001,30.200000000000003,77.2,2017-02-26 23:32:16.000
1,604720.0,6047.0,21.0,Yamananagar,Haryana,30.3,77.30000000000001,30.200000000000003,77.2,2017-03-10 00:58:22.000
1,604720.0,6047.0,21.0,Yamananagar,Haryana,30.3,77.30000000000001,30.200000000000003,77.2,2017-02-08 02:01:41.000
1,604720.0,6047.0,21.0,Yamananagar,Haryana,30.3,77.30000000000001,30.200000000000003,77.2,2016-11-29 03:24:00.000
1,604720.0,6047.0,21.0,Yamananagar,Haryana,30.3,77.30000000000001,30.200000000000003,77.2,2016-12-15 02:31:00.000
1,604720.0,6047.0,21.0,Yamananagar,Haryana,30.3,77.30000000000001,30.200000000000003,77.2,2017-02-12 02:11:34.000
1,604727.0,6047.0,21.0,Yamananagar,Haryana,30.3,77.30000000000001,30.200000000000003,77.2,2017-03-20 00:32:49.999
1,604727.0,6047.0,21.0,Yamananagar,Haryana,30.3,77.30000000000001,30.200000000000003,77.2,2017-03-11 23:05:36.000
1,604727.0,6047.0,21.0,Yamananagar,Haryana,30.3,77.30000000000001,30.200000000000003,77.2,2017-03-29 22:14:01.999
1,604727.0,6047.0,21.0,Yamananagar,Haryana,30.3,77.30000000000001,30.200000000000003,77.2,2017-03-16 02:20:24.000
1,604727.0,6047.0,21.0,Yamananagar,Haryana,30.3,77.30000000000001,30.200000000000003,77.2,2017-03-20 00:59:08.999
1,604727.0,6047.0,21.0,Yamananagar,Haryana,30.3,77.30000000000001,30.200000000000003,77.2,2017-01-22 05:49:55.000
1,604727.0,6047.0,21.0,Yamananagar,Haryana,30.3,77.30000000000001,30.3,77.2,2017-01-28 01:05:02.000
1,604727.0,6047.0,21.0,Yamananagar,Haryana,30.3,77.30000000000001,,,2017-04-04 02:20:14.208
1,604727.0,6047.0,21.0,Yamananagar,Haryana,30.3,77.30000000000001,30.200000000000003,77.2,2016-12-20 02:00:00.000
1,604727.0,6047.0,21.0,Yamananagar,Haryana,30.3,77.30000000000001,30.200000000000003,77.2,2017-03-14 22:23:15.000
1,604727.0,6047.0,21.0,Yamananagar,Haryana,30.3,77.30000000000001,30.200000000000003,77.2,2016-11-26 02:12:00.000
1,604727.0,6047.0,21.0,Yamananagar,Haryana,30.3,77.30000000000001,30.200000000000003,77.2,2017-04-07 01:14:14.000
1,604727.0,6047.0,21.0,Yamananagar,Haryana,30.3,77.30000000000001,30.200000000000003,77.2,2017-03-29 06:53:12.000
1,604727.0,6047.0,21.0,Yamananagar,Haryana,30.3,77.30000000000001,30.200000000000003,77.2,2017-03-30 05:47:32.000
1,604727.0,6047.0,21.0,Yamananagar,Haryana,30.3,77.30000000000001,30.200000000000003,77.2,2017-03-27 20:10:01.000
1,604727.0,6047.0,21.0,Yamananagar,Haryana,30.3,77.30000000000001,30.200000000000003,77.2,2016-11-16 00:40:00.000
1,604727.0,6047.0,21.0,Yamananagar,Haryana,30.3,77.30000000000001,30.200000000000003,77.2,2017-03-16 02:18:57.999
1,604727.0,6047.0,21.0,Yamananagar,Haryana,30.3,77.30000000000001,30.200000000000003,77.2,2016-11-28 02:09:00.000
1,604727.0,6047.0,21.0,Yamananagar,Haryana,30.3,77.30000000000001,30.200000000000003,77.2,2017-04-11 23:47:28.000
1,604727.0,6047.0,21.0,Yamananagar,Haryana,30.3,77.30000000000001,30.200000000000003,77.2,2017-03-30 22:23:14.000
1,604727.0,6047.0,21.0,Yamananagar,Haryana,30.3,77.30000000000001,30.200000000000003,77.2,2017-04-04 01:29:31.000
1,604727.0,6047.0,21.0,Yamananagar,Haryana,30.3,77.30000000000001,30.200000000000003,77.2,2017-03-14 04:21:02.000
1,604727.0,6047.0,21.0,Yamananagar,Haryana,30.3,77.30000000000001,30.200000000000003,77.2,2017-03-04 00:38:55.000
1,604727.0,6047.0,21.0,Yamananagar,Haryana,30.3,77.30000000000001,,,2017-04-04 02:20:14.208
1,604727.0,6047.0,21.0,Yamananagar,Haryana,30.3,77.30000000000001,30.200000000000003,77.2,2017-03-14 04:22:17.000
1,604727.0,6047.0,21.0,Yamananagar,Haryana,30.3,77.30000000000001,30.200000000000003,77.2,2017-04-04 01:08:18.000
1,604727.0,6047.0,21.0,Yamananagar,Haryana,30.3,77.30000000000001,30.200000000000003,77.2,2017-03-28 00:58:03.000
1,604727.0,6047.0,21.0,Yamananagar,Haryana,30.3,77.30000000000001,30.200000000000003,77.2,2017-03-04 00:36:38.000
1,604727.0,6047.0,21.0,Yamananagar,Haryana,30.3,77.30000000000001,30.200000000000003,77.2,2017-03-14 22:22:02.000
1,604727.0,6047.0,21.0,Yamananagar,Haryana,30.3,77.30000000000001,30.200000000000003,77.2,2017-03-27 20:07:02.999
1,604728.0,6047.0,21.0,Yamananagar,Haryana,30.3,77.30000000000001,30.200000000000003,77.2,2017-01-21 03:42:14.000
1,604728.0,6047.0,21.0,Yamananagar,Haryana,30.3,77.30000000000001,30.200000000000003,77.2,2017-01-30 03:09:19.000
1,604728.0,6047.0,21.0,Yamananagar,Haryana,30.3,77.30000000000001,30.200000000000003,77.2,2017-03-05 00:13:05.000
1,604728.0,6047.0,21.0,Yamananagar,Haryana,30.3,77.30000000000001,30.200000000000003,77.2,2017-01-17 01:55:39.000
1,608102.0,6081.0,21.0,Yamananagar,Haryana,30.200000000000003,77.30000000000001,30.200000000000003,77.2,2016-11-29 23:23:59.999
1,608102.0,6081.0,21.0,Yamananagar,Haryana,30.200000000000003,77.30000000000001,30.200000000000003,77.2,2016-12-11 23:32:59.999
1,608102.0,6081.0,21.0,Yamananagar,Haryana,30.200000000000003,77.30000000000001,30.200000000000003,77.2,2016-12-10 00:53:59.999
1,608102.0,6081.0,21.0,Yamananagar,Haryana,30.200000000000003,77.30000000000001,,,2017-04-19 00:16:23.040
1,608102.0,6081.0,21.0,Yamananagar,Haryana,30.200000000000003,77.30000000000001,30.200000000000003,77.2,2016-12-02 00:06:00.000
1,608102.0,6081.0,21.0,Yamananagar,Haryana,30.200000000000003,77.30000000000001,,,2017-04-19 00:16:23.040
1,608102.0,6081.0,21.0,Yamananagar,Haryana,30.200000000000003,77.30000000000001,30.200000000000003,77.2,2017-02-19 00:12:18.000
1,608102.0,6081.0,21.0,Yamananagar,Haryana,30.200000000000003,77.30000000000001,,,2017-04-19 00:16:23.040
1,608102.0,6081.0,21.0,Yamananagar,Haryana,30.200000000000003,77.30000000000001,30.200000000000003,77.2,2017-01-01 23:15:32.000
1,608102.0,6081.0,21.0,Yamananagar,Haryana,30.200000000000003,77.30000000000001,,,2017-04-19 00:16:23.040
1,608102.0,6081.0,21.0,Yamananagar,Haryana,30.200000000000003,77.30000000000001,30.200000000000003,77.2,2017-02-17 00:01:54.000
1,608102.0,6081.0,21.0,Yamananagar,Haryana,30.200000000000003,77.30000000000001,30.200000000000003,77.2,2016-12-31 01:19:42.000
1,608102.0,6081.0,21.0,Yamananagar,Haryana,30.200000000000003,77.30000000000001,30.200000000000003,77.2,2017-03-29 01:06:39.000
1,608105.0,6081.0,21.0,Yamananagar,Haryana,30.200000000000003,77.30000000000001,30.200000000000003,77.2,2016-11-27 23:51:00.000
1,608105.0,6081.0,21.0,Yamananagar,Haryana,30.200000000000003,77.30000000000001,30.200000000000003,77.2,2016-12-15 00:29:00.000
1,608105.0,6081.0,21.0,Yamananagar,Haryana,30.200000000000003,77.30000000000001,30.200000000000003,77.2,2017-01-12 00:15:12.000
1,608108.0,6081.0,21.0,Yamananagar,Haryana,30.200000000000003,77.30000000000001,30.200000000000003,77.2,2017-01-17 01:12:27.000
1,608108.0,6081.0,21.0,Yamananagar,Haryana,30.200000000000003,77.30000000000001,30.200000000000003,77.2,2017-03-18 03:42:48.000
1,608108.0,6081.0,21.0,Yamananagar,Haryana,30.200000000000003,77.30000000000001,30.200000000000003,77.2,2017-01-29 00:31:04.999
1,608108.0,6081.0,21.0,Yamananagar,Haryana,30.200000000000003,77.30000000000001,30.200000000000003,77.2,2017-03-07 04:01:47.000
1,608108.0,6081.0,21.0,Yamananagar,Haryana,30.200000000000003,77.30000000000001,30.200000000000003,77.2,2017-04-04 08:15:52.999
1,608108.0,6081.0,21.0,Yamananagar,Haryana,30.200000000000003,77.30000000000001,30.200000000000003,77.2,2017-03-10 20:31:48.000
1,608108.0,6081.0,21.0,Yamananagar,Haryana,30.200000000000003,77.30000000000001,30.200000000000003,77.2,2017-02-21 05:01:13.000
1,608108.0,6081.0,21.0,Yamananagar,Haryana,30.200000000000003,77.30000000000001,30.200000000000003,77.2,2017-02-05 23:52:42.999
1,608108.0,6081.0,21.0,Yamananagar,Haryana,30.200000000000003,77.30000000000001,30.200000000000003,77.2,2017-03-06 23:12:43.000
1,608108.0,6081.0,21.0,Yamananagar,Haryana,30.200000000000003,77.30000000000001,30.200000000000003,77.2,2017-04-04 08:09:38.999
1,608108.0,6081.0,21.0,Yamananagar,Haryana,30.200000000000003,77.30000000000001,30.200000000000003,77.2,2017-03-27 00:38:25.000
1,608108.0,6081.0,21.0,Yamananagar,Haryana,30.200000000000003,77.30000000000001,30.200000000000003,77.2,2017-04-03 00:03:09.999
1,608108.0,6081.0,21.0,Yamananagar,Haryana,30.200000000000003,77.30000000000001,30.200000000000003,77.2,2016-12-14 23:58:00.000
1,608108.0,6081.0,21.0,Yamananagar,Haryana,30.200000000000003,77.30000000000001,30.200000000000003,77.2,2017-04-04 03:03:25.000
1,608108.0,6081.0,21.0,Yamananagar,Haryana,30.200000000000003,77.30000000000001,30.200000000000003,77.2,2017-02-13 22:01:25.000
1,608108.0,6081.0,21.0,Yamananagar,Haryana,30.200000000000003,77.30000000000001,30.200000000000003,77.2,2017-01-14 00:09:42.999
1,608108.0,6081.0,21.0,Yamananagar,Haryana,30.200000000000003,77.30000000000001,,,2017-04-04 09:21:51.104
1,608108.0,6081.0,21.0,Yamananagar,Haryana,30.200000000000003,77.30000000000001,30.200000000000003,77.2,2017-02-05 23:51:40.000
1,608108.0,6081.0,21.0,Yamananagar,Haryana,30.200000000000003,77.30000000000001,30.200000000000003,77.2,2017-01-29 21:41:28.999
1,608108.0,6081.0,21.0,Yamananagar,Haryana,30.200000000000003,77.30000000000001,30.200000000000003,77.2,2016-12-15 00:00:00.000
1,608108.0,6081.0,21.0,Yamananagar,Haryana,30.200000000000003,77.30000000000001,30.200000000000003,77.2,2016-12-13 23:50:00.000
1,608108.0,6081.0,21.0,Yamananagar,Haryana,30.200000000000003,77.30000000000001,30.200000000000003,77.2,2017-02-09 02:47:09.999
1,608108.0,6081.0,21.0,Yamananagar,Haryana,30.200000000000003,77.30000000000001,30.200000000000003,77.2,2017-02-17 22:02:34.000
1,608108.0,6081.0,21.0,Yamananagar,Haryana,30.200000000000003,77.30000000000001,,,2017-04-04 09:21:51.104
1,608108.0,6081.0,21.0,Yamananagar,Haryana,30.200000000000003,77.30000000000001,30.200000000000003,77.2,2017-03-23 02:37:36.000
1,608108.0,6081.0,21.0,Yamananagar,Haryana,30.200000000000003,77.30000000000001,30.200000000000003,77.2,2017-03-02 02:17:42.999
1,608115.0,6081.0,21.0,Yamananagar,Haryana,30.200000000000003,77.30000000000001,30.200000000000003,77.2,2017-02-13 05:43:10.999
1,608115.0,6081.0,21.0,Yamananagar,Haryana,30.200000000000003,77.30000000000001,,,2017-04-10 08:37:59.424
1,608115.0,6081.0,21.0,Yamananagar,Haryana,30.200000000000003,77.30000000000001,30.200000000000003,77.2,2017-04-10 07:42:31.999
1,608115.0,6081.0,21.0,Yamananagar,Haryana,30.200000000000003,77.30000000000001,30.200000000000003,77.2,2017-02-13 05:47:28.999
1,608115.0,6081.0,21.0,Yamananagar,Haryana,30.200000000000003,77.30000000000001,,,2017-04-10 08:37:59.424
1,608115.0,6081.0,21.0,Yamananagar,Haryana,30.200000000000003,77.30000000000001,30.200000000000003,77.2,2017-02-17 01:41:15.000
1,608117.0,6081.0,21.0,Yamananagar,Haryana,30.200000000000003,77.30000000000001,30.200000000000003,77.2,2016-12-18 01:05:59.999
1,608117.0,6081.0,21.0,Yamananagar,Haryana,30.200000000000003,77.30000000000001,,,2017-04-04 09:00:00.384
1,608117.0,6081.0,21.0,Yamananagar,Haryana,30.200000000000003,77.30000000000001,30.200000000000003,77.2,2016-11-29 01:33:00.000
1,608117.0,6081.0,21.0,Yamananagar,Haryana,30.200000000000003,77.30000000000001,30.200000000000003,77.2,2016-11-27 01:44:00.000
1,608117.0,6081.0,21.0,Yamananagar,Haryana,30.200000000000003,77.30000000000001,,,2017-04-04 09:00:00.384
1,608117.0,6081.0,21.0,Yamananagar,Haryana,30.200000000000003,77.30000000000001,30.200000000000003,77.2,2016-11-23 23:16:00.000
1,608117.0,6081.0,21.0,Yamananagar,Haryana,30.200000000000003,77.30000000000001,,,2017-04-04 09:00:00.384
1,608117.0,6081.0,21.0,Yamananagar,Haryana,30.200000000000003,77.30000000000001,30.200000000000003,77.2,2017-01-12 01:23:43.000
1,608117.0,6081.0,21.0,Yamananagar,Haryana,30.200000000000003,77.30000000000001,30.200000000000003,77.2,2016-11-21 23:54:00.000
1,608117.0,6081.0,21.0,Yamananagar,Haryana,30.200000000000003,77.30000000000001,30.200000000000003,77.2,2016-12-22 00:55:00.000
1,608117.0,6081.0,21.0,Yamananagar,Haryana,30.200000000000003,77.30000000000001,,,2017-04-04 09:00:00.384
1,608120.0,6081.0,21.0,Yamananagar,Haryana,30.200000000000003,77.30000000000001,30.200000000000003,77.2,2017-03-20 00:52:00.999
1,608120.0,6081.0,21.0,Yamananagar,Haryana,30.200000000000003,77.30000000000001,30.200000000000003,77.2,2017-01-25 02:03:27.999
1,608120.0,6081.0,21.0,Yamananagar,Haryana,30.200000000000003,77.30000000000001,30.200000000000003,77.2,2017-02-13 02:02:30.000
1,608120.0,6081.0,21.0,Yamananagar,Haryana,30.200000000000003,77.30000000000001,30.200000000000003,77.2,2017-02-08 23:56:12.000
1,608120.0,6081.0,21.0,Yamananagar,Haryana,30.200000000000003,77.30000000000001,30.200000000000003,77.2,2017-02-07 01:04:14.000
1,608120.0,6081.0,21.0,Yamananagar,Haryana,30.200000000000003,77.30000000000001,30.200000000000003,77.2,2017-03-12 01:58:39.000
1,608120.0,6081.0,21.0,Yamananagar,Haryana,30.200000000000003,77.30000000000001,30.200000000000003,77.2,2017-03-02 02:19:45.000
1,608120.0,6081.0,21.0,Yamananagar,Haryana,30.200000000000003,77.30000000000001,30.200000000000003,77.2,2017-04-03 03:21:51.000
1,608120.0,6081.0,21.0,Yamananagar,Haryana,30.200000000000003,77.30000000000001,30.200000000000003,77.2,2016-12-21 00:29:00.000
1,608120.0,6081.0,21.0,Yamananagar,Haryana,30.200000000000003,77.30000000000001,30.200000000000003,77.2,2017-01-04 23:31:01.000
1,608120.0,6081.0,21.0,Yamananagar,Haryana,30.200000000000003,77.30000000000001,30.200000000000003,77.2,2017-03-18 03:05:10.000
1,608120.0,6081.0,21.0,Yamananagar,Haryana,30.200000000000003,77.30000000000001,30.200000000000003,77.2,2017-03-04 02:01:39.999
1,608120.0,6081.0,21.0,Yamananagar,Haryana,30.200000000000003,77.30000000000001,30.200000000000003,77.2,2017-01-29 23:09:29.000
1,608120.0,6081.0,21.0,Yamananagar,Haryana,30.200000000000003,77.30000000000001,30.200000000000003,77.2,2017-02-03 23:24:54.000
1,608120.0,6081.0,21.0,Yamananagar,Haryana,30.200000000000003,77.30000000000001,30.200000000000003,77.2,2017-02-24 01:56:25.999
1,608120.0,6081.0,21.0,Yamananagar,Haryana,30.200000000000003,77.30000000000001,30.200000000000003,77.2,2017-01-10 00:48:25.999
1,608120.0,6081.0,21.0,Yamananagar,Haryana,30.200000000000003,77.30000000000001,30.200000000000003,77.2,2017-03-31 02:59:01.000
1,608120.0,6081.0,21.0,Yamananagar,Haryana,30.200000000000003,77.30000000000001,30.200000000000003,77.2,2017-03-23 03:18:53.999
1,608120.0,6081.0,21.0,Yamananagar,Haryana,30.200000000000003,77.30000000000001,30.200000000000003,77.2,2017-02-10 23:30:04.000
1,608120.0,6081.0,21.0,Yamananagar,Haryana,30.200000000000003,77.30000000000001,30.200000000000003,77.2,2016-12-19 00:39:00.000
1,608120.0,6081.0,21.0,Yamananagar,Haryana,30.200000000000003,77.30000000000001,30.200000000000003,77.2,2017-02-22 02:13:16.000
1,608120.0,6081.0,21.0,Yamananagar,Haryana,30.200000000000003,77.30000000000001,30.200000000000003,77.2,2017-03-08 01:24:35.999
1,608120.0,6081.0,21.0,Yamananagar,Haryana,30.200000000000003,77.30000000000001,30.200000000000003,77.2,2017-02-20 02:05:28.999
1,608120.0,6081.0,21.0,Yamananagar,Haryana,30.200000000000003,77.30000000000001,30.200000000000003,77.2,2017-03-10 00:58:17.000
1,608120.0,6081.0,21.0,Yamananagar,Haryana,30.200000000000003,77.30000000000001,30.200000000000003,77.2,2017-03-27 02:53:27.000
1,608120.0,6081.0,21.0,Yamananagar,Haryana,30.200000000000003,77.30000000000001,30.200000000000003,77.2,2017-01-17 23:46:47.000
1,608120.0,6081.0,21.0,Yamananagar,Haryana,30.200000000000003,77.30000000000001,30.200000000000003,77.2,2017-03-26 02:13:20.000
1,608120.0,6081.0,21.0,Yamananagar,Haryana,30.200000000000003,77.30000000000001,30.200000000000003,77.2,2017-02-17 00:05:34.000
1,608120.0,6081.0,21.0,Yamananagar,Haryana,30.200000000000003,77.30000000000001,30.200000000000003,77.2,2017-02-26 02:19:48.000
1,608120.0,6081.0,21.0,Yamananagar,Haryana,30.200000000000003,77.30000000000001,30.200000000000003,77.2,2017-03-14 02:26:08.999
1,608122.0,6081.0,21.0,Yamananagar,Haryana,30.200000000000003,77.30000000000001,30.200000000000003,77.2,2016-12-28 00:20:59.999
1,608127.0,6081.0,21.0,Yamananagar,Haryana,30.200000000000003,77.30000000000001,30.200000000000003,77.2,2016-11-17 22:57:59.999
1,608127.0,6081.0,21.0,Yamananagar,Haryana,30.200000000000003,77.30000000000001,30.200000000000003,77.2,2016-11-17 22:54:00.000
1,608133.0,6081.0,21.0,Yamananagar,Haryana,30.200000000000003,77.30000000000001,30.200000000000003,77.2,2017-01-10 00:51:58.000
1,608133.0,6081.0,21.0,Yamananagar,Haryana,30.200000000000003,77.30000000000001,30.200000000000003,77.2,2017-01-04 00:48:31.000
1,608133.0,6081.0,21.0,Yamananagar,Haryana,30.200000000000003,77.30000000000001,30.200000000000003,77.2,2017-02-15 01:57:45.000
1,608133.0,6081.0,21.0,Yamananagar,Haryana,30.200000000000003,77.30000000000001,30.200000000000003,77.2,2017-01-28 02:24:09.999
1,608133.0,6081.0,21.0,Yamananagar,Haryana,30.200000000000003,77.30000000000001,,,2017-04-04 09:04:22.528
1,608133.0,6081.0,21.0,Yamananagar,Haryana,30.200000000000003,77.30000000000001,30.200000000000003,77.2,2016-12-28 02:18:00.000
1,608133.0,6081.0,21.0,Yamananagar,Haryana,30.200000000000003,77.30000000000001,30.200000000000003,77.2,2017-03-30 23:52:17.000
1,608133.0,6081.0,21.0,Yamananagar,Haryana,30.200000000000003,77.30000000000001,,,2017-04-04 09:04:22.528
1,608133.0,6081.0,21.0,Yamananagar,Haryana,30.200000000000003,77.30000000000001,30.200000000000003,77.2,2017-01-06 00:57:15.000
1,608133.0,6081.0,21.0,Yamananagar,Haryana,30.200000000000003,77.30000000000001,30.200000000000003,77.2,2017-03-15 03:22:36.999
1,608133.0,6081.0,21.0,Yamananagar,Haryana,30.200000000000003,77.30000000000001,30.200000000000003,77.2,2017-04-04 07:53:02.000
1,608133.0,6081.0,21.0,Yamananagar,Haryana,30.200000000000003,77.30000000000001,30.200000000000003,77.2,2017-04-04 08:00:16.999
1,608133.0,6081.0,21.0,Yamananagar,Haryana,30.200000000000003,77.30000000000001,30.200000000000003,77.2,2016-12-15 00:20:00.000
1,608134.0,6081.0,21.0,Yamananagar,Haryana,30.200000000000003,77.30000000000001,30.200000000000003,77.2,2016-11-30 00:04:59.999
1,608134.0,6081.0,21.0,Yamananagar,Haryana,30.200000000000003,77.30000000000001,30.200000000000003,77.2,2017-03-25 00:15:15.000
1,608134.0,6081.0,21.0,Yamananagar,Haryana,30.200000000000003,77.30000000000001,30.200000000000003,77.2,2016-12-31 01:20:11.000
1,608134.0,6081.0,21.0,Yamananagar,Haryana,30.200000000000003,77.30000000000001,30.200000000000003,77.2,2017-03-30 23:48:51.999
1,608134.0,6081.0,21.0,Yamananagar,Haryana,30.200000000000003,77.30000000000001,30.200000000000003,77.2,2017-02-19 00:31:45.999
1,608134.0,6081.0,21.0,Yamananagar,Haryana,30.200000000000003,77.30000000000001,30.200000000000003,77.2,2016-12-01 23:10:00.000
1,608134.0,6081.0,21.0,Yamananagar,Haryana,30.200000000000003,77.30000000000001,30.200000000000003,77.2,2016-11-28 00:13:00.000
1,608134.0,6081.0,21.0,Yamananagar,Haryana,30.200000000000003,77.30000000000001,30.200000000000003,77.2,2017-02-08 01:28:27.999
1,608134.0,6081.0,21.0,Yamananagar,Haryana,30.200000000000003,77.30000000000001,30.200000000000003,77.2,2016-12-10 00:03:00.000
1,608134.0,6081.0,21.0,Yamananagar,Haryana,30.200000000000003,77.30000000000001,30.200000000000003,77.2,2017-01-12 22:43:35.000
1,608134.0,6081.0,21.0,Yamananagar,Haryana,30.200000000000003,77.30000000000001,30.200000000000003,77.2,2017-03-23 00:13:48.000
1,608134.0,6081.0,21.0,Yamananagar,Haryana,30.200000000000003,77.30000000000001,30.200000000000003,77.2,2017-03-11 01:43:19.000
1,608134.0,6081.0,21.0,Yamananagar,Haryana,30.200000000000003,77.30000000000001,30.200000000000003,77.2,2017-03-29 00:29:36.999
1,608134.0,6081.0,21.0,Yamananagar,Haryana,30.200000000000003,77.30000000000001,30.200000000000003,77.2,2017-03-20 23:37:20.000
1,608134.0,6081.0,21.0,Yamananagar,Haryana,30.200000000000003,77.30000000000001,30.200000000000003,77.2,2017-01-11 22:54:29.000
1,608134.0,6081.0,21.0,Yamananagar,Haryana,30.200000000000003,77.30000000000001,30.200000000000003,77.2,2017-01-18 23:06:41.000
1,608134.0,6081.0,21.0,Yamananagar,Haryana,30.200000000000003,77.30000000000001,30.200000000000003,77.2,2016-12-08 00:04:00.000
1,608134.0,6081.0,21.0,Yamananagar,Haryana,30.200000000000003,77.30000000000001,30.200000000000003,77.2,2016-12-16 23:00:00.000
1,608134.0,6081.0,21.0,Yamananagar,Haryana,30.200000000000003,77.30000000000001,30.200000000000003,77.2,2017-04-03 23:37:36.000
1,608134.0,6081.0,21.0,Yamananagar,Haryana,30.200000000000003,77.30000000000001,30.200000000000003,77.2,2017-02-11 00:06:54.000
1,608134.0,6081.0,21.0,Yamananagar,Haryana,30.200000000000003,77.30000000000001,30.200000000000003,77.2,2017-03-26 23:29:58.000
1,608134.0,6081.0,21.0,Yamananagar,Haryana,30.200000000000003,77.30000000000001,30.200000000000003,77.2,2016-12-20 23:13:59.999
1,608134.0,6081.0,21.0,Yamananagar,Haryana,30.200000000000003,77.30000000000001,30.200000000000003,77.2,2017-02-27 00:13:11.000
1,608134.0,6081.0,21.0,Yamananagar,Haryana,30.200000000000003,77.30000000000001,30.200000000000003,77.2,2017-02-17 01:28:02.000
1,608134.0,6081.0,21.0,Yamananagar,Haryana,30.200000000000003,77.30000000000001,30.200000000000003,77.2,2017-02-20 23:51:41.000
1,608134.0,6081.0,21.0,Yamananagar,Haryana,30.200000000000003,77.30000000000001,30.200000000000003,77.2,2016-12-14 23:42:00.000
1,608135.0,6081.0,21.0,Yamananagar,Haryana,30.200000000000003,77.30000000000001,,,2017-04-19 00:42:35.904
1,608135.0,6081.0,21.0,Yamananagar,Haryana,30.200000000000003,77.30000000000001,30.200000000000003,77.2,2016-12-06 23:32:59.999
1,608135.0,6081.0,21.0,Yamananagar,Haryana,30.200000000000003,77.30000000000001,30.200000000000003,77.2,2016-12-19 00:45:00.000
1,608135.0,6081.0,21.0,Yamananagar,Haryana,30.200000000000003,77.30000000000001,30.200000000000003,77.2,2017-03-25 03:20:16.999
1,608135.0,6081.0,21.0,Yamananagar,Haryana,30.200000000000003,77.30000000000001,30.200000000000003,77.2,2016-12-13 22:54:00.000
1,608135.0,6081.0,21.0,Yamananagar,Haryana,30.200000000000003,77.30000000000001,,,2017-04-19 00:42:35.904
1,608135.0,6081.0,21.0,Yamananagar,Haryana,30.200000000000003,77.30000000000001,,,2017-04-19 00:42:35.904
1,608135.0,6081.0,21.0,Yamananagar,Haryana,30.200000000000003,77.30000000000001,30.200000000000003,77.2,2016-12-29 00:06:00.000
1,608135.0,6081.0,21.0,Yamananagar,Haryana,30.200000000000003,77.30000000000001,,,2017-04-19 00:42:35.904
1,608135.0,6081.0,21.0,Yamananagar,Haryana,30.200000000000003,77.30000000000001,30.200000000000003,77.2,2017-03-16 00:31:31.999
1,608135.0,6081.0,21.0,Yamananagar,Haryana,30.200000000000003,77.30000000000001,30.200000000000003,77.2,2017-04-06 02:41:48.000
1,614501.0,6145.0,7.0,Yamananagar,Haryana,30.3,77.30000000000001,,,2017-04-10 04:07:06.496
1,614501.0,6145.0,7.0,Yamananagar,Haryana,30.3,77.30000000000001,30.3,77.30000000000001,2017-02-15 22:14:41.000
1,614501.0,6145.0,7.0,Yamananagar,Haryana,30.3,77.30000000000001,30.3,77.30000000000001,2016-12-02 23:45:59.999
1,614501.0,6145.0,7.0,Yamananagar,Haryana,30.3,77.30000000000001,30.3,77.30000000000001,2016-12-18 00:04:59.999
1,614501.0,6145.0,7.0,Yamananagar,Haryana,30.3,77.30000000000001,30.3,77.30000000000001,2017-04-05 05:45:13.000
1,614501.0,6145.0,7.0,Yamananagar,Haryana,30.3,77.30000000000001,30.3,77.30000000000001,2016-11-27 23:05:00.000
1,614501.0,6145.0,7.0,Yamananagar,Haryana,30.3,77.30000000000001,30.3,77.30000000000001,2016-12-31 21:54:50.999
1,614501.0,6145.0,7.0,Yamananagar,Haryana,30.3,77.30000000000001,30.3,77.30000000000001,2016-12-08 22:34:00.000
1,614501.0,6145.0,7.0,Yamananagar,Haryana,30.3,77.30000000000001,30.3,77.30000000000001,2016-12-05 23:48:00.000
1,614501.0,6145.0,7.0,Yamananagar,Haryana,30.3,77.30000000000001,30.3,77.30000000000001,2016-11-25 23:03:00.000
1,614501.0,6145.0,7.0,Yamananagar,Haryana,30.3,77.30000000000001,30.3,77.30000000000001,2017-02-11 23:49:52.000
1,614501.0,6145.0,7.0,Yamananagar,Haryana,30.3,77.30000000000001,,,2017-04-10 04:07:06.496
1,614501.0,6145.0,7.0,Yamananagar,Haryana,30.3,77.30000000000001,30.3,77.30000000000001,2016-12-15 23:10:59.999
1,614501.0,6145.0,7.0,Yamananagar,Haryana,30.3,77.30000000000001,30.3,77.30000000000001,2016-12-30 04:50:59.999
1,614501.0,6145.0,7.0,Yamananagar,Haryana,30.3,77.30000000000001,,,2017-04-10 04:07:06.496
1,614501.0,6145.0,7.0,Yamananagar,Haryana,30.3,77.30000000000001,30.3,77.30000000000001,2016-11-27 23:08:00.000
1,614501.0,6145.0,7.0,Yamananagar,Haryana,30.3,77.30000000000001,30.3,77.30000000000001,2016-11-30 23:31:00.000
1,614501.0,6145.0,7.0,Yamananagar,Haryana,30.3,77.30000000000001,30.3,77.30000000000001,2017-01-24 23:42:20.000
1,614501.0,6145.0,7.0,Yamananagar,Haryana,30.3,77.30000000000001,30.3,77.30000000000001,2017-03-29 23:20:37.000
1,614501.0,6145.0,7.0,Yamananagar,Haryana,30.3,77.30000000000001,,,2017-04-10 04:07:06.496
1,614501.0,6145.0,7.0,Yamananagar,Haryana,30.3,77.30000000000001,30.3,77.30000000000001,2017-02-25 21:35:39.000
1,614501.0,6145.0,7.0,Yamananagar,Haryana,30.3,77.30000000000001,30.3,77.30000000000001,2016-12-19 03:24:00.000
1,614501.0,6145.0,7.0,Yamananagar,Haryana,30.3,77.30000000000001,30.3,77.30000000000001,2017-03-06 23:39:18.999
1,614501.0,6145.0,7.0,Yamananagar,Haryana,30.3,77.30000000000001,30.900000000000002,75.8,2016-11-18 02:09:00.000
1,614501.0,6145.0,7.0,Yamananagar,Haryana,30.3,77.30000000000001,30.3,77.30000000000001,2017-03-25 22:56:45.000
1,614501.0,6145.0,7.0,Yamananagar,Haryana,30.3,77.30000000000001,30.3,77.30000000000001,2017-02-09 22:06:13.999
1,614501.0,6145.0,7.0,Yamananagar,Haryana,30.3,77.30000000000001,30.3,77.30000000000001,2016-11-23 22:53:00.000
1,614503.0,6145.0,7.0,Yamananagar,Haryana,30.3,77.30000000000001,30.3,77.30000000000001,2017-04-09 20:33:13.999
1,614503.0,6145.0,7.0,Yamananagar,Haryana,30.3,77.30000000000001,30.3,77.30000000000001,2017-01-26 20:27:46.000
1,614503.0,6145.0,7.0,Yamananagar,Haryana,30.3,77.30000000000001,30.3,77.30000000000001,2016-12-12 00:04:00.000
1,614503.0,6145.0,7.0,Yamananagar,Haryana,30.3,77.30000000000001,30.3,77.30000000000001,2017-02-11 00:11:21.000
1,614503.0,6145.0,7.0,Yamananagar,Haryana,30.3,77.30000000000001,30.3,77.30000000000001,2016-12-07 02:16:59.999
1,614503.0,6145.0,7.0,Yamananagar,Haryana,30.3,77.30000000000001,30.3,77.30000000000001,2016-12-15 20:47:00.000
1,614503.0,6145.0,7.0,Yamananagar,Haryana,30.3,77.30000000000001,30.3,77.30000000000001,2017-03-19 20:46:23.000
1,614503.0,6145.0,7.0,Yamananagar,Haryana,30.3,77.30000000000001,30.3,77.30000000000001,2017-03-02 20:15:25.000
1,614503.0,6145.0,7.0,Yamananagar,Haryana,30.3,77.30000000000001,30.3,77.30000000000001,2017-03-09 20:15:11.000
1,614503.0,6145.0,7.0,Yamananagar,Haryana,30.3,77.30000000000001,30.3,77.30000000000001,2017-03-05 23:44:01.000
1,614503.0,6145.0,7.0,Yamananagar,Haryana,30.3,77.30000000000001,30.3,77.30000000000001,2017-03-25 06:17:32.999
1,614503.0,6145.0,7.0,Yamananagar,Haryana,30.3,77.30000000000001,30.3,77.30000000000001,2016-12-01 20:06:00.000
1,614503.0,6145.0,7.0,Yamananagar,Haryana,30.3,77.30000000000001,30.3,77.30000000000001,2017-02-26 20:23:29.000
1,614503.0,6145.0,7.0,Yamananagar,Haryana,30.3,77.30000000000001,30.3,77.30000000000001,2017-02-21 20:25:03.000
1,614503.0,6145.0,7.0,Yamananagar,Haryana,30.3,77.30000000000001,30.3,77.30000000000001,2017-03-14 20:54:54.000
1,614503.0,6145.0,7.0,Yamananagar,Haryana,30.3,77.30000000000001,30.3,77.30000000000001,2017-03-28 20:47:46.000
1,614503.0,6145.0,7.0,Yamananagar,Haryana,30.3,77.30000000000001,30.3,77.30000000000001,2016-12-18 20:58:00.000
1,614503.0,6145.0,7.0,Yamananagar,Haryana,30.3,77.30000000000001,30.3,77.30000000000001,2016-12-22 20:58:59.999
1,614503.0,6145.0,7.0,Yamananagar,Haryana,30.3,77.30000000000001,30.3,77.30000000000001,2017-02-15 03:49:16.000
1,614503.0,6145.0,7.0,Yamananagar,Haryana,30.3,77.30000000000001,30.3,77.30000000000001,2016-12-29 20:44:00.000
1,614503.0,6145.0,7.0,Yamananagar,Haryana,30.3,77.30000000000001,30.3,77.30000000000001,2016-11-22 20:05:00.000
1,614503.0,6145.0,7.0,Yamananagar,Haryana,30.3,77.30000000000001,30.3,77.30000000000001,2017-04-10 04:12:05.000
1,614503.0,6145.0,7.0,Yamananagar,Haryana,30.3,77.30000000000001,30.3,77.30000000000001,2016-11-27 20:26:59.999
1,614503.0,6145.0,7.0,Yamananagar,Haryana,30.3,77.30000000000001,,,2017-04-10 05:12:38.656
1,614503.0,6145.0,7.0,Yamananagar,Haryana,30.3,77.30000000000001,,,2017-04-10 05:12:38.656
1,614503.0,6145.0,7.0,Yamananagar,Haryana,30.3,77.30000000000001,30.3,77.30000000000001,2016-12-27 23:58:00.000
1,614510.0,6145.0,7.0,Yamananagar,Haryana,30.3,77.30000000000001,30.3,77.30000000000001,2017-03-16 00:32:14.000
1,614510.0,6145.0,7.0,Yamananagar,Haryana,30.3,77.30000000000001,30.3,77.30000000000001,2017-03-02 21:58:38.999
1,614510.0,6145.0,7.0,Yamananagar,Haryana,30.3,77.30000000000001,30.3,77.30000000000001,2017-04-20 05:17:15.999
1,614510.0,6145.0,7.0,Yamananagar,Haryana,30.3,77.30000000000001,30.3,77.30000000000001,2017-02-09 23:52:48.000
1,614510.0,6145.0,7.0,Yamananagar,Haryana,30.3,77.30000000000001,30.3,77.30000000000001,2017-03-21 23:13:19.000
1,614510.0,6145.0,7.0,Yamananagar,Haryana,30.3,77.30000000000001,30.3,77.30000000000001,2017-02-21 00:41:12.000
1,614510.0,6145.0,7.0,Yamananagar,Haryana,30.3,77.30000000000001,30.3,77.30000000000001,2017-03-02 00:19:06.999
1,614510.0,6145.0,7.0,Yamananagar,Haryana,30.3,77.30000000000001,30.3,77.30000000000001,2016-12-28 22:31:59.999
1,614510.0,6145.0,7.0,Yamananagar,Haryana,30.3,77.30000000000001,30.3,77.30000000000001,2017-03-19 00:46:45.000
1,614510.0,6145.0,7.0,Yamananagar,Haryana,30.3,77.30000000000001,30.3,77.30000000000001,2017-03-23 21:57:10.000
1,614510.0,6145.0,7.0,Yamananagar,Haryana,30.3,77.30000000000001,30.3,77.30000000000001,2017-02-12 22:22:31.000
1,614510.0,6145.0,7.0,Yamananagar,Haryana,30.3,77.30000000000001,30.3,77.30000000000001,2017-01-24 23:13:04.000
1,614510.0,6145.0,7.0,Yamananagar,Haryana,30.3,77.30000000000001,30.3,77.30000000000001,2017-02-08 00:04:21.000
1,614510.0,6145.0,7.0,Yamananagar,Haryana,30.3,77.30000000000001,30.3,77.30000000000001,2017-01-26 23:07:24.999
1,614510.0,6145.0,7.0,Yamananagar,Haryana,30.3,77.30000000000001,30.3,77.30000000000001,2016-12-08 22:40:00.000
1,614510.0,6145.0,7.0,Yamananagar,Haryana,30.3,77.30000000000001,30.3,77.30000000000001,2017-03-12 21:42:59.000
1,614510.0,6145.0,7.0,Yamananagar,Haryana,30.3,77.30000000000001,30.3,77.30000000000001,2017-02-05 22:24:30.000
1,614510.0,6145.0,7.0,Yamananagar,Haryana,30.3,77.30000000000001,30.3,77.30000000000001,2017-01-26 23:08:27.000
1,614510.0,6145.0,7.0,Yamananagar,Haryana,30.3,77.30000000000001,30.3,77.30000000000001,2017-02-17 01:31:05.999
1,614510.0,6145.0,7.0,Yamananagar,Haryana,30.3,77.30000000000001,30.3,77.30000000000001,2016-12-27 00:51:00.000
1,614510.0,6145.0,7.0,Yamananagar,Haryana,30.3,77.30000000000001,30.3,77.30000000000001,2017-03-03 22:54:40.999
1,614510.0,6145.0,7.0,Yamananagar,Haryana,30.3,77.30000000000001,30.3,77.30000000000001,2017-02-15 00:31:12.000
1,614510.0,6145.0,7.0,Yamananagar,Haryana,30.3,77.30000000000001,30.3,77.30000000000001,2017-01-29 01:18:48.000
1,614510.0,6145.0,7.0,Yamananagar,Haryana,30.3,77.30000000000001,30.3,77.30000000000001,2016-12-25 23:09:00.000
1,614510.0,6145.0,7.0,Yamananagar,Haryana,30.3,77.30000000000001,30.3,77.30000000000001,2017-02-08 00:04:58.000
1,614510.0,6145.0,7.0,Yamananagar,Haryana,30.3,77.30000000000001,30.3,77.30000000000001,2017-02-14 00:11:16.999
1,614510.0,6145.0,7.0,Yamananagar,Haryana,30.3,77.30000000000001,30.3,77.30000000000001,2016-12-22 23:03:59.999
1,614510.0,6145.0,7.0,Yamananagar,Haryana,30.3,77.30000000000001,30.3,77.30000000000001,2017-02-23 00:41:46.000
1,614510.0,6145.0,7.0,Yamananagar,Haryana,30.3,77.30000000000001,30.3,77.30000000000001,2017-04-08 00:45:30.999
1,614510.0,6145.0,7.0,Yamananagar,Haryana,30.3,77.30000000000001,30.3,77.30000000000001,2017-02-06 23:28:46.999
1,614510.0,6145.0,7.0,Yamananagar,Haryana,30.3,77.30000000000001,30.3,77.30000000000001,2016-12-25 23:08:00.000
1,614510.0,6145.0,7.0,Yamananagar,Haryana,30.3,77.30000000000001,30.3,77.30000000000001,2016-12-20 22:57:00.000
1,614510.0,6145.0,7.0,Yamananagar,Haryana,30.3,77.30000000000001,30.3,77.30000000000001,2017-02-24 22:11:14.999
1,614510.0,6145.0,7.0,Yamananagar,Haryana,30.3,77.30000000000001,30.3,77.30000000000001,2017-02-09 23:53:50.999
1,614510.0,6145.0,7.0,Yamananagar,Haryana,30.3,77.30000000000001,30.3,77.30000000000001,2016-12-22 23:05:00.000
1,614510.0,6145.0,7.0,Yamananagar,Haryana,30.3,77.30000000000001,30.3,77.30000000000001,2017-01-24 00:39:38.000
1,614510.0,6145.0,7.0,Yamananagar,Haryana,30.3,77.30000000000001,30.3,77.30000000000001,2017-02-08 22:07:01.999
1,614510.0,6145.0,7.0,Yamananagar,Haryana,30.3,77.30000000000001,30.3,77.30000000000001,2017-02-05 22:25:10.000
1,614510.0,6145.0,7.0,Yamananagar,Haryana,30.3,77.30000000000001,30.3,77.30000000000001,2016-12-28 22:33:00.000
1,614510.0,6145.0,7.0,Yamananagar,Haryana,30.3,77.30000000000001,30.3,77.30000000000001,2017-01-29 01:18:15.000
1,614510.0,6145.0,7.0,Yamananagar,Haryana,30.3,77.30000000000001,30.3,77.30000000000001,2017-02-06 23:28:14.000
1,614510.0,6145.0,7.0,Yamananagar,Haryana,30.3,77.30000000000001,30.3,77.30000000000001,2017-03-14 03:01:46.999
1,614510.0,6145.0,7.0,Yamananagar,Haryana,30.3,77.30000000000001,30.3,77.30000000000001,2017-04-08 00:44:50.000
1,614510.0,6145.0,7.0,Yamananagar,Haryana,30.3,77.30000000000001,30.3,77.30000000000001,2017-03-29 23:25:40.000
1,614510.0,6145.0,7.0,Yamananagar,Haryana,30.3,77.30000000000001,30.3,77.30000000000001,2017-02-12 22:23:12.999
1,614510.0,6145.0,7.0,Yamananagar,Haryana,30.3,77.30000000000001,30.3,77.30000000000001,2017-01-24 23:14:17.000
1,614510.0,6145.0,7.0,Yamananagar,Haryana,30.3,77.30000000000001,30.3,77.30000000000001,2017-03-19 00:46:07.000
1,614510.0,6145.0,7.0,Yamananagar,Haryana,30.3,77.30000000000001,30.3,77.30000000000001,2017-04-03 01:52:25.999
1,614510.0,6145.0,7.0,Yamananagar,Haryana,30.3,77.30000000000001,30.3,77.30000000000001,2017-02-09 23:53:22.000
1,614510.0,6145.0,7.0,Yamananagar,Haryana,30.3,77.30000000000001,30.3,77.30000000000001,2016-12-12 01:43:00.000
1,614510.0,6145.0,7.0,Yamananagar,Haryana,30.3,77.30000000000001,30.3,77.30000000000001,2017-04-03 01:53:06.000
1,614510.0,6145.0,7.0,Yamananagar,Haryana,30.3,77.30000000000001,30.3,77.30000000000001,2017-04-09 23:29:53.000
1,614510.0,6145.0,7.0,Yamananagar,Haryana,30.3,77.30000000000001,30.3,77.30000000000001,2016-12-27 23:29:00.000
1,614510.0,6145.0,7.0,Yamananagar,Haryana,30.3,77.30000000000001,30.3,77.30000000000001,2017-02-06 23:29:16.999
1,614510.0,6145.0,7.0,Yamananagar,Haryana,30.3,77.30000000000001,30.3,77.30000000000001,2017-03-12 00:16:25.000
1,614510.0,6145.0,7.0,Yamananagar,Haryana,30.3,77.30000000000001,30.3,77.30000000000001,2017-02-12 22:21:35.000
1,614510.0,6145.0,7.0,Yamananagar,Haryana,30.3,77.30000000000001,30.3,77.30000000000001,2017-03-01 00:08:56.000
1,614510.0,6145.0,7.0,Yamananagar,Haryana,30.3,77.30000000000001,30.3,77.30000000000001,2017-03-20 02:51:13.000
1,614510.0,6145.0,7.0,Yamananagar,Haryana,30.3,77.30000000000001,30.3,77.30000000000001,2017-02-05 22:25:47.000
1,614510.0,6145.0,7.0,Yamananagar,Haryana,30.3,77.30000000000001,30.3,77.30000000000001,2017-03-01 00:09:39.000
1,614510.0,6145.0,7.0,Yamananagar,Haryana,30.3,77.30000000000001,30.3,77.30000000000001,2017-04-20 22:20:57.000
1,614510.0,6145.0,7.0,Yamananagar,Haryana,30.3,77.30000000000001,30.3,77.30000000000001,2017-03-06 23:41:51.000
1,614510.0,6145.0,7.0,Yamananagar,Haryana,30.3,77.30000000000001,30.3,77.30000000000001,2017-03-02 21:58:06.999
1,614510.0,6145.0,7.0,Yamananagar,Haryana,30.3,77.30000000000001,30.3,77.30000000000001,2016-12-28 22:34:59.999
1,614510.0,6145.0,7.0,Yamananagar,Haryana,30.3,77.30000000000001,30.3,77.30000000000001,2017-02-24 22:10:30.000
1,614510.0,6145.0,7.0,Yamananagar,Haryana,30.3,77.30000000000001,30.3,77.30000000000001,2017-04-03 23:08:52.000
1,614510.0,6145.0,7.0,Yamananagar,Haryana,30.3,77.30000000000001,30.3,77.30000000000001,2017-03-14 23:45:04.000
1,614510.0,6145.0,7.0,Yamananagar,Haryana,30.3,77.30000000000001,30.3,77.30000000000001,2017-03-23 21:56:08.000
1,614510.0,6145.0,7.0,Yamananagar,Haryana,30.3,77.30000000000001,30.3,77.30000000000001,2017-02-18 00:58:06.999
1,614510.0,6145.0,7.0,Yamananagar,Haryana,30.3,77.30000000000001,30.3,77.30000000000001,2017-02-23 21:01:59.999
1,614510.0,6145.0,7.0,Yamananagar,Haryana,30.3,77.30000000000001,30.3,77.30000000000001,2017-02-25 23:33:58.000
1,614510.0,6145.0,7.0,Yamananagar,Haryana,30.3,77.30000000000001,30.3,77.30000000000001,2017-04-09 23:29:04.000
1,614510.0,6145.0,7.0,Yamananagar,Haryana,30.3,77.30000000000001,30.3,77.30000000000001,2016-12-27 23:28:00.000
1,614510.0,6145.0,7.0,Yamananagar,Haryana,30.3,77.30000000000001,30.3,77.30000000000001,2017-03-21 23:12:40.000
1,614510.0,6145.0,7.0,Yamananagar,Haryana,30.3,77.30000000000001,30.3,77.30000000000001,2017-04-03 23:08:12.000
1,614510.0,6145.0,7.0,Yamananagar,Haryana,30.3,77.30000000000001,30.3,77.30000000000001,2017-01-29 01:19:25.000
1,614510.0,6145.0,7.0,Yamananagar,Haryana,30.3,77.30000000000001,30.3,77.30000000000001,2016-12-27 00:49:59.999
1,614510.0,6145.0,7.0,Yamananagar,Haryana,30.3,77.30000000000001,30.3,77.30000000000001,2017-01-24 00:40:18.000
1,614510.0,6145.0,7.0,Yamananagar,Haryana,30.3,77.30000000000001,30.3,77.30000000000001,2017-02-21 00:41:47.000
1,614510.0,6145.0,7.0,Yamananagar,Haryana,30.3,77.30000000000001,30.3,77.30000000000001,2017-03-16 00:33:49.000
1,614510.0,6145.0,7.0,Yamananagar,Haryana,30.3,77.30000000000001,30.3,77.30000000000001,2017-02-08 22:06:34.000
1,614510.0,6145.0,7.0,Yamananagar,Haryana,30.3,77.30000000000001,30.3,77.30000000000001,2017-01-26 23:06:42.000
1,614510.0,6145.0,7.0,Yamananagar,Haryana,30.3,77.30000000000001,30.3,77.30000000000001,2017-02-08 22:07:30.000
1,614510.0,6145.0,7.0,Yamananagar,Haryana,30.3,77.30000000000001,30.3,77.30000000000001,2017-02-16 00:04:10.000
1,614510.0,6145.0,7.0,Yamananagar,Haryana,30.3,77.30000000000001,30.3,77.30000000000001,2017-02-08 00:03:44.000
1,614512.0,6145.0,7.0,Yamananagar,Haryana,30.3,77.30000000000001,,,2017-04-10 05:21:22.944
1,614512.0,6145.0,7.0,Yamananagar,Haryana,30.3,77.30000000000001,30.3,77.30000000000001,2016-11-28 22:41:59.999
1,614512.0,6145.0,7.0,Yamananagar,Haryana,30.3,77.30000000000001,30.3,77.30000000000001,2016-11-24 22:53:00.000
1,614512.0,6145.0,7.0,Yamananagar,Haryana,30.3,77.30000000000001,30.3,77.30000000000001,2016-11-23 01:08:00.000
1,614512.0,6145.0,7.0,Yamananagar,Haryana,30.3,77.30000000000001,30.3,77.30000000000001,2016-12-15 00:53:00.000
1,614512.0,6145.0,7.0,Yamananagar,Haryana,30.3,77.30000000000001,30.3,77.30000000000001,2016-11-26 22:44:59.999
1,614512.0,6145.0,7.0,Yamananagar,Haryana,30.3,77.30000000000001,30.3,77.30000000000001,2016-12-16 23:31:00.000
1,614512.0,6145.0,7.0,Yamananagar,Haryana,30.3,77.30000000000001,,,2017-04-10 05:21:22.944
1,614512.0,6145.0,7.0,Yamananagar,Haryana,30.3,77.30000000000001,30.3,77.30000000000001,2016-12-02 01:54:00.000
1,614512.0,6145.0,7.0,Yamananagar,Haryana,30.3,77.30000000000001,,,2017-04-10 05:21:22.944
1,614512.0,6145.0,7.0,Yamananagar,Haryana,30.3,77.30000000000001,30.3,77.30000000000001,2016-12-18 22:57:59.999
1,614512.0,6145.0,7.0,Yamananagar,Haryana,30.3,77.30000000000001,30.3,77.30000000000001,2016-12-03 23:29:59.999
1,614512.0,6145.0,7.0,Yamananagar,Haryana,30.3,77.30000000000001,,,2017-04-10 05:21:22.944
1,614515.0,6145.0,7.0,Yamananagar,Haryana,30.3,77.30000000000001,30.3,77.30000000000001,2016-11-30 02:47:00.000
1,614515.0,6145.0,7.0,Yamananagar,Haryana,30.3,77.30000000000001,30.3,77.30000000000001,2017-03-15 22:56:05.000
1,614515.0,6145.0,7.0,Yamananagar,Haryana,30.3,77.30000000000001,30.3,77.30000000000001,2017-03-11 00:33:59.999
1,614515.0,6145.0,7.0,Yamananagar,Haryana,30.3,77.30000000000001,30.3,77.30000000000001,2017-02-27 22:52:50.000
1,614515.0,6145.0,7.0,Yamananagar,Haryana,30.3,77.30000000000001,30.3,77.30000000000001,2017-03-14 00:39:48.000
1,614515.0,6145.0,7.0,Yamananagar,Haryana,30.3,77.30000000000001,30.3,77.30000000000001,2017-02-11 23:36:45.999
1,614515.0,6145.0,7.0,Yamananagar,Haryana,30.3,77.30000000000001,30.3,77.30000000000001,2017-01-19 00:25:01.000
1,614515.0,6145.0,7.0,Yamananagar,Haryana,30.3,77.30000000000001,30.3,77.30000000000001,2016-12-04 21:00:00.000
1,614515.0,6145.0,7.0,Yamananagar,Haryana,30.3,77.30000000000001,30.3,77.30000000000001,2017-02-22 23:41:19.000
1,614515.0,6145.0,7.0,Yamananagar,Haryana,30.3,77.30000000000001,30.3,77.30000000000001,2017-01-21 23:44:28.999
1,614515.0,6145.0,7.0,Yamananagar,Haryana,30.3,77.30000000000001,30.3,77.30000000000001,2017-02-07 06:08:15.000
1,614522.0,6145.0,7.0,Yamananagar,Haryana,30.3,77.30000000000001,,,2017-04-10 04:52:59.008
1,614522.0,6145.0,7.0,Yamananagar,Haryana,30.3,77.30000000000001,30.3,77.30000000000001,2016-11-29 22:57:00.000
1,614522.0,6145.0,7.0,Yamananagar,Haryana,30.3,77.30000000000001,30.3,77.30000000000001,2017-02-11 03:17:05.000
1,614522.0,6145.0,7.0,Yamananagar,Haryana,30.3,77.30000000000001,,,2017-04-10 04:52:59.008
1,614522.0,6145.0,7.0,Yamananagar,Haryana,30.3,77.30000000000001,30.3,77.30000000000001,2016-11-25 22:30:00.000
1,614522.0,6145.0,7.0,Yamananagar,Haryana,30.3,77.30000000000001,,,2017-04-10 04:52:59.008
1,614522.0,6145.0,7.0,Yamananagar,Haryana,30.3,77.30000000000001,30.3,77.30000000000001,2017-03-14 22:23:58.999
1,614522.0,6145.0,7.0,Yamananagar,Haryana,30.3,77.30000000000001,,,2017-04-10 04:52:59.008
1,614522.0,6145.0,7.0,Yamananagar,Haryana,30.3,77.30000000000001,30.3,77.30000000000001,2017-02-18 00:49:41.000
1,614525.0,6145.0,7.0,Yamananagar,Haryana,30.3,77.30000000000001,30.3,77.30000000000001,2017-04-04 07:16:39.999
1,614525.0,6145.0,7.0,Yamananagar,Haryana,30.3,77.30000000000001,30.3,77.30000000000001,2017-02-09 22:48:58.999
1,614525.0,6145.0,7.0,Yamananagar,Haryana,30.3,77.30000000000001,30.3,77.30000000000001,2017-01-03 22:28:48.000
1,614525.0,6145.0,7.0,Yamananagar,Haryana,30.3,77.30000000000001,30.3,77.30000000000001,2017-03-01 22:04:14.000
1,614525.0,6145.0,7.0,Yamananagar,Haryana,30.3,77.30000000000001,30.3,77.30000000000001,2017-04-10 03:27:08.000
1,614525.0,6145.0,7.0,Yamananagar,Haryana,30.3,77.30000000000001,,,2017-04-10 04:28:57.216
1,614525.0,6145.0,7.0,Yamananagar,Haryana,30.3,77.30000000000001,,,2017-04-10 04:28:57.216
1,614525.0,6145.0,7.0,Yamananagar,Haryana,30.3,77.30000000000001,30.3,77.30000000000001,2017-03-17 03:53:42.000
1,614525.0,6145.0,7.0,Yamananagar,Haryana,30.3,77.30000000000001,30.3,77.30000000000001,2016-11-28 01:17:00.000
1,614525.0,6145.0,7.0,Yamananagar,Haryana,30.3,77.30000000000001,30.3,77.30000000000001,2016-12-09 22:49:00.000
1,614525.0,6145.0,7.0,Yamananagar,Haryana,30.3,77.30000000000001,30.3,77.30000000000001,2017-04-10 03:24:15.000
1,614525.0,6145.0,7.0,Yamananagar,Haryana,30.3,77.30000000000001,30.3,77.30000000000001,2016-12-26 23:25:00.000
1,614525.0,6145.0,7.0,Yamananagar,Haryana,30.3,77.30000000000001,30.3,77.30000000000001,2016-12-30 00:08:59.999
1,614525.0,6145.0,7.0,Yamananagar,Haryana,30.3,77.30000000000001,30.3,77.30000000000001,2016-12-07 23:26:59.999
1,614525.0,6145.0,7.0,Yamananagar,Haryana,30.3,77.30000000000001,30.3,77.30000000000001,2017-03-10 22:47:43.999
1,614525.0,6145.0,7.0,Yamananagar,Haryana,30.3,77.30000000000001,30.3,77.30000000000001,2017-03-08 00:21:50.000
1,637103.0,6371.0,21.0,Yamananagar,Haryana,30.200000000000003,77.30000000000001,30.200000000000003,77.2,2017-02-28 23:31:28.000
1,637103.0,6371.0,21.0,Yamananagar,Haryana,30.200000000000003,77.30000000000001,,,2017-04-04 05:10:37.824
1,637103.0,6371.0,21.0,Yamananagar,Haryana,30.200000000000003,77.30000000000001,,,2017-04-04 05:10:37.824
1,637103.0,6371.0,21.0,Yamananagar,Haryana,30.200000000000003,77.30000000000001,30.200000000000003,77.2,2017-03-05 04:51:48.999
1,637103.0,6371.0,21.0,Yamananagar,Haryana,30.200000000000003,77.30000000000001,30.200000000000003,77.2,2017-03-11 22:46:55.000
1,637103.0,6371.0,21.0,Yamananagar,Haryana,30.200000000000003,77.30000000000001,30.200000000000003,77.2,2017-03-24 05:34:06.000
1,637103.0,6371.0,21.0,Yamananagar,Haryana,30.200000000000003,77.30000000000001,30.200000000000003,77.2,2016-10-30 23:38:00.000
1,637103.0,6371.0,21.0,Yamananagar,Haryana,30.200000000000003,77.30000000000001,30.200000000000003,77.2,2017-04-04 04:21:46.999
1,637103.0,6371.0,21.0,Yamananagar,Haryana,30.200000000000003,77.30000000000001,30.200000000000003,77.2,2017-03-28 02:53:06.000
1,637105.0,6371.0,21.0,Yamananagar,Haryana,30.200000000000003,77.30000000000001,30.200000000000003,77.2,2016-11-26 21:52:00.000
1,637105.0,6371.0,21.0,Yamananagar,Haryana,30.200000000000003,77.30000000000001,30.200000000000003,77.2,2017-01-23 01:26:53.000
1,637105.0,6371.0,21.0,Yamananagar,Haryana,30.200000000000003,77.30000000000001,30.200000000000003,77.2,2016-12-26 02:28:00.000
1,637105.0,6371.0,21.0,Yamananagar,Haryana,30.200000000000003,77.30000000000001,30.200000000000003,77.2,2017-02-04 00:39:13.000
1,637105.0,6371.0,21.0,Yamananagar,Haryana,30.200000000000003,77.30000000000001,30.200000000000003,77.2,2017-01-23 01:28:35.999
1,637105.0,6371.0,21.0,Yamananagar,Haryana,30.200000000000003,77.30000000000001,30.200000000000003,77.2,2017-02-24 06:18:23.000
1,637105.0,6371.0,21.0,Yamananagar,Haryana,30.200000000000003,77.30000000000001,30.200000000000003,77.2,2016-11-29 22:02:00.000
1,637105.0,6371.0,21.0,Yamananagar,Haryana,30.200000000000003,77.30000000000001,30.200000000000003,77.2,2016-12-29 23:08:00.000
1,637105.0,6371.0,21.0,Yamananagar,Haryana,30.200000000000003,77.30000000000001,30.200000000000003,77.2,2017-03-21 04:49:09.999
1,637105.0,6371.0,21.0,Yamananagar,Haryana,30.200000000000003,77.30000000000001,30.200000000000003,77.2,2017-03-09 00:04:27.999
1,637105.0,6371.0,21.0,Yamananagar,Haryana,30.200000000000003,77.30000000000001,30.200000000000003,77.2,2017-03-13 06:30:24.999
1,637105.0,6371.0,21.0,Yamananagar,Haryana,30.200000000000003,77.30000000000001,,,2017-04-04 04:16:01.024
1,637105.0,6371.0,21.0,Yamananagar,Haryana,30.200000000000003,77.30000000000001,30.200000000000003,77.2,2017-04-02 06:45:09.000
1,637105.0,6371.0,21.0,Yamananagar,Haryana,30.200000000000003,77.30000000000001,30.200000000000003,77.2,2017-01-12 01:33:06.000
1,637105.0,6371.0,21.0,Yamananagar,Haryana,30.200000000000003,77.30000000000001,30.200000000000003,77.2,2017-03-09 00:05:04.000
1,637105.0,6371.0,21.0,Yamananagar,Haryana,30.200000000000003,77.30000000000001,30.200000000000003,77.2,2017-04-04 03:17:59.000
1,637105.0,6371.0,21.0,Yamananagar,Haryana,30.200000000000003,77.30000000000001,30.200000000000003,77.2,2017-01-18 00:39:56.000
1,637105.0,6371.0,21.0,Yamananagar,Haryana,30.200000000000003,77.30000000000001,30.200000000000003,77.2,2017-01-30 05:37:58.000
1,637105.0,6371.0,21.0,Yamananagar,Haryana,30.200000000000003,77.30000000000001,30.200000000000003,77.2,2016-11-20 04:41:00.000
1,637105.0,6371.0,21.0,Yamananagar,Haryana,30.200000000000003,77.30000000000001,30.200000000000003,77.2,2017-01-05 01:33:41.999
1,637105.0,6371.0,21.0,Yamananagar,Haryana,30.200000000000003,77.30000000000001,30.200000000000003,77.2,2017-01-30 05:37:36.000
1,637105.0,6371.0,21.0,Yamananagar,Haryana,30.200000000000003,77.30000000000001,30.200000000000003,77.2,2016-12-29 23:09:00.000
1,637105.0,6371.0,21.0,Yamananagar,Haryana,30.200000000000003,77.30000000000001,30.200000000000003,77.2,2016-12-26 02:29:00.000
1,637105.0,6371.0,21.0,Yamananagar,Haryana,30.200000000000003,77.30000000000001,30.200000000000003,77.2,2017-02-07 00:53:52.000
1,637105.0,6371.0,21.0,Yamananagar,Haryana,30.200000000000003,77.30000000000001,30.200000000000003,77.2,2016-11-22 22:20:00.000
1,637105.0,6371.0,21.0,Yamananagar,Haryana,30.200000000000003,77.30000000000001,30.200000000000003,77.2,2017-02-17 05:57:41.999
1,637105.0,6371.0,21.0,Yamananagar,Haryana,30.200000000000003,77.30000000000001,30.200000000000003,77.2,2017-02-04 00:39:45.000
1,637105.0,6371.0,21.0,Yamananagar,Haryana,30.200000000000003,77.30000000000001,30.200000000000003,77.2,2017-01-02 02:38:49.000
1,637105.0,6371.0,21.0,Yamananagar,Haryana,30.200000000000003,77.30000000000001,30.200000000000003,77.2,2017-03-09 00:04:06.000
1,637105.0,6371.0,21.0,Yamananagar,Haryana,30.200000000000003,77.30000000000001,30.200000000000003,77.2,2017-03-18 07:42:23.999
1,637105.0,6371.0,21.0,Yamananagar,Haryana,30.200000000000003,77.30000000000001,30.200000000000003,77.2,2016-12-04 22:49:00.000
1,637105.0,6371.0,21.0,Yamananagar,Haryana,30.200000000000003,77.30000000000001,30.200000000000003,77.2,2017-02-27 01:27:57.999
1,637105.0,6371.0,21.0,Yamananagar,Haryana,30.200000000000003,77.30000000000001,30.200000000000003,77.2,2016-12-26 02:26:59.999
1,637105.0,6371.0,21.0,Yamananagar,Haryana,30.200000000000003,77.30000000000001,,,2017-04-04 04:16:01.024
1,637105.0,6371.0,21.0,Yamananagar,Haryana,30.200000000000003,77.30000000000001,30.200000000000003,77.2,2016-12-15 23:29:00.000
1,637105.0,6371.0,21.0,Yamananagar,Haryana,30.200000000000003,77.30000000000001,30.200000000000003,77.2,2017-03-08 03:52:38.000
1,637105.0,6371.0,21.0,Yamananagar,Haryana,30.200000000000003,77.30000000000001,30.200000000000003,77.2,2016-12-09 04:31:00.000
1,637105.0,6371.0,21.0,Yamananagar,Haryana,30.200000000000003,77.30000000000001,30.200000000000003,77.2,2017-01-18 00:39:18.000
1,637105.0,6371.0,21.0,Yamananagar,Haryana,30.200000000000003,77.30000000000001,30.200000000000003,77.2,2017-02-09 00:49:27.999
1,637105.0,6371.0,21.0,Yamananagar,Haryana,30.200000000000003,77.30000000000001,30.200000000000003,77.2,2017-01-02 02:39:10.999
1,637105.0,6371.0,21.0,Yamananagar,Haryana,30.200000000000003,77.30000000000001,30.200000000000003,77.2,2017-03-18 07:41:37.999
1,637105.0,6371.0,21.0,Yamananagar,Haryana,30.200000000000003,77.30000000000001,30.200000000000003,77.2,2017-03-21 04:49:58.000
1,637105.0,6371.0,21.0,Yamananagar,Haryana,30.200000000000003,77.30000000000001,30.200000000000003,77.2,2017-03-13 06:30:00.000
1,637105.0,6371.0,21.0,Yamananagar,Haryana,30.200000000000003,77.30000000000001,30.200000000000003,77.2,2017-02-23 05:21:01.999
1,637105.0,6371.0,21.0,Yamananagar,Haryana,30.200000000000003,77.30000000000001,30.200000000000003,77.2,2017-02-23 05:21:44.999
1,637105.0,6371.0,21.0,Yamananagar,Haryana,30.200000000000003,77.30000000000001,30.200000000000003,77.2,2017-01-13 05:10:24.000
1,637105.0,6371.0,21.0,Yamananagar,Haryana,30.200000000000003,77.30000000000001,30.200000000000003,77.2,2017-01-18 00:38:50.000
1,637105.0,6371.0,21.0,Yamananagar,Haryana,30.200000000000003,77.30000000000001,30.200000000000003,77.2,2017-02-24 06:18:40.000
1,637105.0,6371.0,21.0,Yamananagar,Haryana,30.200000000000003,77.30000000000001,30.200000000000003,77.2,2017-01-13 05:10:02.000
1,637105.0,6371.0,21.0,Yamananagar,Haryana,30.200000000000003,77.30000000000001,30.200000000000003,77.2,2016-11-18 00:43:00.000
1,637105.0,6371.0,21.0,Yamananagar,Haryana,30.200000000000003,77.30000000000001,30.200000000000003,77.2,2017-03-08 03:52:18.000
1,637105.0,6371.0,21.0,Yamananagar,Haryana,30.200000000000003,77.30000000000001,30.200000000000003,77.2,2017-02-17 05:57:19.000
1,637105.0,6371.0,21.0,Yamananagar,Haryana,30.200000000000003,77.30000000000001,30.200000000000003,77.2,2017-02-24 06:17:50.000
1,637105.0,6371.0,21.0,Yamananagar,Haryana,30.200000000000003,77.30000000000001,30.200000000000003,77.2,2017-04-02 06:45:22.999
1,637105.0,6371.0,21.0,Yamananagar,Haryana,30.200000000000003,77.30000000000001,30.200000000000003,77.2,2017-01-30 05:38:27.000
1,637105.0,6371.0,21.0,Yamananagar,Haryana,30.200000000000003,77.30000000000001,30.200000000000003,77.2,2017-03-13 06:29:32.000
1,637105.0,6371.0,21.0,Yamananagar,Haryana,30.200000000000003,77.30000000000001,30.200000000000003,77.2,2017-01-05 01:33:20.000
1,637105.0,6371.0,21.0,Yamananagar,Haryana,30.200000000000003,77.30000000000001,30.200000000000003,77.2,2016-12-07 04:15:00.000
1,637105.0,6371.0,21.0,Yamananagar,Haryana,30.200000000000003,77.30000000000001,30.200000000000003,77.2,2017-04-02 06:45:49.999
1,637105.0,6371.0,21.0,Yamananagar,Haryana,30.200000000000003,77.30000000000001,30.200000000000003,77.2,2017-01-23 01:28:03.000
1,637105.0,6371.0,21.0,Yamananagar,Haryana,30.200000000000003,77.30000000000001,30.200000000000003,77.2,2017-04-04 03:25:09.000
1,637105.0,6371.0,21.0,Yamananagar,Haryana,30.200000000000003,77.30000000000001,30.200000000000003,77.2,2017-02-07 00:55:19.000
1,637105.0,6371.0,21.0,Yamananagar,Haryana,30.200000000000003,77.30000000000001,30.200000000000003,77.2,2017-02-04 00:40:02.000
1,637105.0,6371.0,21.0,Yamananagar,Haryana,30.200000000000003,77.30000000000001,30.200000000000003,77.2,2017-02-07 00:54:52.000
1,637105.0,6371.0,21.0,Yamananagar,Haryana,30.200000000000003,77.30000000000001,30.200000000000003,77.2,2017-02-09 00:49:10.000
1,637105.0,6371.0,21.0,Yamananagar,Haryana,30.200000000000003,77.30000000000001,30.200000000000003,77.2,2017-03-18 07:41:59.000
1,637105.0,6371.0,21.0,Yamananagar,Haryana,30.200000000000003,77.30000000000001,30.200000000000003,77.2,2017-03-27 23:38:54.999
1,637105.0,6371.0,21.0,Yamananagar,Haryana,30.200000000000003,77.30000000000001,30.200000000000003,77.2,2017-01-13 05:09:27.000
1,637105.0,6371.0,21.0,Yamananagar,Haryana,30.200000000000003,77.30000000000001,30.200000000000003,77.2,2017-02-27 01:28:13.999
1,637105.0,6371.0,21.0,Yamananagar,Haryana,30.200000000000003,77.30000000000001,30.200000000000003,77.2,2017-01-12 01:32:44.000
1,637105.0,6371.0,21.0,Yamananagar,Haryana,30.200000000000003,77.30000000000001,30.200000000000003,77.2,2017-01-05 01:32:57.000
1,637105.0,6371.0,21.0,Yamananagar,Haryana,30.200000000000003,77.30000000000001,30.200000000000003,77.2,2016-12-21 00:29:00.000
1,637105.0,6371.0,21.0,Yamananagar,Haryana,30.200000000000003,77.30000000000001,30.200000000000003,77.2,2017-02-09 00:49:50.000
1,637105.0,6371.0,21.0,Yamananagar,Haryana,30.200000000000003,77.30000000000001,30.200000000000003,77.2,2016-11-18 00:42:00.000
1,637105.0,6371.0,21.0,Yamananagar,Haryana,30.200000000000003,77.30000000000001,30.200000000000003,77.2,2017-02-17 05:56:50.999
1,637105.0,6371.0,21.0,Yamananagar,Haryana,30.200000000000003,77.30000000000001,30.200000000000003,77.2,2017-03-27 23:39:13.999
1,637105.0,6371.0,21.0,Yamananagar,Haryana,30.200000000000003,77.30000000000001,30.200000000000003,77.2,2017-01-12 01:31:56.000
1,637106.0,6371.0,21.0,Yamananagar,Haryana,30.200000000000003,77.30000000000001,30.200000000000003,77.2,2016-12-17 00:29:00.000
1,637106.0,6371.0,21.0,Yamananagar,Haryana,30.200000000000003,77.30000000000001,30.200000000000003,77.2,2016-12-12 00:06:00.000
1,637106.0,6371.0,21.0,Yamananagar,Haryana,30.200000000000003,77.30000000000001,30.200000000000003,77.2,2017-03-02 01:31:54.000
1,637106.0,6371.0,21.0,Yamananagar,Haryana,30.200000000000003,77.30000000000001,30.200000000000003,77.2,2017-04-04 04:31:31.000
1,637106.0,6371.0,21.0,Yamananagar,Haryana,30.200000000000003,77.30000000000001,30.200000000000003,77.2,2016-12-29 02:10:59.999
1,637106.0,6371.0,21.0,Yamananagar,Haryana,30.200000000000003,77.30000000000001,30.200000000000003,77.2,2017-01-25 03:42:30.000
1,637106.0,6371.0,21.0,Yamananagar,Haryana,30.200000000000003,77.30000000000001,,,2017-04-04 05:30:17.472
1,637106.0,6371.0,21.0,Yamananagar,Haryana,30.200000000000003,77.30000000000001,,,2017-04-04 05:30:17.472
1,637106.0,6371.0,21.0,Yamananagar,Haryana,30.200000000000003,77.30000000000001,30.200000000000003,77.2,2017-03-31 00:07:08.999
1,637106.0,6371.0,21.0,Yamananagar,Haryana,30.200000000000003,77.30000000000001,30.200000000000003,77.2,2017-04-04 04:37:19.999
1,637109.0,6371.0,21.0,Yamananagar,Haryana,30.200000000000003,77.30000000000001,,,2017-04-04 04:42:13.888
1,637109.0,6371.0,21.0,Yamananagar,Haryana,30.200000000000003,77.30000000000001,30.200000000000003,77.2,2017-03-24 23:22:32.000
1,637109.0,6371.0,21.0,Yamananagar,Haryana,30.200000000000003,77.30000000000001,,,2017-04-04 04:42:13.888
1,637109.0,6371.0,21.0,Yamananagar,Haryana,30.200000000000003,77.30000000000001,,,2017-04-04 04:42:13.888
1,637109.0,6371.0,21.0,Yamananagar,Haryana,30.200000000000003,77.30000000000001,30.200000000000003,77.2,2017-02-05 05:57:17.000
1,637109.0,6371.0,21.0,Yamananagar,Haryana,30.200000000000003,77.30000000000001,,,2017-04-04 04:42:13.888
1,637109.0,6371.0,21.0,Yamananagar,Haryana,30.200000000000003,77.30000000000001,30.200000000000003,77.2,2017-02-12 02:24:36.000
1,637109.0,6371.0,21.0,Yamananagar,Haryana,30.200000000000003,77.30000000000001,30.200000000000003,77.2,2017-02-09 01:18:59.000
1,637109.0,6371.0,21.0,Yamananagar,Haryana,30.200000000000003,77.30000000000001,30.200000000000003,77.2,2017-01-24 00:47:26.000
1,637111.0,6371.0,21.0,Yamananagar,Haryana,30.200000000000003,77.30000000000001,30.200000000000003,77.2,2016-11-27 03:33:59.999
1,637111.0,6371.0,21.0,Yamananagar,Haryana,30.200000000000003,77.30000000000001,30.200000000000003,77.2,2016-12-31 03:16:14.999
1,637111.0,6371.0,21.0,Yamananagar,Haryana,30.200000000000003,77.30000000000001,30.200000000000003,77.2,2016-11-21 04:11:00.000
1,637111.0,6371.0,21.0,Yamananagar,Haryana,30.200000000000003,77.30000000000001,,,2017-04-04 07:08:35.712
1,637111.0,6371.0,21.0,Yamananagar,Haryana,30.200000000000003,77.30000000000001,30.200000000000003,77.2,2016-12-12 03:40:00.000
1,637111.0,6371.0,21.0,Yamananagar,Haryana,30.200000000000003,77.30000000000001,,,2017-04-04 07:08:35.712
1,637111.0,6371.0,21.0,Yamananagar,Haryana,30.200000000000003,77.30000000000001,30.200000000000003,77.2,2016-12-24 00:10:00.000
1,637111.0,6371.0,21.0,Yamananagar,Haryana,30.200000000000003,77.30000000000001,30.200000000000003,77.2,2016-12-17 03:29:00.000
1,637111.0,6371.0,21.0,Yamananagar,Haryana,30.200000000000003,77.30000000000001,30.200000000000003,77.2,2016-12-19 03:46:59.999
1,637111.0,6371.0,21.0,Yamananagar,Haryana,30.200000000000003,77.30000000000001,30.200000000000003,77.2,2016-12-05 03:01:00.000
1,637111.0,6371.0,21.0,Yamananagar,Haryana,30.200000000000003,77.30000000000001,30.200000000000003,77.2,2017-04-04 06:09:23.000
1,637111.0,6371.0,21.0,Yamananagar,Haryana,30.200000000000003,77.30000000000001,30.200000000000003,77.2,2016-12-08 02:32:59.999
1,637111.0,6371.0,21.0,Yamananagar,Haryana,30.200000000000003,77.30000000000001,30.200000000000003,77.2,2016-12-15 03:00:00.000
1,637111.0,6371.0,21.0,Yamananagar,Haryana,30.200000000000003,77.30000000000001,30.200000000000003,77.2,2016-12-10 02:58:59.999
1,637112.0,6371.0,21.0,Yamananagar,Haryana,30.200000000000003,77.30000000000001,30.200000000000003,77.2,2017-01-10 22:56:59.000
1,637112.0,6371.0,21.0,Yamananagar,Haryana,30.200000000000003,77.30000000000001,30.200000000000003,77.2,2016-12-26 03:48:00.000
1,637112.0,6371.0,21.0,Yamananagar,Haryana,30.200000000000003,77.30000000000001,30.200000000000003,77.2,2016-12-28 23:19:59.999
1,637112.0,6371.0,21.0,Yamananagar,Haryana,30.200000000000003,77.30000000000001,30.200000000000003,77.2,2017-01-02 04:21:35.000
1,637112.0,6371.0,21.0,Yamananagar,Haryana,30.200000000000003,77.30000000000001,30.200000000000003,77.2,2016-12-11 00:00:00.000
1,637112.0,6371.0,21.0,Yamananagar,Haryana,30.200000000000003,77.30000000000001,30.200000000000003,77.2,2017-02-07 00:01:59.999
1,637112.0,6371.0,21.0,Yamananagar,Haryana,30.200000000000003,77.30000000000001,30.200000000000003,77.2,2017-01-18 02:12:41.999
1,637112.0,6371.0,21.0,Yamananagar,Haryana,30.200000000000003,77.30000000000001,30.200000000000003,77.2,2017-01-02 04:18:40.000
1,637112.0,6371.0,21.0,Yamananagar,Haryana,30.200000000000003,77.30000000000001,30.200000000000003,77.2,2016-12-18 02:13:00.000
1,637112.0,6371.0,21.0,Yamananagar,Haryana,30.200000000000003,77.30000000000001,30.200000000000003,77.2,2017-01-31 23:30:49.000
1,637112.0,6371.0,21.0,Yamananagar,Haryana,30.200000000000003,77.30000000000001,30.200000000000003,77.2,2017-04-04 01:06:29.999
1,637112.0,6371.0,21.0,Yamananagar,Haryana,30.200000000000003,77.30000000000001,30.200000000000003,77.2,2016-12-12 00:53:00.000
1,637112.0,6371.0,21.0,Yamananagar,Haryana,30.200000000000003,77.30000000000001,30.200000000000003,77.2,2017-01-14 22:46:17.000
1,637112.0,6371.0,21.0,Yamananagar,Haryana,30.200000000000003,77.30000000000001,30.200000000000003,77.2,2017-01-12 22:49:31.000
1,637112.0,6371.0,21.0,Yamananagar,Haryana,30.200000000000003,77.30000000000001,30.200000000000003,77.2,2017-01-24 01:10:15.999
1,637112.0,6371.0,21.0,Yamananagar,Haryana,30.200000000000003,77.30000000000001,30.200000000000003,77.2,2017-02-15 01:12:02.999
1,637114.0,6371.0,21.0,Yamananagar,Haryana,30.200000000000003,77.30000000000001,30.200000000000003,77.2,2016-12-03 00:36:00.000
1,637114.0,6371.0,21.0,Yamananagar,Haryana,30.200000000000003,77.30000000000001,30.200000000000003,77.2,2017-04-10 23:43:31.999
1,637114.0,6371.0,21.0,Yamananagar,Haryana,30.200000000000003,77.30000000000001,30.200000000000003,77.2,2017-04-04 05:56:07.000
1,637114.0,6371.0,21.0,Yamananagar,Haryana,30.200000000000003,77.30000000000001,30.200000000000003,77.2,2016-12-14 22:34:00.000
1,637114.0,6371.0,21.0,Yamananagar,Haryana,30.200000000000003,77.30000000000001,30.200000000000003,77.2,2017-02-07 04:50:33.000
1,637114.0,6371.0,21.0,Yamananagar,Haryana,30.200000000000003,77.30000000000001,30.200000000000003,77.2,2016-12-22 01:36:00.000
1,637114.0,6371.0,21.0,Yamananagar,Haryana,30.200000000000003,77.30000000000001,30.200000000000003,77.2,2016-12-09 04:04:00.000
1,637114.0,6371.0,21.0,Yamananagar,Haryana,30.200000000000003,77.30000000000001,30.200000000000003,77.2,2017-01-11 04:35:42.999
1,637114.0,6371.0,21.0,Yamananagar,Haryana,30.200000000000003,77.30000000000001,30.200000000000003,77.2,2016-11-25 21:40:59.999
1,637114.0,6371.0,21.0,Yamananagar,Haryana,30.200000000000003,77.30000000000001,30.200000000000003,77.2,2017-01-08 03:52:22.000
1,637114.0,6371.0,21.0,Yamananagar,Haryana,30.200000000000003,77.30000000000001,30.200000000000003,77.2,2017-04-19 04:58:25.000
1,637114.0,6371.0,21.0,Yamananagar,Haryana,30.200000000000003,77.30000000000001,30.200000000000003,77.2,2016-12-17 22:34:59.999
1,637114.0,6371.0,21.0,Yamananagar,Haryana,30.200000000000003,77.30000000000001,30.200000000000003,77.2,2016-12-12 03:36:00.000
1,637114.0,6371.0,21.0,Yamananagar,Haryana,30.200000000000003,77.30000000000001,30.200000000000003,77.2,2017-01-04 01:18:19.000
1,637114.0,6371.0,21.0,Yamananagar,Haryana,30.200000000000003,77.30000000000001,30.200000000000003,77.2,2017-02-12 22:54:29.000
1,637114.0,6371.0,21.0,Yamananagar,Haryana,30.200000000000003,77.30000000000001,30.200000000000003,77.2,2016-11-11 22:54:00.000
1,637114.0,6371.0,21.0,Yamananagar,Haryana,30.200000000000003,77.30000000000001,,,2017-04-04 06:55:29.280
1,637114.0,6371.0,21.0,Yamananagar,Haryana,30.200000000000003,77.30000000000001,30.200000000000003,77.2,2016-12-27 03:48:00.000
1,637114.0,6371.0,21.0,Yamananagar,Haryana,30.200000000000003,77.30000000000001,30.200000000000003,77.2,2016-10-31 00:19:00.000
1,637114.0,6371.0,21.0,Yamananagar,Haryana,30.200000000000003,77.30000000000001,30.200000000000003,77.2,2016-11-02 02:13:59.999
1,637114.0,6371.0,21.0,Yamananagar,Haryana,30.200000000000003,77.30000000000001,30.200000000000003,77.2,2017-03-19 01:17:54.000
1,637114.0,6371.0,21.0,Yamananagar,Haryana,30.200000000000003,77.30000000000001,30.200000000000003,77.2,2017-04-04 06:05:07.999
1,637114.0,6371.0,21.0,Yamananagar,Haryana,30.200000000000003,77.30000000000001,,,2017-04-04 06:55:29.280
1,637114.0,6371.0,21.0,Yamananagar,Haryana,30.200000000000003,77.30000000000001,30.200000000000003,77.2,2017-04-04 05:54:19.999
1,637122.0,6371.0,21.0,Yamananagar,Haryana,30.200000000000003,77.30000000000001,30.200000000000003,77.2,2017-02-24 22:27:08.000
1,637122.0,6371.0,21.0,Yamananagar,Haryana,30.200000000000003,77.30000000000001,,,2017-04-04 05:47:46.048
1,637122.0,6371.0,21.0,Yamananagar,Haryana,30.200000000000003,77.30000000000001,30.200000000000003,77.2,2017-03-17 06:38:36.999
1,637122.0,6371.0,21.0,Yamananagar,Haryana,30.200000000000003,77.30000000000001,30.200000000000003,77.2,2017-01-31 23:23:51.000
1,637122.0,6371.0,21.0,Yamananagar,Haryana,30.200000000000003,77.30000000000001,,,2017-04-04 05:47:46.048
1,637122.0,6371.0,21.0,Yamananagar,Haryana,30.200000000000003,77.30000000000001,30.200000000000003,77.2,2017-03-29 04:56:38.000
1,637122.0,6371.0,21.0,Yamananagar,Haryana,30.200000000000003,77.30000000000001,30.200000000000003,77.2,2016-12-22 23:44:00.000
1,637122.0,6371.0,21.0,Yamananagar,Haryana,30.200000000000003,77.30000000000001,30.200000000000003,77.2,2017-03-12 01:16:26.999
1,637122.0,6371.0,21.0,Yamananagar,Haryana,30.200000000000003,77.30000000000001,30.200000000000003,77.2,2017-01-27 02:20:15.999
1,637122.0,6371.0,21.0,Yamananagar,Haryana,30.200000000000003,77.30000000000001,30.200000000000003,77.2,2017-03-02 23:49:48.000
1,637122.0,6371.0,21.0,Yamananagar,Haryana,30.200000000000003,77.30000000000001,30.200000000000003,77.2,2017-04-06 00:29:41.000
1,637122.0,6371.0,21.0,Yamananagar,Haryana,30.200000000000003,77.30000000000001,30.200000000000003,77.2,2016-12-29 00:49:00.000
1,637122.0,6371.0,21.0,Yamananagar,Haryana,30.200000000000003,77.30000000000001,30.200000000000003,77.2,2017-02-20 03:19:43.000
1,637122.0,6371.0,21.0,Yamananagar,Haryana,30.200000000000003,77.30000000000001,30.200000000000003,77.2,2017-03-30 23:50:38.000
1,637122.0,6371.0,21.0,Yamananagar,Haryana,30.200000000000003,77.30000000000001,30.200000000000003,77.2,2016-12-16 00:00:00.000
1,637122.0,6371.0,21.0,Yamananagar,Haryana,30.200000000000003,77.30000000000001,,,2017-04-04 05:47:46.048
1,637122.0,6371.0,21.0,Yamananagar,Haryana,30.200000000000003,77.30000000000001,,,2017-04-04 05:47:46.048
1,637122.0,6371.0,21.0,Yamananagar,Haryana,30.200000000000003,77.30000000000001,30.200000000000003,77.2,2017-02-23 22:24:17.000
1,637122.0,6371.0,21.0,Yamananagar,Haryana,30.200000000000003,77.30000000000001,30.200000000000003,77.2,2017-03-14 22:32:31.000
1,637122.0,6371.0,21.0,Yamananagar,Haryana,30.200000000000003,77.30000000000001,30.200000000000003,77.2,2017-02-28 23:02:08.000
1,637122.0,6371.0,21.0,Yamananagar,Haryana,30.200000000000003,77.30000000000001,30.200000000000003,77.2,2017-01-11 23:38:06.999
1,637122.0,6371.0,21.0,Yamananagar,Haryana,30.200000000000003,77.30000000000001,30.200000000000003,77.2,2017-01-04 03:12:30.000
1,637122.0,6371.0,21.0,Yamananagar,Haryana,30.200000000000003,77.30000000000001,30.200000000000003,77.2,2016-12-18 00:13:00.000
1,637122.0,6371.0,21.0,Yamananagar,Haryana,30.200000000000003,77.30000000000001,30.200000000000003,77.2,2017-03-06 05:38:27.999
1,644702.0,6447.0,7.0,Yamananagar,Haryana,30.200000000000003,77.4,30.1,77.4,2017-01-23 02:05:11.000
1,644702.0,6447.0,7.0,Yamananagar,Haryana,30.200000000000003,77.4,,,2017-04-04 23:03:14.176
1,644702.0,6447.0,7.0,Yamananagar,Haryana,30.200000000000003,77.4,,,2017-04-04 23:03:14.176
1,644702.0,6447.0,7.0,Yamananagar,Haryana,30.200000000000003,77.4,30.1,77.4,2017-01-22 00:29:00.000
1,644702.0,6447.0,7.0,Yamananagar,Haryana,30.200000000000003,77.4,,,2017-04-04 23:03:14.176
1,644702.0,6447.0,7.0,Yamananagar,Haryana,30.200000000000003,77.4,,,2017-04-04 23:03:14.176
1,644722.0,6447.0,7.0,Yamananagar,Haryana,30.200000000000003,77.4,30.200000000000003,77.4,2016-12-05 05:10:00.000
1,644732.0,6447.0,7.0,Yamananagar,Haryana,30.200000000000003,77.4,30.1,77.4,2017-01-04 23:47:09.000
1,644732.0,6447.0,7.0,Yamananagar,Haryana,30.200000000000003,77.4,30.1,77.4,2017-04-02 00:51:12.000
1,644732.0,6447.0,7.0,Yamananagar,Haryana,30.200000000000003,77.4,30.1,77.4,2017-03-19 01:39:52.000
1,644732.0,6447.0,7.0,Yamananagar,Haryana,30.200000000000003,77.4,30.1,77.4,2017-01-28 01:40:53.000
1,644732.0,6447.0,7.0,Yamananagar,Haryana,30.200000000000003,77.4,30.1,77.4,2017-02-04 02:18:17.000
1,644732.0,6447.0,7.0,Yamananagar,Haryana,30.200000000000003,77.4,30.1,77.4,2016-11-21 02:16:59.999
1,644732.0,6447.0,7.0,Yamananagar,Haryana,30.200000000000003,77.4,30.1,77.4,2017-01-20 01:21:03.000
1,644732.0,6447.0,7.0,Yamananagar,Haryana,30.200000000000003,77.4,30.1,77.4,2017-02-20 23:58:27.000
1,644732.0,6447.0,7.0,Yamananagar,Haryana,30.200000000000003,77.4,30.1,77.4,2017-04-04 01:47:46.000
1,644732.0,6447.0,7.0,Yamananagar,Haryana,30.200000000000003,77.4,30.1,77.4,2017-01-14 23:55:15.000
1,644732.0,6447.0,7.0,Yamananagar,Haryana,30.200000000000003,77.4,30.1,77.4,2017-03-25 22:58:55.999
1,660803.0,6608.0,21.0,Yamananagar,Haryana,30.200000000000003,77.2,30.3,77.2,2017-01-04 02:05:55.999
1,660803.0,6608.0,21.0,Yamananagar,Haryana,30.200000000000003,77.2,30.3,77.2,2016-12-02 01:38:00.000
1,660803.0,6608.0,21.0,Yamananagar,Haryana,30.200000000000003,77.2,30.3,77.2,2016-12-31 02:00:34.000
1,660803.0,6608.0,21.0,Yamananagar,Haryana,30.200000000000003,77.2,30.3,77.2,2016-12-18 23:57:00.000
1,660803.0,6608.0,21.0,Yamananagar,Haryana,30.200000000000003,77.2,30.3,77.2,2017-01-10 23:18:30.000
1,660803.0,6608.0,21.0,Yamananagar,Haryana,30.200000000000003,77.2,30.3,77.2,2016-11-30 00:24:59.999
1,660803.0,6608.0,21.0,Yamananagar,Haryana,30.200000000000003,77.2,30.3,77.2,2017-01-06 23:40:36.000
1,660803.0,6608.0,21.0,Yamananagar,Haryana,30.200000000000003,77.2,30.3,77.2,2017-01-16 04:54:35.000
1,660803.0,6608.0,21.0,Yamananagar,Haryana,30.200000000000003,77.2,30.3,77.2,2016-11-27 23:57:00.000
1,660803.0,6608.0,21.0,Yamananagar,Haryana,30.200000000000003,77.2,30.3,77.2,2016-12-05 01:37:00.000
1,660803.0,6608.0,21.0,Yamananagar,Haryana,30.200000000000003,77.2,30.3,77.2,2016-12-05 01:34:59.999
1,660803.0,6608.0,21.0,Yamananagar,Haryana,30.200000000000003,77.2,30.3,77.2,2016-11-30 00:22:00.000
1,660803.0,6608.0,21.0,Yamananagar,Haryana,30.200000000000003,77.2,30.3,77.2,2017-01-01 00:04:29.000
1,660803.0,6608.0,21.0,Yamananagar,Haryana,30.200000000000003,77.2,30.3,77.2,2016-11-25 23:58:00.000
1,660803.0,6608.0,21.0,Yamananagar,Haryana,30.200000000000003,77.2,30.3,77.2,2017-01-02 00:34:50.999
1,660803.0,6608.0,21.0,Yamananagar,Haryana,30.200000000000003,77.2,,,2017-04-10 07:12:47.616
1,660803.0,6608.0,21.0,Yamananagar,Haryana,30.200000000000003,77.2,30.3,77.2,2016-12-07 01:02:59.999
1,660803.0,6608.0,21.0,Yamananagar,Haryana,30.200000000000003,77.2,,,2017-04-10 07:12:47.616
1,660803.0,6608.0,21.0,Yamananagar,Haryana,30.200000000000003,77.2,30.3,77.2,2016-12-22 22:50:59.999
1,660803.0,6608.0,21.0,Yamananagar,Haryana,30.200000000000003,77.2,30.3,77.2,2016-12-27 23:22:00.000
1,660803.0,6608.0,21.0,Yamananagar,Haryana,30.200000000000003,77.2,30.3,77.2,2016-11-28 00:00:00.000
1,660803.0,6608.0,21.0,Yamananagar,Haryana,30.200000000000003,77.2,30.3,77.2,2017-01-17 00:55:57.000
1,660803.0,6608.0,21.0,Yamananagar,Haryana,30.200000000000003,77.2,30.3,77.2,2017-01-20 02:36:18.000
1,660803.0,6608.0,21.0,Yamananagar,Haryana,30.200000000000003,77.2,30.3,77.2,2017-01-20 22:47:38.000
1,660804.0,6608.0,21.0,Yamananagar,Haryana,30.200000000000003,77.2,30.200000000000003,77.2,2016-12-16 00:24:59.999
1,660804.0,6608.0,21.0,Yamananagar,Haryana,30.200000000000003,77.2,30.200000000000003,77.2,2016-11-23 00:11:59.999
1,660804.0,6608.0,21.0,Yamananagar,Haryana,30.200000000000003,77.2,30.200000000000003,77.2,2016-12-19 00:46:59.999
1,660804.0,6608.0,21.0,Yamananagar,Haryana,30.200000000000003,77.2,30.200000000000003,77.2,2016-11-23 00:06:00.000
1,660804.0,6608.0,21.0,Yamananagar,Haryana,30.200000000000003,77.2,30.200000000000003,77.2,2016-12-05 02:37:00.000
1,660804.0,6608.0,21.0,Yamananagar,Haryana,30.200000000000003,77.2,30.200000000000003,77.2,2016-12-12 01:04:00.000
1,660804.0,6608.0,21.0,Yamananagar,Haryana,30.200000000000003,77.2,30.200000000000003,77.2,2016-12-21 23:19:59.999
1,660804.0,6608.0,21.0,Yamananagar,Haryana,30.200000000000003,77.2,30.200000000000003,77.2,2016-11-25 01:47:59.999
1,660804.0,6608.0,21.0,Yamananagar,Haryana,30.200000000000003,77.2,,,2017-04-10 07:36:49.408
1,660804.0,6608.0,21.0,Yamananagar,Haryana,30.200000000000003,77.2,30.200000000000003,77.2,2016-12-17 23:35:59.999
1,660804.0,6608.0,21.0,Yamananagar,Haryana,30.200000000000003,77.2,,,2017-04-10 07:36:49.408
1,660804.0,6608.0,21.0,Yamananagar,Haryana,30.200000000000003,77.2,30.200000000000003,77.2,2016-12-01 00:06:00.000
1,660805.0,6608.0,21.0,Yamananagar,Haryana,30.200000000000003,77.2,30.200000000000003,77.2,2017-03-07 00:04:16.999
1,660805.0,6608.0,21.0,Yamananagar,Haryana,30.200000000000003,77.2,30.200000000000003,77.2,2017-01-17 03:12:11.000
1,660805.0,6608.0,21.0,Yamananagar,Haryana,30.200000000000003,77.2,30.200000000000003,77.2,2017-03-01 00:12:25.000
1,660805.0,6608.0,21.0,Yamananagar,Haryana,30.200000000000003,77.2,30.200000000000003,77.2,2016-12-26 04:04:00.000
1,660805.0,6608.0,21.0,Yamananagar,Haryana,30.200000000000003,77.2,30.200000000000003,77.2,2017-03-09 23:14:39.000
1,660805.0,6608.0,21.0,Yamananagar,Haryana,30.200000000000003,77.2,30.200000000000003,77.2,2017-01-05 02:20:13.000
1,660805.0,6608.0,21.0,Yamananagar,Haryana,30.200000000000003,77.2,30.200000000000003,77.2,2017-03-02 00:15:12.999
1,660805.0,6608.0,21.0,Yamananagar,Haryana,30.200000000000003,77.2,30.200000000000003,77.2,2016-12-13 03:49:00.000
1,660805.0,6608.0,21.0,Yamananagar,Haryana,30.200000000000003,77.2,30.200000000000003,77.2,2017-01-22 01:50:08.000
1,660805.0,6608.0,21.0,Yamananagar,Haryana,30.200000000000003,77.2,30.200000000000003,77.2,2017-03-28 22:27:16.000
1,660805.0,6608.0,21.0,Yamananagar,Haryana,30.200000000000003,77.2,30.200000000000003,77.2,2017-02-22 22:08:18.000
1,660805.0,6608.0,21.0,Yamananagar,Haryana,30.200000000000003,77.2,30.200000000000003,77.2,2017-01-19 01:49:08.000
1,660805.0,6608.0,21.0,Yamananagar,Haryana,30.200000000000003,77.2,30.200000000000003,77.2,2017-03-07 00:04:49.000
1,660805.0,6608.0,21.0,Yamananagar,Haryana,30.200000000000003,77.2,30.200000000000003,77.2,2017-01-18 02:26:23.000
1,660805.0,6608.0,21.0,Yamananagar,Haryana,30.200000000000003,77.2,30.200000000000003,77.2,2017-01-29 04:34:49.000
1,660805.0,6608.0,21.0,Yamananagar,Haryana,30.200000000000003,77.2,30.200000000000003,77.2,2017-01-19 01:50:29.000
1,660805.0,6608.0,21.0,Yamananagar,Haryana,30.200000000000003,77.2,30.200000000000003,77.2,2017-01-08 03:09:01.999
1,660805.0,6608.0,21.0,Yamananagar,Haryana,30.200000000000003,77.2,30.200000000000003,77.2,2016-12-27 04:05:59.999
1,660805.0,6608.0,21.0,Yamananagar,Haryana,30.200000000000003,77.2,30.200000000000003,77.2,2017-01-04 02:50:28.000
1,660805.0,6608.0,21.0,Yamananagar,Haryana,30.200000000000003,77.2,30.200000000000003,77.2,2017-03-02 00:16:16.000
1,660805.0,6608.0,21.0,Yamananagar,Haryana,30.200000000000003,77.2,30.200000000000003,77.2,2017-03-27 22:34:26.000
1,660805.0,6608.0,21.0,Yamananagar,Haryana,30.200000000000003,77.2,30.200000000000003,77.2,2016-12-10 22:38:00.000
1,660805.0,6608.0,21.0,Yamananagar,Haryana,30.200000000000003,77.2,30.200000000000003,77.2,2017-02-28 04:50:56.000
1,660805.0,6608.0,21.0,Yamananagar,Haryana,30.200000000000003,77.2,30.200000000000003,77.2,2017-02-28 04:50:11.999
1,660805.0,6608.0,21.0,Yamananagar,Haryana,30.200000000000003,77.2,30.200000000000003,77.2,2017-02-18 23:26:04.000
1,660805.0,6608.0,21.0,Yamananagar,Haryana,30.200000000000003,77.2,30.200000000000003,77.2,2017-03-09 23:13:07.000
1,660805.0,6608.0,21.0,Yamananagar,Haryana,30.200000000000003,77.2,30.200000000000003,77.2,2017-01-01 00:31:02.999
1,660805.0,6608.0,21.0,Yamananagar,Haryana,30.200000000000003,77.2,30.200000000000003,77.2,2017-02-16 23:43:58.999
1,660805.0,6608.0,21.0,Yamananagar,Haryana,30.200000000000003,77.2,30.200000000000003,77.2,2016-12-22 23:15:00.000
1,660805.0,6608.0,21.0,Yamananagar,Haryana,30.200000000000003,77.2,30.200000000000003,77.2,2017-02-18 01:48:40.000
1,660805.0,6608.0,21.0,Yamananagar,Haryana,30.200000000000003,77.2,30.200000000000003,77.2,2017-01-12 03:54:23.000
1,660805.0,6608.0,21.0,Yamananagar,Haryana,30.200000000000003,77.2,30.200000000000003,77.2,2017-03-28 22:28:32.999
1,660805.0,6608.0,21.0,Yamananagar,Haryana,30.200000000000003,77.2,30.200000000000003,77.2,2017-03-27 22:33:41.000
1,660805.0,6608.0,21.0,Yamananagar,Haryana,30.200000000000003,77.2,30.200000000000003,77.2,2016-12-18 02:54:00.000
1,660805.0,6608.0,21.0,Yamananagar,Haryana,30.200000000000003,77.2,30.200000000000003,77.2,2017-01-17 03:11:05.999
1,660805.0,6608.0,21.0,Yamananagar,Haryana,30.200000000000003,77.2,30.200000000000003,77.2,2017-01-24 02:31:57.999
1,660805.0,6608.0,21.0,Yamananagar,Haryana,30.200000000000003,77.2,30.200000000000003,77.2,2017-03-28 22:28:02.000
1,660805.0,6608.0,21.0,Yamananagar,Haryana,30.200000000000003,77.2,30.200000000000003,77.2,2017-03-01 00:13:11.000
1,660805.0,6608.0,21.0,Yamananagar,Haryana,30.200000000000003,77.2,30.200000000000003,77.2,2017-01-22 01:51:10.000
1,660805.0,6608.0,21.0,Yamananagar,Haryana,30.200000000000003,77.2,30.200000000000003,77.2,2017-03-27 22:35:21.999
1,660805.0,6608.0,21.0,Yamananagar,Haryana,30.200000000000003,77.2,30.200000000000003,77.2,2017-01-12 03:53:04.000
1,660805.0,6608.0,21.0,Yamananagar,Haryana,30.200000000000003,77.2,30.200000000000003,77.2,2016-12-31 00:31:02.000
1,660806.0,6608.0,21.0,Yamananagar,Haryana,30.200000000000003,77.2,30.200000000000003,77.2,2016-12-08 01:25:00.000
1,660806.0,6608.0,21.0,Yamananagar,Haryana,30.200000000000003,77.2,30.200000000000003,77.2,2017-03-08 23:48:00.000
1,660806.0,6608.0,21.0,Yamananagar,Haryana,30.200000000000003,77.2,30.200000000000003,77.2,2017-01-01 02:45:51.000
1,660806.0,6608.0,21.0,Yamananagar,Haryana,30.200000000000003,77.2,30.200000000000003,77.2,2017-03-02 23:25:37.000
1,660806.0,6608.0,21.0,Yamananagar,Haryana,30.200000000000003,77.2,30.200000000000003,77.2,2016-12-02 00:30:00.000
1,660806.0,6608.0,21.0,Yamananagar,Haryana,30.200000000000003,77.2,30.200000000000003,77.2,2017-03-04 22:36:41.000
1,660806.0,6608.0,21.0,Yamananagar,Haryana,30.200000000000003,77.2,30.200000000000003,77.2,2016-12-11 00:27:00.000
1,660806.0,6608.0,21.0,Yamananagar,Haryana,30.200000000000003,77.2,30.200000000000003,77.2,2017-02-22 23:46:57.000
1,660806.0,6608.0,21.0,Yamananagar,Haryana,30.200000000000003,77.2,30.200000000000003,77.2,2016-11-27 00:53:00.000
1,660806.0,6608.0,21.0,Yamananagar,Haryana,30.200000000000003,77.2,30.200000000000003,77.2,2016-11-23 00:59:59.999
1,660806.0,6608.0,21.0,Yamananagar,Haryana,30.200000000000003,77.2,30.200000000000003,77.2,2017-01-05 22:31:39.000
1,660806.0,6608.0,21.0,Yamananagar,Haryana,30.200000000000003,77.2,30.200000000000003,77.2,2017-03-02 22:18:00.999
1,660806.0,6608.0,21.0,Yamananagar,Haryana,30.200000000000003,77.2,30.200000000000003,77.2,2017-02-03 03:37:04.000
1,660806.0,6608.0,21.0,Yamananagar,Haryana,30.200000000000003,77.2,30.200000000000003,77.2,2017-03-16 23:51:22.000
1,660806.0,6608.0,21.0,Yamananagar,Haryana,30.200000000000003,77.2,30.200000000000003,77.2,2017-03-19 23:58:15.000
1,660806.0,6608.0,21.0,Yamananagar,Haryana,30.200000000000003,77.2,30.200000000000003,77.2,2017-01-25 02:25:01.000
1,660806.0,6608.0,21.0,Yamananagar,Haryana,30.200000000000003,77.2,30.200000000000003,77.2,2016-12-04 00:24:00.000
1,660806.0,6608.0,21.0,Yamananagar,Haryana,30.200000000000003,77.2,30.200000000000003,77.2,2017-01-02 05:17:31.000
1,660806.0,6608.0,21.0,Yamananagar,Haryana,30.200000000000003,77.2,30.200000000000003,77.2,2016-11-24 00:24:00.000
1,660806.0,6608.0,21.0,Yamananagar,Haryana,30.200000000000003,77.2,30.200000000000003,77.2,2017-02-15 01:01:01.000
1,660806.0,6608.0,21.0,Yamananagar,Haryana,30.200000000000003,77.2,30.200000000000003,77.2,2017-01-08 05:33:07.000
1,660806.0,6608.0,21.0,Yamananagar,Haryana,30.200000000000003,77.2,30.200000000000003,77.2,2017-02-02 01:52:09.000
1,660806.0,6608.0,21.0,Yamananagar,Haryana,30.200000000000003,77.2,30.200000000000003,77.2,2017-02-24 00:17:27.000
1,660806.0,6608.0,21.0,Yamananagar,Haryana,30.200000000000003,77.2,30.200000000000003,77.2,2017-03-11 23:28:38.000
1,660806.0,6608.0,21.0,Yamananagar,Haryana,30.200000000000003,77.2,30.200000000000003,77.2,2017-02-05 03:34:09.000
1,660806.0,6608.0,21.0,Yamananagar,Haryana,30.200000000000003,77.2,30.200000000000003,77.2,2017-02-14 01:54:31.000
1,660806.0,6608.0,21.0,Yamananagar,Haryana,30.200000000000003,77.2,30.200000000000003,77.2,2017-02-22 23:44:33.000
1,660806.0,6608.0,21.0,Yamananagar,Haryana,30.200000000000003,77.2,30.200000000000003,77.2,2017-01-22 22:09:36.000
1,660806.0,6608.0,21.0,Yamananagar,Haryana,30.200000000000003,77.2,30.200000000000003,77.2,2017-01-16 03:53:53.000
1,660806.0,6608.0,21.0,Yamananagar,Haryana,30.200000000000003,77.2,30.200000000000003,77.2,2016-12-14 00:20:59.999
1,660806.0,6608.0,21.0,Yamananagar,Haryana,30.200000000000003,77.2,30.200000000000003,77.2,2017-01-16 03:55:41.999
1,660806.0,6608.0,21.0,Yamananagar,Haryana,30.200000000000003,77.2,30.200000000000003,77.2,2016-11-11 00:39:00.000
1,660806.0,6608.0,21.0,Yamananagar,Haryana,30.200000000000003,77.2,30.200000000000003,77.2,2017-02-12 22:57:45.000
1,660806.0,6608.0,21.0,Yamananagar,Haryana,30.200000000000003,77.2,30.200000000000003,77.2,2016-11-11 00:55:00.000
1,660806.0,6608.0,21.0,Yamananagar,Haryana,30.200000000000003,77.2,30.200000000000003,77.2,2017-01-24 02:26:18.000
1,660809.0,6608.0,21.0,Yamananagar,Haryana,30.200000000000003,77.2,30.200000000000003,77.2,2016-11-22 22:50:00.000
1,660809.0,6608.0,21.0,Yamananagar,Haryana,30.200000000000003,77.2,30.200000000000003,77.2,2016-11-22 04:05:00.000
1,660809.0,6608.0,21.0,Yamananagar,Haryana,30.200000000000003,77.2,30.200000000000003,77.2,2017-03-28 01:23:14.000
1,660809.0,6608.0,21.0,Yamananagar,Haryana,30.200000000000003,77.2,30.200000000000003,77.2,2016-10-28 05:45:59.999
1,660809.0,6608.0,21.0,Yamananagar,Haryana,30.200000000000003,77.2,30.200000000000003,77.2,2016-11-10 22:09:59.999
1,660809.0,6608.0,21.0,Yamananagar,Haryana,30.200000000000003,77.2,30.200000000000003,77.2,2016-11-18 22:04:00.000
1,660809.0,6608.0,21.0,Yamananagar,Haryana,30.200000000000003,77.2,30.200000000000003,77.2,2016-11-18 22:05:00.000
1,660809.0,6608.0,21.0,Yamananagar,Haryana,30.200000000000003,77.2,30.200000000000003,77.2,2017-03-09 01:06:21.000
1,660809.0,6608.0,21.0,Yamananagar,Haryana,30.200000000000003,77.2,30.200000000000003,77.2,2016-12-07 23:41:00.000
1,660809.0,6608.0,21.0,Yamananagar,Haryana,30.200000000000003,77.2,30.200000000000003,77.2,2017-02-16 00:07:11.000
1,660809.0,6608.0,21.0,Yamananagar,Haryana,30.200000000000003,77.2,30.200000000000003,77.2,2016-11-29 03:53:59.999
1,660809.0,6608.0,21.0,Yamananagar,Haryana,30.200000000000003,77.2,30.200000000000003,77.2,2016-11-26 02:26:59.999
1,660809.0,6608.0,21.0,Yamananagar,Haryana,30.200000000000003,77.2,30.200000000000003,77.2,2016-12-06 01:59:00.000
1,660809.0,6608.0,21.0,Yamananagar,Haryana,30.200000000000003,77.2,30.200000000000003,77.2,2016-11-24 00:16:00.000
1,660809.0,6608.0,21.0,Yamananagar,Haryana,30.200000000000003,77.2,30.200000000000003,77.2,2017-02-02 06:08:52.000
1,660809.0,6608.0,21.0,Yamananagar,Haryana,30.200000000000003,77.2,30.200000000000003,77.2,2017-02-27 01:30:14.000
1,660809.0,6608.0,21.0,Yamananagar,Haryana,30.200000000000003,77.2,30.200000000000003,77.2,2017-02-13 04:06:09.000
1,660809.0,6608.0,21.0,Yamananagar,Haryana,30.200000000000003,77.2,30.200000000000003,77.2,2016-11-17 23:03:59.999
1,660809.0,6608.0,21.0,Yamananagar,Haryana,30.200000000000003,77.2,30.200000000000003,77.2,2017-02-11 23:55:02.999
1,660809.0,6608.0,21.0,Yamananagar,Haryana,30.200000000000003,77.2,30.200000000000003,77.2,2016-11-17 23:00:59.999
1,660809.0,6608.0,21.0,Yamananagar,Haryana,30.200000000000003,77.2,30.200000000000003,77.2,2017-02-11 23:55:55.000
1,660809.0,6608.0,21.0,Yamananagar,Haryana,30.200000000000003,77.2,30.200000000000003,77.2,2017-02-07 04:56:36.000
1,660809.0,6608.0,21.0,Yamananagar,Haryana,30.200000000000003,77.2,30.200000000000003,77.2,2017-02-07 04:57:51.999
1,660809.0,6608.0,21.0,Yamananagar,Haryana,30.200000000000003,77.2,30.200000000000003,77.2,2016-10-28 04:50:59.999
1,660809.0,6608.0,21.0,Yamananagar,Haryana,30.200000000000003,77.2,30.200000000000003,77.2,2017-01-15 04:36:39.999
1,660809.0,6608.0,21.0,Yamananagar,Haryana,30.200000000000003,77.2,30.200000000000003,77.2,2016-10-29 04:15:00.000
1,660809.0,6608.0,21.0,Yamananagar,Haryana,30.200000000000003,77.2,30.200000000000003,77.2,2017-01-25 02:42:35.999
1,660809.0,6608.0,21.0,Yamananagar,Haryana,30.200000000000003,77.2,30.200000000000003,77.2,2017-02-07 04:57:12.000
1,660809.0,6608.0,21.0,Yamananagar,Haryana,30.200000000000003,77.2,30.200000000000003,77.2,2016-12-06 01:54:00.000
1,660809.0,6608.0,21.0,Yamananagar,Haryana,30.200000000000003,77.2,30.200000000000003,77.2,2016-12-18 03:40:59.999
1,660809.0,6608.0,21.0,Yamananagar,Haryana,30.200000000000003,77.2,30.200000000000003,77.2,2016-12-06 01:57:59.999
1,660809.0,6608.0,21.0,Yamananagar,Haryana,30.200000000000003,77.2,30.200000000000003,77.2,2016-10-29 04:15:00.000
1,660809.0,6608.0,21.0,Yamananagar,Haryana,30.200000000000003,77.2,30.200000000000003,77.2,2016-11-10 22:09:00.000
1,660809.0,6608.0,21.0,Yamananagar,Haryana,30.200000000000003,77.2,30.200000000000003,77.2,2016-11-17 23:08:00.000
1,660809.0,6608.0,21.0,Yamananagar,Haryana,30.200000000000003,77.2,30.200000000000003,77.2,2017-02-27 01:30:46.000
1,660809.0,6608.0,21.0,Yamananagar,Haryana,30.200000000000003,77.2,30.200000000000003,77.2,2016-12-19 02:13:00.000
1,660809.0,6608.0,21.0,Yamananagar,Haryana,30.200000000000003,77.2,30.200000000000003,77.2,2016-11-10 22:09:59.999
1,660809.0,6608.0,21.0,Yamananagar,Haryana,30.200000000000003,77.2,30.200000000000003,77.2,2016-11-03 06:01:00.000
1,660809.0,6608.0,21.0,Yamananagar,Haryana,30.200000000000003,77.2,30.200000000000003,77.2,2016-11-22 22:47:59.999
1,660809.0,6608.0,21.0,Yamananagar,Haryana,30.200000000000003,77.2,30.200000000000003,77.2,2017-01-14 04:04:36.999
1,660809.0,6608.0,21.0,Yamananagar,Haryana,30.200000000000003,77.2,30.200000000000003,77.2,2016-12-18 03:40:00.000
1,660809.0,6608.0,21.0,Yamananagar,Haryana,30.200000000000003,77.2,30.200000000000003,77.2,2016-12-06 01:57:59.999
1,660809.0,6608.0,21.0,Yamananagar,Haryana,30.200000000000003,77.2,30.200000000000003,77.2,2016-12-06 01:59:00.000
1,660809.0,6608.0,21.0,Yamananagar,Haryana,30.200000000000003,77.2,30.200000000000003,77.2,2016-11-10 22:11:00.000
1,660809.0,6608.0,21.0,Yamananagar,Haryana,30.200000000000003,77.2,30.200000000000003,77.2,2017-02-21 04:02:38.000
1,660809.0,6608.0,21.0,Yamananagar,Haryana,30.200000000000003,77.2,30.200000000000003,77.2,2016-11-22 04:07:00.000
1,660809.0,6608.0,21.0,Yamananagar,Haryana,30.200000000000003,77.2,30.200000000000003,77.2,2016-12-13 04:09:59.999
1,660809.0,6608.0,21.0,Yamananagar,Haryana,30.200000000000003,77.2,30.200000000000003,77.2,2016-12-19 02:13:00.000
1,660809.0,6608.0,21.0,Yamananagar,Haryana,30.200000000000003,77.2,30.200000000000003,77.2,2017-02-02 06:08:08.000
1,660809.0,6608.0,21.0,Yamananagar,Haryana,30.200000000000003,77.2,30.200000000000003,77.2,2016-11-17 22:53:00.000
1,660809.0,6608.0,21.0,Yamananagar,Haryana,30.200000000000003,77.2,30.200000000000003,77.2,2017-02-18 23:48:27.999
1,660809.0,6608.0,21.0,Yamananagar,Haryana,30.200000000000003,77.2,30.200000000000003,77.2,2017-02-21 04:01:41.999
1,660809.0,6608.0,21.0,Yamananagar,Haryana,30.200000000000003,77.2,30.200000000000003,77.2,2016-11-18 22:02:59.999
1,660809.0,6608.0,21.0,Yamananagar,Haryana,30.200000000000003,77.2,30.200000000000003,77.2,2016-10-26 00:56:59.999
1,660809.0,6608.0,21.0,Yamananagar,Haryana,30.200000000000003,77.2,30.200000000000003,77.2,2016-11-03 06:01:00.000
1,660809.0,6608.0,21.0,Yamananagar,Haryana,30.200000000000003,77.2,30.200000000000003,77.2,2016-11-26 02:29:00.000
1,660809.0,6608.0,21.0,Yamananagar,Haryana,30.200000000000003,77.2,30.200000000000003,77.2,2016-11-26 02:29:59.999
1,660809.0,6608.0,21.0,Yamananagar,Haryana,30.200000000000003,77.2,30.200000000000003,77.2,2017-01-28 00:36:22.000
1,660809.0,6608.0,21.0,Yamananagar,Haryana,30.200000000000003,77.2,30.200000000000003,77.2,2016-12-07 23:41:00.000
1,660809.0,6608.0,21.0,Yamananagar,Haryana,30.200000000000003,77.2,30.200000000000003,77.2,2016-10-29 04:15:59.999
1,660809.0,6608.0,21.0,Yamananagar,Haryana,30.200000000000003,77.2,30.200000000000003,77.2,2017-02-11 23:56:25.000
1,660809.0,6608.0,21.0,Yamananagar,Haryana,30.200000000000003,77.2,30.200000000000003,77.2,2017-02-13 04:06:42.999
1,660809.0,6608.0,21.0,Yamananagar,Haryana,30.200000000000003,77.2,30.200000000000003,77.2,2017-01-25 02:43:09.000
1,660809.0,6608.0,21.0,Yamananagar,Haryana,30.200000000000003,77.2,30.200000000000003,77.2,2017-02-21 04:03:06.000
1,660809.0,6608.0,21.0,Yamananagar,Haryana,30.200000000000003,77.2,30.200000000000003,77.2,2016-10-28 05:44:00.000
1,660809.0,6608.0,21.0,Yamananagar,Haryana,30.200000000000003,77.2,30.200000000000003,77.2,2017-02-27 01:31:15.000
1,660809.0,6608.0,21.0,Yamananagar,Haryana,30.200000000000003,77.2,30.200000000000003,77.2,2016-11-08 04:54:00.000
1,660809.0,6608.0,21.0,Yamananagar,Haryana,30.200000000000003,77.2,30.200000000000003,77.2,2017-04-08 22:39:28.999
1,660809.0,6608.0,21.0,Yamananagar,Haryana,30.200000000000003,77.2,30.200000000000003,77.2,2016-11-15 22:15:59.999
1,660809.0,6608.0,21.0,Yamananagar,Haryana,30.200000000000003,77.2,30.200000000000003,77.2,2017-02-13 04:07:23.000
1,660809.0,6608.0,21.0,Yamananagar,Haryana,30.200000000000003,77.2,30.200000000000003,77.2,2017-01-15 04:37:54.000
1,660809.0,6608.0,21.0,Yamananagar,Haryana,30.200000000000003,77.2,30.200000000000003,77.2,2016-10-31 00:55:00.000
1,660809.0,6608.0,21.0,Yamananagar,Haryana,30.200000000000003,77.2,30.200000000000003,77.2,2016-12-07 23:41:00.000
1,660809.0,6608.0,21.0,Yamananagar,Haryana,30.200000000000003,77.2,30.200000000000003,77.2,2016-11-15 22:18:00.000
1,660809.0,6608.0,21.0,Yamananagar,Haryana,30.200000000000003,77.2,30.200000000000003,77.2,2017-01-13 03:49:35.000
1,660809.0,6608.0,21.0,Yamananagar,Haryana,30.200000000000003,77.2,30.200000000000003,77.2,2016-12-07 23:39:59.999
1,660809.0,6608.0,21.0,Yamananagar,Haryana,30.200000000000003,77.2,30.200000000000003,77.2,2016-11-29 03:53:00.000
1,660809.0,6608.0,21.0,Yamananagar,Haryana,30.200000000000003,77.2,30.200000000000003,77.2,2017-03-06 01:11:36.000
1,660809.0,6608.0,21.0,Yamananagar,Haryana,30.200000000000003,77.2,30.200000000000003,77.2,2017-04-08 22:38:55.000
1,660809.0,6608.0,21.0,Yamananagar,Haryana,30.200000000000003,77.2,30.200000000000003,77.2,2016-12-19 02:13:59.999
1,660809.0,6608.0,21.0,Yamananagar,Haryana,30.200000000000003,77.2,30.200000000000003,77.2,2016-11-04 23:35:59.999
1,660809.0,6608.0,21.0,Yamananagar,Haryana,30.200000000000003,77.2,30.200000000000003,77.2,2017-03-26 00:49:02.000
1,660809.0,6608.0,21.0,Yamananagar,Haryana,30.200000000000003,77.2,30.200000000000003,77.2,2017-01-14 04:05:11.000
1,660809.0,6608.0,21.0,Yamananagar,Haryana,30.200000000000003,77.2,30.200000000000003,77.2,2016-12-07 23:42:00.000
1,660809.0,6608.0,21.0,Yamananagar,Haryana,30.200000000000003,77.2,30.200000000000003,77.2,2016-12-18 03:40:59.999
1,660809.0,6608.0,21.0,Yamananagar,Haryana,30.200000000000003,77.2,30.200000000000003,77.2,2017-03-09 01:07:01.999
1,660809.0,6608.0,21.0,Yamananagar,Haryana,30.200000000000003,77.2,30.200000000000003,77.2,2016-11-04 23:37:00.000
1,660809.0,6608.0,21.0,Yamananagar,Haryana,30.200000000000003,77.2,30.200000000000003,77.2,2017-01-13 03:49:03.999
1,660809.0,6608.0,21.0,Yamananagar,Haryana,30.200000000000003,77.2,30.200000000000003,77.2,2016-11-10 22:09:00.000
1,660809.0,6608.0,21.0,Yamananagar,Haryana,30.200000000000003,77.2,30.200000000000003,77.2,2017-02-16 00:05:39.000
1,660809.0,6608.0,21.0,Yamananagar,Haryana,30.200000000000003,77.2,30.200000000000003,77.2,2016-11-17 23:06:59.999
1,660809.0,6608.0,21.0,Yamananagar,Haryana,30.200000000000003,77.2,30.200000000000003,77.2,2016-11-08 04:54:00.000
1,660809.0,6608.0,21.0,Yamananagar,Haryana,30.200000000000003,77.2,30.200000000000003,77.2,2017-02-16 00:06:25.000
1,660809.0,6608.0,21.0,Yamananagar,Haryana,30.200000000000003,77.2,30.200000000000003,77.2,2017-01-13 03:48:12.000
1,660809.0,6608.0,21.0,Yamananagar,Haryana,30.200000000000003,77.2,30.200000000000003,77.2,2016-10-31 00:56:00.000
1,660809.0,6608.0,21.0,Yamananagar,Haryana,30.200000000000003,77.2,30.200000000000003,77.2,2017-03-09 01:07:30.000
1,660809.0,6608.0,21.0,Yamananagar,Haryana,30.200000000000003,77.2,30.200000000000003,77.2,2016-11-03 06:01:59.999
1,660809.0,6608.0,21.0,Yamananagar,Haryana,30.200000000000003,77.2,30.200000000000003,77.2,2016-11-15 22:17:00.000
1,660809.0,6608.0,21.0,Yamananagar,Haryana,30.200000000000003,77.2,30.200000000000003,77.2,2017-01-28 00:35:38.000
1,660809.0,6608.0,21.0,Yamananagar,Haryana,30.200000000000003,77.2,30.200000000000003,77.2,2017-04-10 06:55:56.000
1,660809.0,6608.0,21.0,Yamananagar,Haryana,30.200000000000003,77.2,30.200000000000003,77.2,2017-02-18 23:47:55.000
1,660809.0,6608.0,21.0,Yamananagar,Haryana,30.200000000000003,77.2,30.200000000000003,77.2,2017-03-01 02:13:27.000
1,660809.0,6608.0,21.0,Yamananagar,Haryana,30.200000000000003,77.2,30.200000000000003,77.2,2016-12-06 01:57:59.999
1,660809.0,6608.0,21.0,Yamananagar,Haryana,30.200000000000003,77.2,30.200000000000003,77.2,2016-11-24 00:20:59.999
1,660809.0,6608.0,21.0,Yamananagar,Haryana,30.200000000000003,77.2,30.200000000000003,77.2,2016-11-08 04:54:59.999
1,660809.0,6608.0,21.0,Yamananagar,Haryana,30.200000000000003,77.2,30.200000000000003,77.2,2016-11-26 02:29:00.000
1,660809.0,6608.0,21.0,Yamananagar,Haryana,30.200000000000003,77.2,30.200000000000003,77.2,2016-12-06 01:57:00.000
1,660809.0,6608.0,21.0,Yamananagar,Haryana,30.200000000000003,77.2,30.200000000000003,77.2,2017-03-17 06:41:53.000
1,660809.0,6608.0,21.0,Yamananagar,Haryana,30.200000000000003,77.2,30.200000000000003,77.2,2017-03-01 02:12:43.000
1,660809.0,6608.0,21.0,Yamananagar,Haryana,30.200000000000003,77.2,30.200000000000003,77.2,2017-01-15 04:36:03.000
1,660809.0,6608.0,21.0,Yamananagar,Haryana,30.200000000000003,77.2,30.200000000000003,77.2,2016-11-22 22:50:00.000
1,660809.0,6608.0,21.0,Yamananagar,Haryana,30.200000000000003,77.2,30.200000000000003,77.2,2016-11-15 22:17:00.000
1,660809.0,6608.0,21.0,Yamananagar,Haryana,30.200000000000003,77.2,30.200000000000003,77.2,2017-03-11 04:45:29.000
1,660810.0,6608.0,21.0,Yamananagar,Haryana,30.200000000000003,77.2,30.200000000000003,77.2,2017-01-20 01:49:43.000
1,660810.0,6608.0,21.0,Yamananagar,Haryana,30.200000000000003,77.2,30.200000000000003,77.2,2016-12-17 00:52:00.000
1,660810.0,6608.0,21.0,Yamananagar,Haryana,30.200000000000003,77.2,30.200000000000003,77.2,2016-12-06 01:21:59.999
1,660810.0,6608.0,21.0,Yamananagar,Haryana,30.200000000000003,77.2,30.200000000000003,77.2,2017-01-30 03:11:43.999
1,660810.0,6608.0,21.0,Yamananagar,Haryana,30.200000000000003,77.2,30.200000000000003,77.2,2016-12-19 02:58:59.999
1,660810.0,6608.0,21.0,Yamananagar,Haryana,30.200000000000003,77.2,30.200000000000003,77.2,2016-12-01 00:59:00.000
1,660810.0,6608.0,21.0,Yamananagar,Haryana,30.200000000000003,77.2,,,2017-04-10 07:28:05.120
1,660810.0,6608.0,21.0,Yamananagar,Haryana,30.200000000000003,77.2,30.200000000000003,77.2,2017-01-07 22:14:08.000
1,660810.0,6608.0,21.0,Yamananagar,Haryana,30.200000000000003,77.2,30.200000000000003,77.2,2016-12-19 02:58:00.000
1,660810.0,6608.0,21.0,Yamananagar,Haryana,30.200000000000003,77.2,30.200000000000003,77.2,2017-02-17 00:33:35.999
1,660810.0,6608.0,21.0,Yamananagar,Haryana,30.200000000000003,77.2,30.200000000000003,77.2,2017-02-26 00:21:40.999
1,660810.0,6608.0,21.0,Yamananagar,Haryana,30.200000000000003,77.2,,,2017-04-10 07:28:05.120
1,660810.0,6608.0,21.0,Yamananagar,Haryana,30.200000000000003,77.2,30.200000000000003,77.2,2017-01-11 05:19:00.999
1,660810.0,6608.0,21.0,Yamananagar,Haryana,30.200000000000003,77.2,,,2017-04-10 07:28:05.120
1,660810.0,6608.0,21.0,Yamananagar,Haryana,30.200000000000003,77.2,30.200000000000003,77.2,2017-02-17 22:21:06.999
1,660810.0,6608.0,21.0,Yamananagar,Haryana,30.200000000000003,77.2,30.200000000000003,77.2,2017-01-09 20:35:08.999
1,660810.0,6608.0,21.0,Yamananagar,Haryana,30.200000000000003,77.2,30.200000000000003,77.2,2016-12-01 01:01:00.000
1,660810.0,6608.0,21.0,Yamananagar,Haryana,30.200000000000003,77.2,30.200000000000003,77.2,2017-01-18 03:50:13.000
1,660810.0,6608.0,21.0,Yamananagar,Haryana,30.200000000000003,77.2,30.200000000000003,77.2,2017-03-07 02:22:59.000
1,660810.0,6608.0,21.0,Yamananagar,Haryana,30.200000000000003,77.2,30.200000000000003,77.2,2017-03-29 06:38:46.000
1,660810.0,6608.0,21.0,Yamananagar,Haryana,30.200000000000003,77.2,30.200000000000003,77.2,2017-01-12 23:51:43.000
1,660810.0,6608.0,21.0,Yamananagar,Haryana,30.200000000000003,77.2,30.200000000000003,77.2,2016-12-16 23:41:00.000
1,660810.0,6608.0,21.0,Yamananagar,Haryana,30.200000000000003,77.2,,,2017-04-10 07:28:05.120
1,660810.0,6608.0,21.0,Yamananagar,Haryana,30.200000000000003,77.2,30.200000000000003,77.2,2017-01-14 01:40:01.000
1,660810.0,6608.0,21.0,Yamananagar,Haryana,30.200000000000003,77.2,30.200000000000003,77.2,2016-11-27 01:41:59.999
1,660810.0,6608.0,21.0,Yamananagar,Haryana,30.200000000000003,77.2,30.200000000000003,77.2,2017-03-12 22:50:24.000
1,660810.0,6608.0,21.0,Yamananagar,Haryana,30.200000000000003,77.2,30.200000000000003,77.2,2017-01-18 23:16:43.999
1,660810.0,6608.0,21.0,Yamananagar,Haryana,30.200000000000003,77.2,30.200000000000003,77.2,2016-12-02 23:23:00.000
1,660810.0,6608.0,21.0,Yamananagar,Haryana,30.200000000000003,77.2,30.200000000000003,77.2,2017-03-20 22:43:19.000
1,660810.0,6608.0,21.0,Yamananagar,Haryana,30.200000000000003,77.2,30.200000000000003,77.2,2017-03-25 07:44:00.000
1,660810.0,6608.0,21.0,Yamananagar,Haryana,30.200000000000003,77.2,30.200000000000003,77.2,2017-03-08 02:09:14.000
1,660810.0,6608.0,21.0,Yamananagar,Haryana,30.200000000000003,77.2,30.200000000000003,77.2,2017-03-07 02:24:31.000
1,660811.0,6608.0,21.0,Yamananagar,Haryana,30.200000000000003,77.2,30.200000000000003,77.2,2017-02-21 20:26:45.999
1,660811.0,6608.0,21.0,Yamananagar,Haryana,30.200000000000003,77.2,30.200000000000003,77.2,2016-12-07 02:13:00.000
1,660811.0,6608.0,21.0,Yamananagar,Haryana,30.200000000000003,77.2,,,2017-04-10 08:13:57.632
1,660811.0,6608.0,21.0,Yamananagar,Haryana,30.200000000000003,77.2,30.200000000000003,77.2,2016-11-21 22:18:59.999
1,660811.0,6608.0,21.0,Yamananagar,Haryana,30.200000000000003,77.2,30.200000000000003,77.2,2016-12-01 21:11:00.000
1,660811.0,6608.0,21.0,Yamananagar,Haryana,30.200000000000003,77.2,30.200000000000003,77.2,2016-12-05 20:55:59.999
1,660811.0,6608.0,21.0,Yamananagar,Haryana,30.200000000000003,77.2,30.200000000000003,77.2,2016-11-21 22:18:00.000
1,660811.0,6608.0,21.0,Yamananagar,Haryana,30.200000000000003,77.2,,,2017-04-10 08:13:57.632
1,660811.0,6608.0,21.0,Yamananagar,Haryana,30.200000000000003,77.2,30.200000000000003,77.2,2017-01-13 21:57:22.000
1,660811.0,6608.0,21.0,Yamananagar,Haryana,30.200000000000003,77.2,30.200000000000003,77.2,2016-12-06 22:18:59.999
1,660811.0,6608.0,21.0,Yamananagar,Haryana,30.200000000000003,77.2,30.200000000000003,77.2,2017-03-13 22:15:27.999
1,660811.0,6608.0,21.0,Yamananagar,Haryana,30.200000000000003,77.2,30.200000000000003,77.2,2017-03-01 21:18:26.999
1,660811.0,6608.0,21.0,Yamananagar,Haryana,30.200000000000003,77.2,30.200000000000003,77.2,2017-01-27 22:46:55.999
1,660811.0,6608.0,21.0,Yamananagar,Haryana,30.200000000000003,77.2,30.200000000000003,77.2,2017-02-07 21:30:00.000
1,660811.0,6608.0,21.0,Yamananagar,Haryana,30.200000000000003,77.2,30.200000000000003,77.2,2016-12-22 22:27:00.000
1,660811.0,6608.0,21.0,Yamananagar,Haryana,30.200000000000003,77.2,30.200000000000003,77.2,2016-12-13 21:11:59.999
1,660811.0,6608.0,21.0,Yamananagar,Haryana,30.200000000000003,77.2,30.200000000000003,77.2,2016-12-15 22:04:00.000
1,660811.0,6608.0,21.0,Yamananagar,Haryana,30.200000000000003,77.2,30.200000000000003,77.2,2016-12-18 23:16:00.000
1,660811.0,6608.0,21.0,Yamananagar,Haryana,30.200000000000003,77.2,30.200000000000003,77.2,2017-01-12 21:24:02.999
1,660811.0,6608.0,21.0,Yamananagar,Haryana,30.200000000000003,77.2,30.200000000000003,77.2,2016-12-12 22:04:00.000
1,660811.0,6608.0,21.0,Yamananagar,Haryana,30.200000000000003,77.2,30.200000000000003,77.2,2017-01-23 21:01:34.000
1,660811.0,6608.0,21.0,Yamananagar,Haryana,30.200000000000003,77.2,30.200000000000003,77.2,2017-03-09 20:53:09.000
1,660818.0,6608.0,21.0,Yamananagar,Haryana,30.200000000000003,77.2,30.200000000000003,77.2,2017-01-14 00:06:00.000
1,660818.0,6608.0,21.0,Yamananagar,Haryana,30.200000000000003,77.2,,,2017-04-10 06:57:30.112
1,660818.0,6608.0,21.0,Yamananagar,Haryana,30.200000000000003,77.2,30.200000000000003,77.2,2016-12-16 23:34:00.000
1,660818.0,6608.0,21.0,Yamananagar,Haryana,30.200000000000003,77.2,30.200000000000003,77.2,2016-12-14 00:59:00.000
1,660818.0,6608.0,21.0,Yamananagar,Haryana,30.200000000000003,77.2,30.200000000000003,77.2,2017-01-18 23:02:03.000
1,660818.0,6608.0,21.0,Yamananagar,Haryana,30.200000000000003,77.2,30.200000000000003,77.2,2016-12-21 00:27:59.999
1,660818.0,6608.0,21.0,Yamananagar,Haryana,30.200000000000003,77.2,30.3,77.2,2016-11-28 01:28:59.999
1,660818.0,6608.0,21.0,Yamananagar,Haryana,30.200000000000003,77.2,,,2017-04-10 06:57:30.112
1,660818.0,6608.0,21.0,Yamananagar,Haryana,30.200000000000003,77.2,30.200000000000003,77.2,2016-11-30 00:01:00.000
1,660818.0,6608.0,21.0,Yamananagar,Haryana,30.200000000000003,77.2,30.3,77.2,2016-12-18 23:51:00.000
1,660818.0,6608.0,21.0,Yamananagar,Haryana,30.200000000000003,77.2,30.200000000000003,77.2,2016-12-02 01:44:00.000
1,660818.0,6608.0,21.0,Yamananagar,Haryana,30.200000000000003,77.2,30.200000000000003,77.2,2016-12-28 00:22:00.000
1,660818.0,6608.0,21.0,Yamananagar,Haryana,30.200000000000003,77.2,30.200000000000003,77.2,2016-11-28 01:24:00.000
1,660818.0,6608.0,21.0,Yamananagar,Haryana,30.200000000000003,77.2,30.200000000000003,77.2,2016-11-28 01:21:59.999
1,660818.0,6608.0,21.0,Yamananagar,Haryana,30.200000000000003,77.2,30.200000000000003,77.2,2016-12-22 22:56:00.000
1,660818.0,6608.0,21.0,Yamananagar,Haryana,30.200000000000003,77.2,30.200000000000003,77.2,2016-12-09 01:37:00.000
1,660818.0,6608.0,21.0,Yamananagar,Haryana,30.200000000000003,77.2,30.200000000000003,77.2,2017-01-07 23:13:23.000
1,660818.0,6608.0,21.0,Yamananagar,Haryana,30.200000000000003,77.2,30.200000000000003,77.2,2016-11-25 23:38:00.000
1,660818.0,6608.0,21.0,Yamananagar,Haryana,30.200000000000003,77.2,30.200000000000003,77.2,2017-02-01 02:00:48.999
1,660818.0,6608.0,21.0,Yamananagar,Haryana,30.200000000000003,77.2,30.200000000000003,77.2,2016-12-07 00:58:00.000
1,660818.0,6608.0,21.0,Yamananagar,Haryana,30.200000000000003,77.2,30.200000000000003,77.2,2017-01-22 00:39:16.000
1,660818.0,6608.0,21.0,Yamananagar,Haryana,30.200000000000003,77.2,30.200000000000003,77.2,2017-01-17 00:54:30.000
1,660818.0,6608.0,21.0,Yamananagar,Haryana,30.200000000000003,77.2,30.200000000000003,77.2,2017-02-11 01:05:27.000
1,660818.0,6608.0,21.0,Yamananagar,Haryana,30.200000000000003,77.2,30.3,77.2,2017-01-25 01:44:29.999
1,660818.0,6608.0,21.0,Yamananagar,Haryana,30.200000000000003,77.2,30.200000000000003,77.2,2016-12-26 02:42:00.000
1,660818.0,6608.0,21.0,Yamananagar,Haryana,30.200000000000003,77.2,30.200000000000003,77.2,2017-02-01 02:01:57.000
1,660818.0,6608.0,21.0,Yamananagar,Haryana,30.200000000000003,77.2,30.200000000000003,77.2,2017-01-10 23:18:17.999
1,660818.0,6608.0,21.0,Yamananagar,Haryana,30.200000000000003,77.2,30.200000000000003,77.2,2016-12-05 01:43:00.000
1,660818.0,6608.0,21.0,Yamananagar,Haryana,30.200000000000003,77.2,30.200000000000003,77.2,2017-01-05 00:13:38.000
1,660818.0,6608.0,21.0,Yamananagar,Haryana,30.200000000000003,77.2,30.200000000000003,77.2,2017-01-30 02:18:01.999
1,660818.0,6608.0,21.0,Yamananagar,Haryana,30.200000000000003,77.2,30.200000000000003,77.2,2016-12-21 00:14:00.000
1,660818.0,6608.0,21.0,Yamananagar,Haryana,30.200000000000003,77.2,30.200000000000003,77.2,2017-02-06 00:13:32.000
1,660821.0,6608.0,21.0,Yamananagar,Haryana,30.200000000000003,77.2,30.200000000000003,77.2,2017-01-14 04:47:21.000
1,660821.0,6608.0,21.0,Yamananagar,Haryana,30.200000000000003,77.2,30.200000000000003,77.2,2017-01-17 04:23:30.000
1,660821.0,6608.0,21.0,Yamananagar,Haryana,30.200000000000003,77.2,30.200000000000003,77.2,2017-02-14 04:28:02.000
1,660821.0,6608.0,21.0,Yamananagar,Haryana,30.200000000000003,77.2,30.200000000000003,77.2,2017-02-01 05:37:58.000
1,660821.0,6608.0,21.0,Yamananagar,Haryana,30.200000000000003,77.2,30.200000000000003,77.2,2016-12-21 23:51:00.000
1,660821.0,6608.0,21.0,Yamananagar,Haryana,30.200000000000003,77.2,30.200000000000003,77.2,2016-12-19 23:42:59.999
1,660821.0,6608.0,21.0,Yamananagar,Haryana,30.200000000000003,77.2,30.200000000000003,77.2,2017-01-15 04:02:40.000
1,660821.0,6608.0,21.0,Yamananagar,Haryana,30.200000000000003,77.2,30.200000000000003,77.2,2017-03-02 23:36:23.000
1,660821.0,6608.0,21.0,Yamananagar,Haryana,30.200000000000003,77.2,30.200000000000003,77.2,2017-01-13 05:08:19.000
1,660821.0,6608.0,21.0,Yamananagar,Haryana,30.200000000000003,77.2,30.200000000000003,77.2,2017-02-12 01:33:17.000
1,660821.0,6608.0,21.0,Yamananagar,Haryana,30.200000000000003,77.2,30.200000000000003,77.2,2017-01-25 04:14:24.000
1,660821.0,6608.0,21.0,Yamananagar,Haryana,30.200000000000003,77.2,30.200000000000003,77.2,2016-12-23 04:38:00.000
1,660821.0,6608.0,21.0,Yamananagar,Haryana,30.200000000000003,77.2,30.200000000000003,77.2,2016-11-30 04:31:00.000
1,660821.0,6608.0,21.0,Yamananagar,Haryana,30.200000000000003,77.2,30.200000000000003,77.2,2016-11-22 02:03:59.999
1,660821.0,6608.0,21.0,Yamananagar,Haryana,30.200000000000003,77.2,30.200000000000003,77.2,2016-12-24 04:34:59.999
1,660821.0,6608.0,21.0,Yamananagar,Haryana,30.200000000000003,77.2,30.200000000000003,77.2,2017-02-05 05:05:47.000
1,660821.0,6608.0,21.0,Yamananagar,Haryana,30.200000000000003,77.2,30.200000000000003,77.2,2017-01-05 03:24:16.999
1,660821.0,6608.0,21.0,Yamananagar,Haryana,30.200000000000003,77.2,30.200000000000003,77.2,2016-12-15 04:54:00.000
1,660821.0,6608.0,21.0,Yamananagar,Haryana,30.200000000000003,77.2,30.200000000000003,77.2,2017-02-09 04:33:32.000
1,660821.0,6608.0,21.0,Yamananagar,Haryana,30.200000000000003,77.2,30.200000000000003,77.2,2017-01-11 03:42:57.000
1,660821.0,6608.0,21.0,Yamananagar,Haryana,30.200000000000003,77.2,30.200000000000003,77.2,2017-03-07 03:14:59.000
1,660821.0,6608.0,21.0,Yamananagar,Haryana,30.200000000000003,77.2,30.200000000000003,77.2,2016-11-22 02:00:59.999
1,660821.0,6608.0,21.0,Yamananagar,Haryana,30.200000000000003,77.2,30.200000000000003,77.2,2017-02-07 03:10:57.000
1,660821.0,6608.0,21.0,Yamananagar,Haryana,30.200000000000003,77.2,30.200000000000003,77.2,2017-02-08 04:58:20.000
1,660821.0,6608.0,21.0,Yamananagar,Haryana,30.200000000000003,77.2,30.200000000000003,77.2,2017-03-11 05:40:47.000
1,660821.0,6608.0,21.0,Yamananagar,Haryana,30.200000000000003,77.2,30.200000000000003,77.2,2017-01-22 03:15:45.999
1,660821.0,6608.0,21.0,Yamananagar,Haryana,30.200000000000003,77.2,30.200000000000003,77.2,2016-12-27 04:18:59.999
1,660821.0,6608.0,21.0,Yamananagar,Haryana,30.200000000000003,77.2,30.200000000000003,77.2,2017-01-06 05:01:26.000
1,660821.0,6608.0,21.0,Yamananagar,Haryana,30.200000000000003,77.2,30.200000000000003,77.2,2017-02-21 01:39:25.000
1,660821.0,6608.0,21.0,Yamananagar,Haryana,30.200000000000003,77.2,30.200000000000003,77.2,2017-02-27 06:31:09.000
1,660825.0,6608.0,21.0,Yamananagar,Haryana,30.200000000000003,77.2,30.200000000000003,77.2,2017-03-02 22:15:47.000
1,660825.0,6608.0,21.0,Yamananagar,Haryana,30.200000000000003,77.2,30.200000000000003,77.2,2016-12-29 02:16:59.999
1,660825.0,6608.0,21.0,Yamananagar,Haryana,30.200000000000003,77.2,30.200000000000003,77.2,2017-03-16 22:42:57.000
1,660825.0,6608.0,21.0,Yamananagar,Haryana,30.200000000000003,77.2,30.200000000000003,77.2,2017-02-20 00:25:36.999
1,667801.0,6678.0,13.0,Yamananagar,Haryana,30.200000000000003,77.4,30.1,77.4,2017-01-13 02:26:16.000
1,667801.0,6678.0,13.0,Yamananagar,Haryana,30.200000000000003,77.4,30.1,77.4,2016-12-02 03:33:59.999
1,667801.0,6678.0,13.0,Yamananagar,Haryana,30.200000000000003,77.4,30.1,77.4,2017-02-16 23:13:07.000
1,667801.0,6678.0,13.0,Yamananagar,Haryana,30.200000000000003,77.4,30.1,77.4,2016-11-30 04:18:59.999
1,667801.0,6678.0,13.0,Yamananagar,Haryana,30.200000000000003,77.4,30.1,77.4,2016-12-14 00:24:00.000
1,667801.0,6678.0,13.0,Yamananagar,Haryana,30.200000000000003,77.4,30.1,77.4,2016-12-16 03:08:00.000
1,667801.0,6678.0,13.0,Yamananagar,Haryana,30.200000000000003,77.4,30.1,77.4,2016-12-11 05:03:00.000
1,667801.0,6678.0,13.0,Yamananagar,Haryana,30.200000000000003,77.4,30.1,77.4,2016-12-11 05:00:59.999
1,667801.0,6678.0,13.0,Yamananagar,Haryana,30.200000000000003,77.4,30.1,77.4,2017-01-18 02:19:19.000
1,667801.0,6678.0,13.0,Yamananagar,Haryana,30.200000000000003,77.4,30.1,77.4,2016-12-21 02:26:00.000
1,667804.0,6678.0,13.0,Yamananagar,Haryana,30.200000000000003,77.4,30.1,77.4,2016-11-04 00:01:00.000
1,667804.0,6678.0,13.0,Yamananagar,Haryana,30.200000000000003,77.4,,,2017-04-10 02:17:52.896
1,667804.0,6678.0,13.0,Yamananagar,Haryana,30.200000000000003,77.4,30.1,77.4,2016-11-16 00:24:59.999
1,667804.0,6678.0,13.0,Yamananagar,Haryana,30.200000000000003,77.4,30.1,77.4,2016-11-07 05:58:00.000
1,667804.0,6678.0,13.0,Yamananagar,Haryana,30.200000000000003,77.4,30.1,77.4,2017-04-07 00:50:40.000
1,667804.0,6678.0,13.0,Yamananagar,Haryana,30.200000000000003,77.4,30.1,77.4,2016-12-16 00:20:59.999
1,667804.0,6678.0,13.0,Yamananagar,Haryana,30.200000000000003,77.4,,,2017-04-10 02:17:52.896
1,667804.0,6678.0,13.0,Yamananagar,Haryana,30.200000000000003,77.4,30.1,77.4,2016-12-08 00:00:00.000
1,667804.0,6678.0,13.0,Yamananagar,Haryana,30.200000000000003,77.4,30.1,77.4,2016-12-30 23:23:43.000
1,667804.0,6678.0,13.0,Yamananagar,Haryana,30.200000000000003,77.4,,,2017-04-10 02:17:52.896
1,667804.0,6678.0,13.0,Yamananagar,Haryana,30.200000000000003,77.4,30.1,77.4,2017-03-01 04:35:45.999
1,667804.0,6678.0,13.0,Yamananagar,Haryana,30.200000000000003,77.4,30.1,77.4,2016-12-25 23:39:00.000
1,667804.0,6678.0,13.0,Yamananagar,Haryana,30.200000000000003,77.4,30.1,77.4,2016-11-21 23:35:59.999
1,667804.0,6678.0,13.0,Yamananagar,Haryana,30.200000000000003,77.4,,,2017-04-10 02:17:52.896
1,667804.0,6678.0,13.0,Yamananagar,Haryana,30.200000000000003,77.4,30.1,77.4,2017-03-05 23:01:18.000
1,667804.0,6678.0,13.0,Yamananagar,Haryana,30.200000000000003,77.4,30.1,77.4,2016-12-10 00:46:00.000
1,667804.0,6678.0,13.0,Yamananagar,Haryana,30.200000000000003,77.4,30.1,77.4,2016-12-22 02:53:00.000
1,667804.0,6678.0,13.0,Yamananagar,Haryana,30.200000000000003,77.4,30.1,77.4,2016-12-14 02:55:00.000
1,667804.0,6678.0,13.0,Yamananagar,Haryana,30.200000000000003,77.4,30.1,77.4,2016-12-05 00:06:00.000
1,667811.0,6678.0,13.0,Yamananagar,Haryana,30.200000000000003,77.4,,,2017-04-10 02:55:01.120
1,667811.0,6678.0,13.0,Yamananagar,Haryana,30.200000000000003,77.4,30.1,77.4,2017-02-15 02:37:20.000
1,667811.0,6678.0,13.0,Yamananagar,Haryana,30.200000000000003,77.4,30.1,77.4,2017-01-29 00:05:09.000
1,667811.0,6678.0,13.0,Yamananagar,Haryana,30.200000000000003,77.4,30.1,77.4,2016-12-30 01:54:00.000
1,667811.0,6678.0,13.0,Yamananagar,Haryana,30.200000000000003,77.4,30.1,77.4,2016-12-28 02:29:00.000
1,667811.0,6678.0,13.0,Yamananagar,Haryana,30.200000000000003,77.4,30.1,77.4,2017-02-12 03:01:19.000
1,667811.0,6678.0,13.0,Yamananagar,Haryana,30.200000000000003,77.4,30.1,77.4,2017-02-22 02:40:01.999
1,667811.0,6678.0,13.0,Yamananagar,Haryana,30.200000000000003,77.4,30.1,77.4,2017-01-08 00:18:02.999
1,667811.0,6678.0,13.0,Yamananagar,Haryana,30.200000000000003,77.4,30.1,77.4,2016-12-18 03:13:00.000
1,667811.0,6678.0,13.0,Yamananagar,Haryana,30.200000000000003,77.4,30.1,77.4,2017-02-01 00:25:28.999
1,667811.0,6678.0,13.0,Yamananagar,Haryana,30.200000000000003,77.4,30.1,77.4,2017-01-03 02:23:45.000
1,667811.0,6678.0,13.0,Yamananagar,Haryana,30.200000000000003,77.4,30.1,77.4,2016-12-14 00:33:00.000
1,667811.0,6678.0,13.0,Yamananagar,Haryana,30.200000000000003,77.4,30.1,77.4,2017-01-18 00:08:40.999
1,667811.0,6678.0,13.0,Yamananagar,Haryana,30.200000000000003,77.4,,,2017-04-10 02:55:01.120
1,667811.0,6678.0,13.0,Yamananagar,Haryana,30.200000000000003,77.4,30.1,77.4,2017-01-20 04:37:41.000
1,667811.0,6678.0,13.0,Yamananagar,Haryana,30.200000000000003,77.4,30.1,77.4,2017-01-06 01:46:52.999
1,667811.0,6678.0,13.0,Yamananagar,Haryana,30.200000000000003,77.4,30.1,77.4,2016-12-20 04:07:00.000
1,667811.0,6678.0,13.0,Yamananagar,Haryana,30.200000000000003,77.4,30.1,77.4,2017-02-03 03:03:11.000
1,667811.0,6678.0,13.0,Yamananagar,Haryana,30.200000000000003,77.4,30.1,77.4,2017-03-31 03:50:45.000
1,667811.0,6678.0,13.0,Yamananagar,Haryana,30.200000000000003,77.4,30.1,77.4,2016-12-26 01:53:00.000
1,667811.0,6678.0,13.0,Yamananagar,Haryana,30.200000000000003,77.4,30.1,77.4,2017-02-09 23:36:29.999
1,667811.0,6678.0,13.0,Yamananagar,Haryana,30.200000000000003,77.4,30.1,77.4,2017-01-11 01:43:14.000
1,667811.0,6678.0,13.0,Yamananagar,Haryana,30.200000000000003,77.4,,,2017-04-10 02:55:01.120
1,667811.0,6678.0,13.0,Yamananagar,Haryana,30.200000000000003,77.4,30.1,77.4,2017-01-25 03:43:46.000
1,667811.0,6678.0,13.0,Yamananagar,Haryana,30.200000000000003,77.4,30.1,77.4,2017-04-05 03:47:45.000
1,667811.0,6678.0,13.0,Yamananagar,Haryana,30.200000000000003,77.4,30.1,77.4,2017-01-13 02:12:08.000
1,667811.0,6678.0,13.0,Yamananagar,Haryana,30.200000000000003,77.4,30.1,77.4,2017-02-08 00:25:42.000
1,667811.0,6678.0,13.0,Yamananagar,Haryana,30.200000000000003,77.4,30.1,77.4,2017-03-23 23:51:51.999
1,667811.0,6678.0,13.0,Yamananagar,Haryana,30.200000000000003,77.4,,,2017-04-10 02:55:01.120
1,667811.0,6678.0,13.0,Yamananagar,Haryana,30.200000000000003,77.4,30.1,77.4,2017-03-17 04:09:36.000
1,667813.0,6678.0,13.0,Yamananagar,Haryana,30.200000000000003,77.4,30.1,77.4,2016-12-10 00:58:00.000
1,667813.0,6678.0,13.0,Yamananagar,Haryana,30.200000000000003,77.4,30.1,77.4,2017-01-29 03:21:48.999
1,667813.0,6678.0,13.0,Yamananagar,Haryana,30.200000000000003,77.4,,,2017-04-10 02:17:52.896
1,667813.0,6678.0,13.0,Yamananagar,Haryana,30.200000000000003,77.4,,,2017-04-10 02:17:52.896
1,667813.0,6678.0,13.0,Yamananagar,Haryana,30.200000000000003,77.4,30.1,77.4,2016-12-08 01:21:00.000
1,667814.0,6678.0,13.0,Yamananagar,Haryana,30.200000000000003,77.4,30.1,77.4,2017-02-01 03:07:27.000
1,667814.0,6678.0,13.0,Yamananagar,Haryana,30.200000000000003,77.4,,,2017-04-10 02:50:38.976
1,667814.0,6678.0,13.0,Yamananagar,Haryana,30.200000000000003,77.4,30.1,77.4,2017-02-22 04:48:10.999
1,667814.0,6678.0,13.0,Yamananagar,Haryana,30.200000000000003,77.4,30.1,77.4,2017-02-18 03:04:19.999
1,667814.0,6678.0,13.0,Yamananagar,Haryana,30.200000000000003,77.4,30.1,77.4,2017-03-27 01:30:44.000
1,667814.0,6678.0,13.0,Yamananagar,Haryana,30.200000000000003,77.4,,,2017-04-10 02:50:38.976
1,667814.0,6678.0,13.0,Yamananagar,Haryana,30.200000000000003,77.4,30.1,77.4,2016-12-14 00:10:00.000
1,667814.0,6678.0,13.0,Yamananagar,Haryana,30.200000000000003,77.4,30.1,77.4,2017-03-13 06:14:48.000
1,667814.0,6678.0,13.0,Yamananagar,Haryana,30.200000000000003,77.4,30.1,77.4,2017-02-10 01:20:07.000
1,667814.0,6678.0,13.0,Yamananagar,Haryana,30.200000000000003,77.4,30.1,77.4,2017-02-08 03:56:56.999
1,667814.0,6678.0,13.0,Yamananagar,Haryana,30.200000000000003,77.4,,,2017-04-10 02:50:38.976
1,667814.0,6678.0,13.0,Yamananagar,Haryana,30.200000000000003,77.4,30.1,77.4,2017-03-18 05:12:00.000
1,667814.0,6678.0,13.0,Yamananagar,Haryana,30.200000000000003,77.4,30.1,77.4,2017-01-18 04:54:42.000
1,667814.0,6678.0,13.0,Yamananagar,Haryana,30.200000000000003,77.4,30.1,77.4,2016-12-16 01:15:59.999
1,667814.0,6678.0,13.0,Yamananagar,Haryana,30.200000000000003,77.4,30.1,77.4,2017-02-20 05:10:29.000
1,667814.0,6678.0,13.0,Yamananagar,Haryana,30.200000000000003,77.4,30.1,77.4,2017-02-06 04:14:38.000
1,667814.0,6678.0,13.0,Yamananagar,Haryana,30.200000000000003,77.4,30.1,77.4,2017-03-03 03:39:38.000
1,667814.0,6678.0,13.0,Yamananagar,Haryana,30.200000000000003,77.4,30.1,77.4,2017-03-09 04:28:13.000
1,667814.0,6678.0,13.0,Yamananagar,Haryana,30.200000000000003,77.4,30.1,77.4,2017-02-16 06:05:13.000
1,667814.0,6678.0,13.0,Yamananagar,Haryana,30.200000000000003,77.4,30.1,77.4,2017-02-14 04:58:09.000
1,667814.0,6678.0,13.0,Yamananagar,Haryana,30.200000000000003,77.4,30.1,77.4,2017-03-21 03:47:25.000
1,667814.0,6678.0,13.0,Yamananagar,Haryana,30.200000000000003,77.4,30.1,77.4,2017-02-24 01:06:32.999
1,667814.0,6678.0,13.0,Yamananagar,Haryana,30.200000000000003,77.4,30.1,77.4,2017-02-04 04:37:35.000
1,667814.0,6678.0,13.0,Yamananagar,Haryana,30.200000000000003,77.4,30.1,77.4,2017-02-27 03:38:23.000
1,667814.0,6678.0,13.0,Yamananagar,Haryana,30.200000000000003,77.4,,,2017-04-10 02:50:38.976
1,667814.0,6678.0,13.0,Yamananagar,Haryana,30.200000000000003,77.4,30.1,77.4,2017-03-01 04:43:52.999
1,667826.0,6678.0,13.0,Yamananagar,Haryana,30.200000000000003,77.4,30.1,77.4,2016-12-28 02:47:00.000
1,667826.0,6678.0,13.0,Yamananagar,Haryana,30.200000000000003,77.4,30.1,77.4,2016-12-19 22:54:59.999
1,667826.0,6678.0,13.0,Yamananagar,Haryana,30.200000000000003,77.4,,,2017-04-10 03:12:29.696
1,667826.0,6678.0,13.0,Yamananagar,Haryana,30.200000000000003,77.4,,,2017-04-10 03:12:29.696
1,667826.0,6678.0,13.0,Yamananagar,Haryana,30.200000000000003,77.4,30.1,77.4,2016-12-23 02:13:00.000
1,667826.0,6678.0,13.0,Yamananagar,Haryana,30.200000000000003,77.4,30.1,77.4,2017-03-09 00:03:43.000
1,667826.0,6678.0,13.0,Yamananagar,Haryana,30.200000000000003,77.4,,,2017-04-10 03:12:29.696
1,667826.0,6678.0,13.0,Yamananagar,Haryana,30.200000000000003,77.4,30.1,77.4,2016-12-02 04:09:59.999
1,667826.0,6678.0,13.0,Yamananagar,Haryana,30.200000000000003,77.4,,,2017-04-10 03:12:29.696
1,667826.0,6678.0,13.0,Yamananagar,Haryana,30.200000000000003,77.4,30.1,77.4,2016-12-25 04:12:59.999
1,667828.0,6678.0,13.0,Yamananagar,Haryana,30.200000000000003,77.4,,,2017-04-10 01:51:40.032
1,667828.0,6678.0,13.0,Yamananagar,Haryana,30.200000000000003,77.4,,,2017-04-10 01:51:40.032
1,667828.0,6678.0,13.0,Yamananagar,Haryana,30.200000000000003,77.4,30.1,77.4,2017-04-08 03:59:16.000
1,667830.0,6678.0,13.0,Yamananagar,Haryana,30.200000000000003,77.4,30.1,77.4,2017-01-25 06:14:00.999
1,667830.0,6678.0,13.0,Yamananagar,Haryana,30.200000000000003,77.4,30.1,77.4,2017-02-22 04:24:22.999
1,667830.0,6678.0,13.0,Yamananagar,Haryana,30.200000000000003,77.4,,,2017-04-10 01:53:51.104
1,667830.0,6678.0,13.0,Yamananagar,Haryana,30.200000000000003,77.4,30.1,77.4,2017-03-08 05:19:46.999
1,667830.0,6678.0,13.0,Yamananagar,Haryana,30.200000000000003,77.4,,,2017-04-10 01:53:51.104
1,667830.0,6678.0,13.0,Yamananagar,Haryana,30.200000000000003,77.4,30.1,77.4,2017-03-11 02:33:07.999
1,667830.0,6678.0,13.0,Yamananagar,Haryana,30.200000000000003,77.4,30.1,77.4,2017-03-19 07:43:44.999
1,667830.0,6678.0,13.0,Yamananagar,Haryana,30.200000000000003,77.4,,,2017-04-10 01:53:51.104
1,667830.0,6678.0,13.0,Yamananagar,Haryana,30.200000000000003,77.4,,,2017-04-10 01:53:51.104
1,667831.0,6678.0,13.0,Yamananagar,Haryana,30.200000000000003,77.4,30.1,77.4,2017-01-29 00:33:19.999
1,667831.0,6678.0,13.0,Yamananagar,Haryana,30.200000000000003,77.4,,,2017-04-10 02:04:46.464
1,667831.0,6678.0,13.0,Yamananagar,Haryana,30.200000000000003,77.4,30.1,77.4,2017-01-07 23:44:25.999
1,667831.0,6678.0,13.0,Yamananagar,Haryana,30.200000000000003,77.4,30.1,77.4,2017-01-18 22:50:34.000
1,667831.0,6678.0,13.0,Yamananagar,Haryana,30.200000000000003,77.4,,,2017-04-10 02:04:46.464
1,667831.0,6678.0,13.0,Yamananagar,Haryana,30.200000000000003,77.4,30.1,77.4,2017-01-25 00:15:37.999
1,667831.0,6678.0,13.0,Yamananagar,Haryana,30.200000000000003,77.4,30.1,77.4,2016-12-26 00:14:59.999
1,667831.0,6678.0,13.0,Yamananagar,Haryana,30.200000000000003,77.4,30.1,77.4,2017-01-21 02:17:10.000
1,667831.0,6678.0,13.0,Yamananagar,Haryana,30.200000000000003,77.4,30.1,77.4,2016-12-23 23:34:00.000
1,667831.0,6678.0,13.0,Yamananagar,Haryana,30.200000000000003,77.4,30.1,77.4,2017-03-19 03:08:24.000
